Sample	JSDistance_HT29Root1	JF01_HT29_0.01_selected	JF01_HT29_0.01_JSD	JF12_HT29_0.01_selected	JF12_HT29_0.01_JSD	JF21_HT29_0.01_selected	JF21_HT29_0.01_JSD	JF27_HT29_0.01_selected	JF27_HT29_0.01_JSD	Nax10_HT29_0.01_selected	Nax10_HT29_0.01_JSD	Nax30_HT29_0.01_selected	Nax30_HT29_0.01_JSD	Nax4_HT29_0.01_selected	Nax4_HT29_0.01_JSD	Nax40_HT29_0.01_selected	Nax40_HT29_0.01_JSD	Nax47_HT29_0.01_selected	Nax47_HT29_0.01_JSD	Nax49_HT29_0.01_selected	Nax49_HT29_0.01_JSD	Nax50_HT29_0.01_selected	Nax50_HT29_0.01_JSD	Nax51_HT29_0.01_selected	Nax51_HT29_0.01_JSD	Nax56_HT29_0.01_selected	Nax56_HT29_0.01_JSD	Nax68_HT29_0.01_selected	Nax68_HT29_0.01_JSD	S1-17_HT29_0.01_selected	S1-17_HT29_0.01_JSD	S11-36_HT29_0.01_selected	S11-36_HT29_0.01_JSD	S1124_HT29_0.01_selected	S1124_HT29_0.01_JSD	S14-51_HT29_0.01_selected	S14-51_HT29_0.01_JSD	Sal102_HT29_0.01_selected	Sal102_HT29_0.01_JSD	Sal2_HT29_0.01_selected	Sal2_HT29_0.01_JSD	Sal22LA_HT29_0.01_selected	Sal22LA_HT29_0.01_JSD	Sal22UA_HT29_0.01_selected	Sal22UA_HT29_0.01_JSD	Sal27_HT29_0.01_selected	Sal27_HT29_0.01_JSD	Sal45_HT29_0.01_selected	Sal45_HT29_0.01_JSD	Sal46_HT29_0.01_selected	Sal46_HT29_0.01_JSD	Sal57_HT29_0.01_selected	Sal57_HT29_0.01_JSD	Sal66_HT29_0.01_selected	Sal66_HT29_0.01_JSD	Sal84_HT29_0.01_selected	Sal84_HT29_0.01_JSD	Sal87_HT29_0.01_selected	Sal87_HT29_0.01_JSD
HT29_G1_1B	0.528390890172221	NA	NA	HT29_G1_1B_2	0.136879292822085	HT29_G1_1B_2	0.042509581394736	HT29_G1_1B_3	0.00885663233523311	HT29_G1_1B_2	0.00214162332053896	HT29_G1_1B_3	0.00634916015547624	HT29_G1_1B_1	0.0113073848273262	HT29_G1_1B_3	0.0912163276589245	HT29_G1_1B_2	0.00814888274518236	HT29_G1_1B_1	0.0230167175489592	HT29_G1_1B_2	0.0042393364637437	HT29_G1_1B_2	0.00793501722896788	HT29_G1_1B_2	0.00854025527170342	HT29_G1_1B_3	0.0125891382059856	HT29_G1_1B_2	0.0114876268807505	HT29_G1_1B_2	0.00556693334373504	HT29_G1_1B_2	0.00662483360293092	HT29_G1_1B_1	0.00875428620764253	HT29_G1_1B_1	0.0199635752320224	HT29_G1_1B_2	0.0229672699122153	HT29_G1_1B_2	0.0236407640145839	HT29_G1_1B_1	0.0146957196703318	HT29_G1_1B_2	0.0116500143070646	HT29_G1_1B_2	0.00773221750396201	HT29_G1_1B_2	0.00934833662796927	HT29_G1_1B_2	0.00547377658439084	HT29_G1_1B_3	0.00769497572155659	HT29_G1_1B_2	0.0065414065680251	HT29_G1_1B_2	0.0025198040161773
HT29_G1_2A	0.347524691002701	NA	NA	HT29_G1_2A_3	0.0321910006553054	HT29_G1_2A_3	0.0343589386041807	HT29_G1_2A_2	0.0197265283489809	HT29_G1_2A_2	0.0168909320139722	HT29_G1_2A_3	0.00739403119769251	HT29_G1_2A_2	0.0101459961453837	HT29_G1_2A_2	0.0144647888422192	HT29_G1_2A_3	0.00872973340379358	HT29_G1_2A_2	0.0132100677914993	HT29_G1_2A_2	0.00225639527396997	HT29_G1_2A_2	0.00974545950396905	HT29_G1_2A_3	0.010500827008061	HT29_G1_2A_3	0.0077713065104605	HT29_G1_2A_3	0.0203154511050744	HT29_G1_2A_3	0.00929975713474675	HT29_G1_2A_2	0.0262656593980816	HT29_G1_2A_2	0.00442159666803963	HT29_G1_2A_2	0.00758507672782879	HT29_G1_2A_2	0.0106866264684572	HT29_G1_2A_2	0.0245050146489998	HT29_G1_2A_1	0.0024384658074351	HT29_G1_2A_2	0.00955385274643585	HT29_G1_2A_2	0.00845721426260902	HT29_G1_2A_1	0.0072888409150444	HT29_G1_2A_2	0.00184582312569834	HT29_G1_2A_3	0.0104913641696535	HT29_G1_2A_2	0.0116014190086655	HT29_G1_2A_2	0.00538252351644347
HT29_G1_3E	0.359093059857627	NA	NA	HT29_G1_3E_3	0.0254731635661708	HT29_G1_3E_1	0.0433125787549876	HT29_G1_3E_2	0.000692093233398644	HT29_G1_3E_1	0.00806408515031174	HT29_G1_3E_3	0.0287529413699198	HT29_G1_3E_2	0.0088338764218522	HT29_G1_3E_3	0.00232216279644784	HT29_G1_3E_2	0.0020043029364039	HT29_G1_3E_2	0.014923087926298	HT29_G1_3E_3	0.0103521640101899	HT29_G1_3E_2	0.0253073317566294	HT29_G1_3E_3	0.00459004210754921	HT29_G1_3E_3	0.00511407883899096	HT29_G1_3E_2	0.0131014884250673	HT29_G1_3E_2	0.00260462419629376	HT29_G1_3E_2	0.0227499339125836	HT29_G1_3E_1	0.0241103549660029	HT29_G1_3E_1	0.0111439754490704	HT29_G1_3E_2	0.000880250130055181	HT29_G1_3E_1	0.0345156136160702	HT29_G1_3E_2	0.00377245453535776	HT29_G1_3E_1	0.0128497349848524	HT29_G1_3E_2	0.00974019795100908	HT29_G1_3E_1	0.00603981555986994	HT29_G1_3E_2	0.00721411621998897	HT29_G1_3E_3	0.0127174775183486	HT29_G1_3E_1	0.00773430146694208	HT29_G1_3E_2	0.0101768120569652
HT29_G1_3F	0.299979129908507	NA	NA	HT29_G1_3F_2	0.0230579252583875	HT29_G1_3F_3	0.038226223731523	HT29_G1_3F_3	0.0139719125411124	HT29_G1_3F_2	0.00419756930034911	NA	NA	HT29_G1_3F_2	0.0097743176817918	NA	NA	HT29_G1_3F_1	0.00576669631551255	HT29_G1_3F_2	0.0102388901851853	HT29_G1_3F_3	0.00465833646975253	HT29_G1_3F_2	0.0130799309991238	HT29_G1_3F_2	0.00233124840888375	HT29_G1_3F_1	0.0132980981143989	HT29_G1_3F_2	0.0120731229854684	HT29_G1_3F_2	0.00458967302163123	HT29_G1_3F_1	0.0200813542736146	HT29_G1_3F_2	0.0133561616516388	HT29_G1_3F_1	0.00631506212302555	HT29_G1_3F_1	0.00495844836594451	HT29_G1_3F_3	0.0157797700703629	HT29_G1_3F_1	0.0111012092834671	HT29_G1_3F_1	0.0141213970991857	HT29_G1_3F_1	0.0105930588647647	HT29_G1_3F_1	0.0127407594455174	HT29_G1_3F_3	0.0136953717779642	HT29_G1_3F_3	0.00913673369511926	HT29_G1_3F_2	0.00816217905193108	HT29_G1_3F_2	0.00467367919285116
HT29_G1_4A	0.311238849107501	NA	NA	HT29_G1_4A_2	0.063340654530239	HT29_G1_4A_3	0.0461120418729574	HT29_G1_4A_3	0.0044683443707319	HT29_G1_4A_2	0.00344501023775173	HT29_G1_4A_3	0.0113211151556231	HT29_G1_4A_1	0.0102963739742243	NA	NA	HT29_G1_4A_2	0.00833117697598068	HT29_G1_4A_2	0.0176909373559764	HT29_G1_4A_3	0.00261911671552439	HT29_G1_4A_2	0.0042246655722482	HT29_G1_4A_3	0.00737798291788681	HT29_G1_4A_3	0.0114450725981831	HT29_G1_4A_2	0.00705250515208217	HT29_G1_4A_2	0.000809347961297973	HT29_G1_4A_1	0.0063790017332002	HT29_G1_4A_2	0.00482028190141783	HT29_G1_4A_2	0.00683341165604668	HT29_G1_4A_2	0.00330265968261592	HT29_G1_4A_1	0.0229789043439614	HT29_G1_4A_2	0.00917189188134111	HT29_G1_4A_1	0.0144086183547875	HT29_G1_4A_2	0.00850112734321199	HT29_G1_4A_1	0.0076291254646751	HT29_G1_4A_1	0.00853518363426519	HT29_G1_4A_3	0.00515072747461849	HT29_G1_4A_2	0.00472695685958329	HT29_G1_4A_1	0.0102666133870687
HT29_G1_4B	0.371266326317822	NA	NA	HT29_G1_4B_1	0.0269197592250101	HT29_G1_4B_3	0.0180520566921621	HT29_G1_4B_3	0.0189204187260916	HT29_G1_4B_2	0.0010858237997764	HT29_G1_4B_3	0.0246846243863168	HT29_G1_4B_3	0.00118764948624107	NA	NA	HT29_G1_4B_1	0.0102567201086324	HT29_G1_4B_1	0.0128114469856445	HT29_G1_4B_2	0.0065454626656774	HT29_G1_4B_1	0.0171413101049638	HT29_G1_4B_2	0.0142156781859421	HT29_G1_4B_3	0.0155184982734891	HT29_G1_4B_3	0.019726135116385	HT29_G1_4B_3	0.010613055935456	HT29_G1_4B_2	0.0143623452573883	HT29_G1_4B_1	0.0117941525868658	HT29_G1_4B_1	0.00979894258683219	HT29_G1_4B_2	0.021784180245178	HT29_G1_4B_1	0.0247654297110714	HT29_G1_4B_1	0.0118834267906038	HT29_G1_4B_2	0.00721950082888857	HT29_G1_4B_3	0.0193293759713737	HT29_G1_4B_1	0.0121781208036717	HT29_G1_4B_1	0.00506927234426729	HT29_G1_4B_3	0.0227546884429419	HT29_G1_4B_1	0.00857310481661457	HT29_G1_4B_1	0.00407514624033692
HT29_G1_4C	0.335416691798736	NA	NA	HT29_G1_4C_2	0.0139906086936698	HT29_G1_4C_3	0.0465447695139408	HT29_G1_4C_2	0.0263058214374093	HT29_G1_4C_3	0.00935349414001608	HT29_G1_4C_2	0.0156044226079308	HT29_G1_4C_1	0.00577103035569245	HT29_G1_4C_3	0.00867693675892384	HT29_G1_4C_2	0.0112047816903898	HT29_G1_4C_2	0.00900395538003959	HT29_G1_4C_3	0.00746436144526666	HT29_G1_4C_3	0.0204165591990938	HT29_G1_4C_3	0.00140379646168639	HT29_G1_4C_2	0.0176520467982439	HT29_G1_4C_1	0.0149725277534835	HT29_G1_4C_1	0.000218364396320234	HT29_G1_4C_3	0.00759945146198463	HT29_G1_4C_2	0.0102233156739607	HT29_G1_4C_3	0.00803911631088189	HT29_G1_4C_1	0.00828013855173274	HT29_G1_4C_2	0.0134566791223058	HT29_G1_4C_2	0.0123079671154982	HT29_G1_4C_1	0.0136901642034852	HT29_G1_4C_1	0.0106391982804995	HT29_G1_4C_2	0.00731418359956477	HT29_G1_4C_2	0.0024475758990089	HT29_G1_4C_2	0.0163324500033971	HT29_G1_4C_2	0.00691162710924145	HT29_G1_4C_3	0.009591347835068
HT29_G1_4F	0.417290183340082	NA	NA	HT29_G1_4F_2	0.0431152311220134	HT29_G1_4F_3	0.0412947077833515	HT29_G1_4F_2	0.0167329532030729	HT29_G1_4F_3	0.00690783354163152	HT29_G1_4F_3	0.0130245579122342	HT29_G1_4F_2	0.00546470319742036	HT29_G1_4F_3	0.00478729024814734	HT29_G1_4F_1	0.00832516914085874	HT29_G1_4F_3	0.00767068681660997	HT29_G1_4F_3	0.00996722365794018	HT29_G1_4F_2	0.00837430928259275	HT29_G1_4F_3	0.00600276915142424	HT29_G1_4F_3	0.0547971443012962	HT29_G1_4F_1	0.0058130569366662	HT29_G1_4F_2	0.00592759058778397	HT29_G1_4F_2	0.0114818273496798	HT29_G1_4F_1	0.00683468892270448	HT29_G1_4F_3	0.0476914627169317	HT29_G1_4F_3	0.0100037828415627	HT29_G1_4F_3	0.0219674979114587	HT29_G1_4F_2	0.0101987419194946	HT29_G1_4F_3	0.00608993432676648	HT29_G1_4F_1	0.0184461505724746	HT29_G1_4F_1	0.0110373174818951	HT29_G1_4F_2	0.00850424556141735	HT29_G1_4F_3	0.00755572035598875	HT29_G1_4F_2	0.0156236312145957	HT29_G1_4F_2	0.00364995528206882
HT29_G1_5A	0.445747093523151	NA	NA	HT29_G1_5A_2	0.0731691462154628	HT29_G1_5A_2	0.0447676923615407	HT29_G1_5A_3	0.0109667786821198	HT29_G1_5A_3	0.0117200237212814	HT29_G1_5A_3	0.0593889104160725	HT29_G1_5A_2	0.0100430252089687	HT29_G1_5A_3	0.00689236600381786	HT29_G1_5A_2	0.00798835512467774	HT29_G1_5A_2	0.0182440511470709	HT29_G1_5A_2	0.00515039836906256	HT29_G1_5A_2	0.0120947536083699	HT29_G1_5A_2	0.0154050822452195	HT29_G1_5A_3	0.0100573562037233	HT29_G1_5A_2	0.00735846688693978	HT29_G1_5A_2	0.00289548422170637	HT29_G1_5A_2	0.0177573052109629	HT29_G1_5A_3	0.0125266312284958	HT29_G1_5A_2	0.00328532850105919	HT29_G1_5A_1	0.0142743117551386	HT29_G1_5A_1	0.0361503243724022	HT29_G1_5A_1	0.00635497356322933	HT29_G1_5A_1	0.018328524113611	HT29_G1_5A_1	0.00519945685496468	HT29_G1_5A_3	0.0047967819646627	HT29_G1_5A_1	0.00351260900218257	HT29_G1_5A_3	0.00995242534895818	HT29_G1_5A_2	0.0148747977891902	HT29_G1_5A_3	0.00259173340225965
HT29_G1_5B	0.375419642428997	NA	NA	HT29_G1_5B_1	0.0288692630096219	HT29_G1_5B_2	0.0252248377604521	HT29_G1_5B_2	0.0136058410476494	HT29_G1_5B_1	0.0108954335572929	HT29_G1_5B_2	0.0449215630692352	HT29_G1_5B_1	0.00132880936781842	HT29_G1_5B_3	0.0147320219613385	HT29_G1_5B_2	0.00853050296807839	HT29_G1_5B_2	0.0184595502528834	HT29_G1_5B_2	0.00410511620063965	HT29_G1_5B_2	0.0226252771310508	HT29_G1_5B_3	0.00663446367225698	HT29_G1_5B_2	0.00525014171288662	HT29_G1_5B_2	0.00642915920053274	HT29_G1_5B_2	0.00320883526275224	HT29_G1_5B_1	0.0199480411317664	HT29_G1_5B_3	0.00917650046860862	HT29_G1_5B_1	0.0231375992473654	HT29_G1_5B_1	0.00681626631662156	HT29_G1_5B_1	0.029556426502349	HT29_G1_5B_1	0.00916798698847328	HT29_G1_5B_2	0.0145179657751777	HT29_G1_5B_1	0.0101384877810725	HT29_G1_5B_2	0.00362300157669054	HT29_G1_5B_2	0.00185799219900647	HT29_G1_5B_3	0.00936566834820241	HT29_G1_5B_2	0.0110088152930575	HT29_G1_5B_2	0.0122840746261162
HT29_G1_5C	0.422583483766406	NA	NA	HT29_G1_5C_3	0.0335332909709698	HT29_G1_5C_2	0.0122757364903443	HT29_G1_5C_3	0.0240706333211251	HT29_G1_5C_2	0.0110597714513544	HT29_G1_5C_1	0.0138027914309962	HT29_G1_5C_2	0.00636521543228774	HT29_G1_5C_3	0.00899348313883409	HT29_G1_5C_2	0.00875809941843046	HT29_G1_5C_2	0.0176176962721158	HT29_G1_5C_3	0.0102328945059349	HT29_G1_5C_2	0.0243036056156942	HT29_G1_5C_3	0.00990472812948341	HT29_G1_5C_3	0.00548054436113152	HT29_G1_5C_3	0.0212040391380532	HT29_G1_5C_3	0.0137560433772302	HT29_G1_5C_2	0.0349197576401414	HT29_G1_5C_1	0.00528145982067303	HT29_G1_5C_2	0.0324595668463839	HT29_G1_5C_2	0.000996716513120592	HT29_G1_5C_1	0.0271074238026391	HT29_G1_5C_1	0.014829245538295	HT29_G1_5C_1	0.0205471254009652	HT29_G1_5C_2	0.00819012260604535	HT29_G1_5C_1	0.0128856103036172	HT29_G1_5C_2	0.00107038031327316	HT29_G1_5C_1	0.0178601637878662	HT29_G1_5C_2	0.0118683790029881	HT29_G1_5C_3	0.013208959136412
HT29_G1_5D	0.36863391508226	NA	NA	HT29_G1_5D_2	0.0207398517025993	HT29_G1_5D_3	0.0229897736441988	HT29_G1_5D_3	0.0122326079585749	HT29_G1_5D_1	0.011428316678888	HT29_G1_5D_1	0.0266733948286556	HT29_G1_5D_2	0.0066174994524382	HT29_G1_5D_3	0.000336732356359261	HT29_G1_5D_1	0.00530574868544005	HT29_G1_5D_1	0.0142068249647538	HT29_G1_5D_1	0.0138974308854218	HT29_G1_5D_1	0.017420788186253	HT29_G1_5D_1	0.0102502190370302	HT29_G1_5D_3	0.0034884947505107	HT29_G1_5D_2	0.00978374348246638	HT29_G1_5D_2	0.000719908253745135	HT29_G1_5D_3	0.0454415502688433	HT29_G1_5D_3	0.00966334280284367	HT29_G1_5D_3	0.0308776536220474	HT29_G1_5D_1	0.00142284159924048	HT29_G1_5D_1	0.0259502947888317	HT29_G1_5D_2	0.00648861176936467	HT29_G1_5D_2	0.012771569678071	HT29_G1_5D_1	0.0127125616772142	HT29_G1_5D_2	0.00870136316661029	HT29_G1_5D_1	0.00717697815450249	HT29_G1_5D_3	0.0106513891875567	HT29_G1_5D_1	0.0120903841651001	HT29_G1_5D_3	0.0085940393346994
HT29_G1_5E	0.417446839991423	NA	NA	HT29_G1_5E_3	0.0424448860023558	HT29_G1_5E_2	0.0226930357481486	HT29_G1_5E_3	0.0124940675619915	HT29_G1_5E_3	0.00484450444958602	HT29_G1_5E_3	0.0290608039775121	HT29_G1_5E_1	0.00267285866137808	HT29_G1_5E_3	0.00651173859454453	HT29_G1_5E_2	0.0578060756411342	HT29_G1_5E_3	0.0255635462269886	HT29_G1_5E_2	0.012743075992115	HT29_G1_5E_2	0.0127556127342709	HT29_G1_5E_1	0.00917100114063807	HT29_G1_5E_3	0.00188672307794702	HT29_G1_5E_1	0.00760489711677045	HT29_G1_5E_2	0.00617210188094988	HT29_G1_5E_2	0.0330561323198817	HT29_G1_5E_2	0.0095214877369711	HT29_G1_5E_2	0.0110169313652758	HT29_G1_5E_2	0.00967804137096247	HT29_G1_5E_3	0.025757878235792	HT29_G1_5E_2	0.00648753196211905	HT29_G1_5E_2	0.0137155496595829	HT29_G1_5E_2	0.01190767476711	HT29_G1_5E_3	0.0092783809788953	HT29_G1_5E_2	0.00636622045133634	HT29_G1_5E_1	0.00625402499529657	HT29_G1_5E_2	0.0100092463574438	HT29_G1_5E_3	0.0099728109844253
HT29_G1_5F	0.296940032788707	NA	NA	HT29_G1_5F_3	0.00191263873600743	HT29_G1_5F_2	0.0226327894120533	HT29_G1_5F_3	0.0131366968951251	HT29_G1_5F_3	0.00828178649013518	HT29_G1_5F_1	0.0282035169239189	HT29_G1_5F_3	0.00801479840195996	HT29_G1_5F_3	0.00985950991846513	HT29_G1_5F_1	0.0042281237707208	HT29_G1_5F_1	0.0078414717439027	HT29_G1_5F_3	0.00249864551678806	HT29_G1_5F_1	0.0140406916793595	HT29_G1_5F_2	0.00469355381514844	HT29_G1_5F_3	0.0133348637162103	HT29_G1_5F_3	0.00920248638822281	HT29_G1_5F_3	0.0030924220764202	HT29_G1_5F_1	0.0117758241856419	HT29_G1_5F_2	0.0103200962055002	HT29_G1_5F_3	0.022392207209235	HT29_G1_5F_2	0.00905712540030977	HT29_G1_5F_3	0.0183813399849451	HT29_G1_5F_2	0.0023968428852744	HT29_G1_5F_2	0.0145557258514959	HT29_G1_5F_1	0.0141356276785926	HT29_G1_5F_2	0.00853452117555377	HT29_G1_5F_1	0.00326843192562631	HT29_G1_5F_3	0.0169572602151874	HT29_G1_5F_2	0.00984792058288056	HT29_G1_5F_3	0.00434311400402581
HT29_G2_4G	0.318632265754662	NA	NA	HT29_G2_4G_3	0.0652885086250743	HT29_G2_4G_3	0.00883749234400801	HT29_G2_4G_3	0.00961062766052963	HT29_G2_4G_2	0.00314059096603094	HT29_G2_4G_1	0.0233083051299651	HT29_G2_4G_3	0.00109386840082363	HT29_G2_4G_3	0.0145576541194504	HT29_G2_4G_2	0.0099206354909673	HT29_G2_4G_2	0.00851501715430679	HT29_G2_4G_3	0.0127380684928981	HT29_G2_4G_2	0.0135526732768585	HT29_G2_4G_3	0.00480406862515646	HT29_G2_4G_2	0.010556242040817	HT29_G2_4G_1	0.0185077381984491	HT29_G2_4G_3	0.00445531464078256	HT29_G2_4G_2	0.00772407484636462	HT29_G2_4G_2	0.00468492559931183	HT29_G2_4G_1	0.00515731395912191	HT29_G2_4G_2	0.00224083365812187	HT29_G2_4G_2	0.0185121317877046	HT29_G2_4G_3	0.00714169325094327	HT29_G2_4G_3	0.00591629211125221	HT29_G2_4G_2	0.0104276573320151	HT29_G2_4G_2	0.00436596056263831	HT29_G2_4G_1	0.0240435878137683	HT29_G2_4G_3	0.00605464838230066	HT29_G2_4G_2	0.0101887689853505	HT29_G2_4G_2	0.00328757229965107
HT29_G2_4H	0.27717005812125	NA	NA	HT29_G2_4H_3	0.0354232436949577	HT29_G2_4H_2	0.0243237965090351	HT29_G2_4H_3	0.0141801629943826	HT29_G2_4H_1	0.00647246300662381	HT29_G2_4H_3	0.0173196383966052	HT29_G2_4H_3	0.00527873179507225	NA	NA	HT29_G2_4H_1	0.0070374332739806	HT29_G2_4H_3	0.0161125903055223	HT29_G2_4H_3	0.00520804912931778	HT29_G2_4H_1	0.00948843507955228	HT29_G2_4H_3	0.0075546406021273	HT29_G2_4H_2	0.00968818176520766	HT29_G2_4H_1	0.00683573890229666	HT29_G2_4H_3	0.00992714551724625	HT29_G2_4H_1	0.0110374408547619	HT29_G2_4H_3	0.0102542515278946	HT29_G2_4H_1	0.00788789773731153	HT29_G2_4H_1	0.0149790152805119	HT29_G2_4H_3	0.00870365738226148	HT29_G2_4H_1	0.00622170971346778	HT29_G2_4H_2	0.00838626538112669	HT29_G2_4H_1	0.00840710266901007	HT29_G2_4H_1	0.00578718031244949	HT29_G2_4H_1	0.00393268039380658	HT29_G2_4H_3	0.0109807251572828	HT29_G2_4H_1	0.00379338967941271	HT29_G2_4H_2	0.00194849106002456
HT29_G2_5A	0.360554367340772	NA	NA	HT29_G2_5A_3	0.0244057855815551	HT29_G2_5A_3	0.0395397439539051	HT29_G2_5A_1	0.00565148264384547	HT29_G2_5A_2	0.0088472723490045	HT29_G2_5A_3	0.0502037351118056	HT29_G2_5A_1	0.00358784010573401	NA	NA	HT29_G2_5A_2	0.0035287518270484	HT29_G2_5A_2	0.0158622721381368	HT29_G2_5A_3	0.00434144244638588	HT29_G2_5A_2	0.0210553076391388	HT29_G2_5A_1	0.00121270830668258	HT29_G2_5A_3	0.00644570735527788	HT29_G2_5A_1	0.00281126131646011	HT29_G2_5A_1	0.00655258607571614	HT29_G2_5A_1	0.0244062488935628	HT29_G2_5A_3	0.0121161124400155	HT29_G2_5A_3	0.0101435752474157	HT29_G2_5A_2	0.0147422888407652	HT29_G2_5A_1	0.0261319607735473	HT29_G2_5A_2	0.0125158976865177	HT29_G2_5A_3	0.0072233200588663	HT29_G2_5A_1	0.00580460379459719	HT29_G2_5A_3	0.00743683520548382	HT29_G2_5A_2	0.0104127019443418	HT29_G2_5A_3	0.0183291965895256	HT29_G2_5A_2	0.00665370739976818	HT29_G2_5A_1	0.0105920216156685
HT29_G2_5B	0.376043693414427	NA	NA	HT29_G2_5B_2	0.0186367200576451	HT29_G2_5B_3	0.0386298795106336	HT29_G2_5B_3	0.010109728844829	HT29_G2_5B_2	0.0101700245903136	HT29_G2_5B_2	0.0157153225975708	HT29_G2_5B_2	0.00315565607951691	NA	NA	HT29_G2_5B_2	0.00737995323935828	HT29_G2_5B_2	0.025442934965555	HT29_G2_5B_2	0.0098146439208651	HT29_G2_5B_2	0.0440942473505828	HT29_G2_5B_2	0.00703332681195943	HT29_G2_5B_3	0.00995905214326795	HT29_G2_5B_2	0.0071511232990605	HT29_G2_5B_2	0.00325266048260136	HT29_G2_5B_2	0.0240455192144928	HT29_G2_5B_3	0.01045671262699	HT29_G2_5B_2	0.0135905923805213	HT29_G2_5B_2	0.00596312741167975	HT29_G2_5B_2	0.0234529957721488	HT29_G2_5B_2	0.00655691867645736	HT29_G2_5B_2	0.0197423210199014	HT29_G2_5B_2	0.0100105100089643	HT29_G2_5B_2	0.00511397268811526	HT29_G2_5B_2	0.0038510467014195	HT29_G2_5B_3	0.0197789263242486	HT29_G2_5B_2	0.00878768874701012	HT29_G2_5B_2	0.0141480879487185
HT29_G2_5E	0.503323913151576	NA	NA	HT29_G2_5E_1	0.0263146125143517	HT29_G2_5E_3	0.0424992789031941	HT29_G2_5E_1	0.00602344405072035	HT29_G2_5E_3	0.00143652285535649	HT29_G2_5E_3	0.0337101523842315	HT29_G2_5E_2	0.00807112880783428	HT29_G2_5E_3	0.0266601974823544	HT29_G2_5E_1	0.0100337287480215	HT29_G2_5E_3	0.016997630006917	HT29_G2_5E_2	0.000526492748500544	HT29_G2_5E_2	0.0848829928588441	HT29_G2_5E_2	0.00420590129164464	HT29_G2_5E_2	0.00475971113235507	HT29_G2_5E_3	0.0105608339983253	HT29_G2_5E_2	0.00174480793783445	HT29_G2_5E_2	0.0411801465528817	HT29_G2_5E_3	0.011273274536778	HT29_G2_5E_3	0.034139566581273	HT29_G2_5E_1	0.013884246381012	HT29_G2_5E_1	0.0388649040267968	HT29_G2_5E_1	0.0144708371881962	HT29_G2_5E_3	0.0075984129089634	HT29_G2_5E_1	0.0070528429825041	HT29_G2_5E_1	0.00852193463916071	HT29_G2_5E_1	0.0137189025832709	HT29_G2_5E_3	0.0110430713833964	HT29_G2_5E_2	0.0108841645683098	HT29_G2_5E_2	0.0122641730985476
HT29_G2_5F	0.493270918712809	NA	NA	HT29_G2_5F_1	0.021245792104491	HT29_G2_5F_3	0.0236419185917044	HT29_G2_5F_2	0.126425806668003	HT29_G2_5F_2	0.00512720613109762	HT29_G2_5F_3	0.0235981361880251	HT29_G2_5F_1	0.0121593136899758	HT29_G2_5F_2	0.00917442633867346	HT29_G2_5F_2	0.00811640218385988	HT29_G2_5F_2	0.0169664220684126	HT29_G2_5F_3	0.00455265225417061	HT29_G2_5F_1	0.0149368768912627	HT29_G2_5F_3	0.0157455152294979	HT29_G2_5F_3	0.00601981032962092	HT29_G2_5F_1	0.0160361780810265	HT29_G2_5F_1	0.00617945854365488	HT29_G2_5F_2	0.0375313857127267	HT29_G2_5F_1	0.0149219965557488	HT29_G2_5F_3	0.023656848637918	HT29_G2_5F_1	0.0179450295683905	HT29_G2_5F_1	0.0162764912031089	HT29_G2_5F_1	0.0021819843535717	HT29_G2_5F_2	0.0135567837189954	HT29_G2_5F_2	0.00984534855062988	HT29_G2_5F_2	0.00267132111334256	HT29_G2_5F_1	0.00853790951691684	HT29_G2_5F_2	0.0117856191066268	HT29_G2_5F_1	0.0127782212125627	HT29_G2_5F_2	0.0116560641687942
HT29_G2_5G	0.324069857764894	NA	NA	HT29_G2_5G_3	0.0160187476911759	HT29_G2_5G_2	0.0189752343165227	HT29_G2_5G_3	0.002326298700228	HT29_G2_5G_2	0.00332178842417218	HT29_G2_5G_2	0.00986444181831666	HT29_G2_5G_2	0.00337373577847062	HT29_G2_5G_3	0.0131831531946943	HT29_G2_5G_2	0.00765050448923473	HT29_G2_5G_1	0.0179802327319943	HT29_G2_5G_3	0.0159902056510756	HT29_G2_5G_1	0.0103215031165786	HT29_G2_5G_2	0.00914564654092136	HT29_G2_5G_2	0.00878859012632988	HT29_G2_5G_2	0.00836374200120564	HT29_G2_5G_2	0.000904277478095255	HT29_G2_5G_2	0.031559513079366	HT29_G2_5G_1	0.0166710952521747	HT29_G2_5G_1	0.0120125942493585	HT29_G2_5G_2	0.0268365098097979	HT29_G2_5G_3	0.0134180130967254	HT29_G2_5G_2	0.00893191695665429	HT29_G2_5G_2	0.00902995516090944	HT29_G2_5G_1	0.0106658951294496	HT29_G2_5G_3	0.0102658306408228	HT29_G2_5G_1	0.0098481627214887	HT29_G2_5G_2	0.00866434873278737	HT29_G2_5G_1	0.00709000581501973	HT29_G2_5G_3	0.0128679150613237
HT29_G2_5H	0.308266400808257	NA	NA	HT29_G2_5H_3	0.0141982551515465	HT29_G2_5H_2	0.0346293328580391	HT29_G2_5H_3	0.00587218685421645	HT29_G2_5H_3	0.000179314852006212	HT29_G2_5H_2	0.0260220319909588	HT29_G2_5H_1	0.00242096935199013	HT29_G2_5H_3	0.0171645705240636	HT29_G2_5H_2	0.00360019517943985	HT29_G2_5H_3	0.00982770813167772	HT29_G2_5H_1	0.00284070794377105	HT29_G2_5H_2	0.00999311043743485	HT29_G2_5H_2	0.00799933493909376	HT29_G2_5H_3	0.00260502308503628	HT29_G2_5H_1	0.0186469885724833	HT29_G2_5H_1	0.0123183899616997	HT29_G2_5H_1	0.00925529677990241	HT29_G2_5H_2	0.00367865163199495	HT29_G2_5H_2	0.0281388002759046	HT29_G2_5H_2	0.00962028429009306	HT29_G2_5H_3	0.0189393920055237	HT29_G2_5H_3	0.00687937218704054	HT29_G2_5H_2	0.00642774049224365	HT29_G2_5H_2	0.00273841396333557	HT29_G2_5H_3	0.0117736419695093	HT29_G2_5H_2	0.0140523069008298	HT29_G2_5H_3	0.0145244651767837	HT29_G2_5H_2	0.0081203446177372	HT29_G2_5H_2	0.00579957068390082
HT29_G2_6A	0.373924476954097	NA	NA	HT29_G2_6A_2	0.0482978373741512	HT29_G2_6A_2	0.0286067464387643	HT29_G2_6A_2	0.0200752683637263	HT29_G2_6A_3	0.0139757310279186	HT29_G2_6A_2	0.0192382115145709	HT29_G2_6A_1	0.0394607648879309	HT29_G2_6A_2	0.00868469228052419	HT29_G2_6A_2	0.00710062157722533	HT29_G2_6A_1	0.0183361698558493	HT29_G2_6A_2	0.00654540439361195	HT29_G2_6A_2	0.00991429362004681	HT29_G2_6A_2	0.00931806767491004	HT29_G2_6A_2	0.00900677968671184	HT29_G2_6A_1	0.0112720863135149	HT29_G2_6A_1	0.0193522546235849	HT29_G2_6A_3	0.0118017716512791	HT29_G2_6A_3	0.0174010433055106	HT29_G2_6A_2	0.00864158128665242	HT29_G2_6A_1	0.010023397686688	HT29_G2_6A_2	0.0176389767715813	HT29_G2_6A_3	0.0023055870019816	HT29_G2_6A_2	0.00182613778961856	HT29_G2_6A_3	0.00624154123209709	HT29_G2_6A_3	0.00215318826972968	HT29_G2_6A_2	0.00489027181098795	HT29_G2_6A_3	0.00653151603319439	HT29_G2_6A_2	0.0084414382847096	HT29_G2_6A_2	0.00684309619702526
HT29_G2_6B	0.319228250473397	NA	NA	HT29_G2_6B_3	0.00520391427882159	HT29_G2_6B_1	0.0368906733453612	HT29_G2_6B_2	0.0125526248891264	HT29_G2_6B_2	0.00627647936399571	HT29_G2_6B_1	0.00667470464420159	HT29_G2_6B_1	0.0050549604402237	HT29_G2_6B_2	0.0054885557128478	HT29_G2_6B_1	0.0103605258627331	HT29_G2_6B_1	0.0290681854639944	HT29_G2_6B_3	0.00453739249299917	HT29_G2_6B_2	0.014415323416516	HT29_G2_6B_3	0.00660170804434257	HT29_G2_6B_2	0.00655775682830476	HT29_G2_6B_1	0.0194090915502464	HT29_G2_6B_1	0.00321745324884741	HT29_G2_6B_1	0.00737066773423157	HT29_G2_6B_2	0.00893500494428619	HT29_G2_6B_3	0.0164241535021076	HT29_G2_6B_1	0.0145907888299388	HT29_G2_6B_1	0.0211643594458202	HT29_G2_6B_3	0.0104180459915499	HT29_G2_6B_1	0.0120663346024375	HT29_G2_6B_3	0.00521144534347508	HT29_G2_6B_2	0.00745582275093337	HT29_G2_6B_1	0.00997639050790856	HT29_G2_6B_2	0.0106361336475542	HT29_G2_6B_3	0.0145658984724533	HT29_G2_6B_2	0.00810385511813908
HT29_G2_6C	0.599536413736675	NA	NA	NA	NA	HT29_G2_6C_3	0.249983813596069	HT29_G2_6C_2	0.00891479270558362	HT29_G2_6C_3	0.0126777073476072	HT29_G2_6C_2	0.0278909570432036	HT29_G2_6C_3	0.00597173854464409	HT29_G2_6C_2	0.00848530920220271	HT29_G2_6C_2	0.0096026105190102	HT29_G2_6C_2	0.00958457380463991	HT29_G2_6C_3	0.0108730230908278	HT29_G2_6C_2	0.011744001400554	HT29_G2_6C_3	0.0569899297991783	HT29_G2_6C_2	0.0156225771939143	HT29_G2_6C_2	0.0158386497687186	HT29_G2_6C_3	0.00739018940484054	HT29_G2_6C_2	0.0187703815931136	HT29_G2_6C_3	0.020104086738018	HT29_G2_6C_3	0.0138243302820975	HT29_G2_6C_2	0.00648892223145374	HT29_G2_6C_3	0.0160020817080729	HT29_G2_6C_3	0.0024296808784824	HT29_G2_6C_3	0.0120425692045494	HT29_G2_6C_2	0.00798854153682151	HT29_G2_6C_3	0.00430637553495451	HT29_G2_6C_2	0.00445546014255197	HT29_G2_6C_3	0.0155063287376999	HT29_G2_6C_3	0.0131618065777838	HT29_G2_6C_3	0.0128859751500817
HT29_G2_6D	0.353297184671653	NA	NA	HT29_G2_6D_1	0.0162879968129099	HT29_G2_6D_1	0.0135994418195907	HT29_G2_6D_3	0.00396478482702745	HT29_G2_6D_3	0.00844010733276859	HT29_G2_6D_2	0.023237450256481	HT29_G2_6D_1	0.00796197950123619	HT29_G2_6D_2	0.00439474333082083	HT29_G2_6D_1	0.00780419469489883	HT29_G2_6D_2	0.0174453784693436	HT29_G2_6D_1	0.0109272605107256	HT29_G2_6D_2	0.0275863434368019	HT29_G2_6D_1	0.00790137450186709	HT29_G2_6D_2	0.00359861123698678	HT29_G2_6D_2	0.0143724410239296	HT29_G2_6D_1	0.00200382106230176	HT29_G2_6D_2	0.0375982437508834	HT29_G2_6D_3	0.00834158321820771	HT29_G2_6D_1	0.0213326424734801	HT29_G2_6D_1	0.00753604889998427	HT29_G2_6D_1	0.0229503541632491	HT29_G2_6D_3	0.0176113985701818	HT29_G2_6D_3	0.0166033734584056	HT29_G2_6D_1	0.0107554241700947	HT29_G2_6D_3	0.00787683088693989	HT29_G2_6D_1	0.00697078629716817	HT29_G2_6D_2	0.0104091316406353	HT29_G2_6D_1	0.0129095133169282	HT29_G2_6D_1	0.00287592500780437
HT29_G2_6E	0.344624231822793	NA	NA	HT29_G2_6E_2	0.0218097503105622	HT29_G2_6E_3	0.0197575995782909	HT29_G2_6E_3	0.00541925726128376	HT29_G2_6E_1	0.0111417408977466	HT29_G2_6E_2	0.0139684272818557	HT29_G2_6E_1	0.0102164080541961	HT29_G2_6E_2	0.0113355797821875	HT29_G2_6E_2	0.00875816752706005	HT29_G2_6E_3	0.0150800698640397	HT29_G2_6E_2	0.00587968187390964	HT29_G2_6E_1	0.0192708309102857	HT29_G2_6E_2	0.012744762125982	HT29_G2_6E_2	0.0032584831950408	HT29_G2_6E_2	0.0134009609213961	HT29_G2_6E_2	0.000767421760230557	HT29_G2_6E_1	0.0220971985969074	HT29_G2_6E_3	0.00454418506525668	HT29_G2_6E_3	0.0277480417391994	HT29_G2_6E_1	0.00414240591277959	HT29_G2_6E_2	0.0311895354467689	HT29_G2_6E_1	0.0038573611983799	HT29_G2_6E_1	0.0235156491265654	HT29_G2_6E_1	0.0115907740272109	HT29_G2_6E_2	0.0126283932820129	HT29_G2_6E_1	0.000397987751400201	HT29_G2_6E_2	0.00802330683863007	HT29_G2_6E_1	0.014292419578457	HT29_G2_6E_2	0.00778783191515715
HT29_G2_6F	0.326232439081102	NA	NA	HT29_G2_6F_3	0.00637869418880941	HT29_G2_6F_2	0.0358873419801665	HT29_G2_6F_3	0.00507809022374562	HT29_G2_6F_2	0.0205573492934699	HT29_G2_6F_1	0.00646982204119742	HT29_G2_6F_1	0.00622610064015318	NA	NA	HT29_G2_6F_2	0.014083633476286	HT29_G2_6F_3	0.0176322549033248	HT29_G2_6F_2	0.0052258811472308	HT29_G2_6F_1	0.0145399187501959	HT29_G2_6F_2	0.00758960711022309	HT29_G2_6F_2	0.0121614166043541	HT29_G2_6F_1	0.0143369231463699	HT29_G2_6F_1	0.00434374103920919	HT29_G2_6F_1	0.010740558027275	HT29_G2_6F_3	0.0104740154665198	HT29_G2_6F_1	0.0140009201730932	HT29_G2_6F_1	0.0115935081509676	HT29_G2_6F_1	0.0240117211947478	HT29_G2_6F_2	0.00362403113199318	HT29_G2_6F_2	0.0187435116215792	HT29_G2_6F_1	0.0132709237838417	HT29_G2_6F_2	0.0116103716184496	HT29_G2_6F_2	0.000955059339725975	HT29_G2_6F_2	0.00965175136977009	HT29_G2_6F_1	0.0172451251548751	HT29_G2_6F_1	0.00980016750352777
HT29_G2_6G	0.350873769130886	NA	NA	HT29_G2_6G_2	0.0391805250734732	HT29_G2_6G_2	0.0160764240078899	HT29_G2_6G_2	0.0101613431140876	HT29_G2_6G_2	0.00539173044939886	HT29_G2_6G_3	0.0153547278278344	HT29_G2_6G_1	0.00668287952123206	HT29_G2_6G_3	0.0190376971012006	HT29_G2_6G_2	0.00370916430126312	HT29_G2_6G_2	0.00829565093239369	HT29_G2_6G_3	0.00830039994132488	HT29_G2_6G_2	0.0252040127782496	HT29_G2_6G_3	0.005009584265389	HT29_G2_6G_2	0.0155976586601377	HT29_G2_6G_1	0.00854057034065546	HT29_G2_6G_1	0.00171413178894906	HT29_G2_6G_2	0.0209338147354037	HT29_G2_6G_1	0.0110853644006046	HT29_G2_6G_2	0.0301311078946285	HT29_G2_6G_2	0.00271253155300588	HT29_G2_6G_1	0.0208187546167152	HT29_G2_6G_1	0.0112430235342955	HT29_G2_6G_1	0.0101495992447139	HT29_G2_6G_2	0.0117380846784532	HT29_G2_6G_2	0.00484499047188354	HT29_G2_6G_1	0.00802156539253253	HT29_G2_6G_3	0.00833314778463317	HT29_G2_6G_2	0.0116241342501481	HT29_G2_6G_2	0.0109811504703893
HT29Root1	0	NA	NA	HT29Root1_3	0	HT29Root1_3	0	HT29Root1_3	0	HT29Root1_3	0	HT29Root1_2	0	HT29Root1_3	0	HT29Root1_2	0	HT29Root1_1	0	HT29Root1_3	0	HT29Root1_3	0	HT29Root1_3	0	HT29Root1_2	0	HT29Root1_2	0	HT29Root1_3	0	HT29Root1_3	0	HT29Root1_2	0	HT29Root1_2	0	HT29Root1_2	0	HT29Root1_1	0	HT29Root1_3	0	HT29Root1_3	0	HT29Root1_3	0	HT29Root1_1	0	HT29Root1_3	0	HT29Root1_2	0	HT29Root1_3	0	HT29Root1_1	0	HT29Root1_3	0
HT29Root2	0.312879312052808	NA	NA	HT29Root2_3	0.0275751004502552	HT29Root2_3	0.0215184893802439	HT29Root2_3	0.0111924660365238	HT29Root2_2	0.00228374139548611	HT29Root2_2	0.0319626026220653	HT29Root2_1	0.00890194301708525	HT29Root2_3	0.0145762082169859	HT29Root2_1	0.0057408640299809	HT29Root2_3	0.0127635905740264	HT29Root2_3	0.0141704792086101	HT29Root2_1	0.0124369250291386	HT29Root2_3	0.00428212352835161	HT29Root2_2	0.00525769043084404	HT29Root2_2	0.0144955059991786	HT29Root2_2	0.00876078239883959	HT29Root2_2	0.00914141379064837	HT29Root2_1	0.0092411354819251	HT29Root2_1	0.0238013206711757	HT29Root2_2	0.00334910333276619	HT29Root2_2	0.0127885794948263	HT29Root2_2	0.00307632525824354	HT29Root2_2	0.00263405917272397	HT29Root2_2	0.0166126211461582	HT29Root2_2	0.00257418003091552	HT29Root2_2	0.0153273118521603	HT29Root2_3	0.00901071335242433	HT29Root2_1	0.00223172444329433	HT29Root2_3	0.00717231170793089
