	HT29_G1_1B_1	HT29_G1_1B_2	HT29_G1_1B_3	HT29_G1_2A_1	HT29_G1_2A_2	HT29_G1_2A_3	HT29_G1_3E_2	HT29_G1_3E_3	HT29_G1_3F_2	HT29_G1_3F_3	HT29_G1_4A_2	HT29_G1_4B_3	HT29_G1_4C_1	HT29_G1_4F_1	HT29_G1_4F_2	HT29_G1_5A_1	HT29_G1_5A_2	HT29_G1_5A_3	HT29_G1_5B_1	HT29_G1_5B_2	HT29_G1_5B_3	HT29_G1_5C_2	HT29_G1_5C_3	HT29_G1_5D_1	HT29_G1_5D_2	HT29_G1_5D_3	HT29_G1_5E_1	HT29_G1_5E_2	HT29_G1_5E_3	HT29_G1_5F_3	HT29_G2_4G_1	HT29_G2_4G_2	HT29_G2_4H_1	HT29_G2_4H_2	HT29_G2_5A_1	HT29_G2_5A_2	HT29_G2_5A_3	HT29_G2_5B_2	HT29_G2_5B_3	HT29_G2_5E_1	HT29_G2_5E_2	HT29_G2_5E_3	HT29_G2_5F_1	HT29_G2_5F_2	HT29_G2_5G_2	HT29_G2_5H_1	HT29_G2_5H_3	HT29_G2_6A_1	HT29_G2_6B_1	HT29_G2_6B_2	HT29_G2_6C_2	HT29_G2_6D_1	HT29_G2_6D_2	HT29_G2_6D_3	HT29_G2_6E_1	HT29_G2_6E_2	HT29_G2_6E_3	HT29_G2_6F_1	HT29_G2_6F_2	HT29_G2_6F_3	HT29_G2_6G_1	HT29_G2_6G_2	HT29Root1_3	HT29Root2_1	HT29Root2_2	HT29Root2_3
HT29_G1_1B_1	0	0.000825554536415979	0.018056727060707	0.0150010330522517	0.00733156655626993	0.00800334337191309	0.000788429469002958	0.000693220636583863	0.000240017781896739	0.00117480631035222	0.00526084552097969	0.00741392466076296	0.00265965183913133	0.00650029758122421	0.00332611896282945	0.00413443341403027	0.00495487993069155	0.0116471994500227	0.00813457144429149	0.00588419576396546	0.00398320342318264	0.0149753122405777	0.00889209479517994	0.0109282930611098	0.00252953185615284	0.000317738450387145	0.00470844575701384	0.00114072468306338	0.00582639984687693	0.00311081272050611	0.00619532957714629	0.00242398890134969	0.00547761380485742	0.00655958059103366	0.00950202470234696	0.0158205655423561	0.00111957206303603	0.00516222625721809	0.00462899879455602	0.00163551397737439	0.00391742199524942	0.0017524029972986	0.00372342599536392	0.00827832647191581	0.00394958402094242	0.00633460163201368	0.00485555284781177	0.0010411089871765	0.00709682768756027	0.00432158401473195	0.00352587359958695	0.0112581819454752	0.00205950158277035	0.00532287301189216	0.00306240764099058	0.00108792829105775	0.0104716357339266	0.00202398008812583	0.00150895567432578	0.000638671806166476	0.00377275073223159	0.000702169767385059	0.0123131228628352	0.010365827314506	0.00218257921429348	0.00338304232050382
HT29_G1_1B_2	0.000825554536415979	0	0.0172313004029259	0.0158264858097967	0.00650603188996141	0.00882886789038554	0.00161398346979123	0.000132333938095852	0.000585536813441927	0.00200035985716353	0.00443530073008063	0.00823945326611161	0.00348520246472136	0.00567475842721917	0.00250056790872441	0.00330888459958121	0.00412933394314883	0.010821697134076	0.00896009501183655	0.00505865364996449	0.00315765414849729	0.0158007653411606	0.00971761258074918	0.0101027843082899	0.00170397912626935	0.000507816153845517	0.0038828988618593	0.000315170297454642	0.00500085747121277	0.00228526116136533	0.00702086567844665	0.00324954011549401	0.00465206990852565	0.00573404173831572	0.00867650441571636	0.014995108780064	0.00194512568253264	0.00433668107215945	0.00545454265124213	0.000809959996763458	0.00309187252628881	0.000926849142369786	0.00454897337587015	0.00910384898058688	0.00312403464650351	0.00716013694153497	0.00568109571310613	0.000215554545275561	0.00792235836704055	0.00349603579610504	0.0043514216556807	0.0104326760946274	0.00288505361424617	0.00614841369312589	0.00388795715135896	0.00191348195096595	0.00964612310903682	0.00284953219320549	0.00233450872672613	0.000186882780503511	0.00294720084861443	0.000123384805211177	0.0114876268807505	0.00954031381652037	0.00300813098236692	0.00255749140638388
HT29_G1_1B_3	0.018056727060707	0.0172313004029259	0	0.0330532132385203	0.0107258617447603	0.0260581748290039	0.0188450226957613	0.0173636146466203	0.017816747748729	0.01923132976465	0.0127964833966222	0.0254689367027817	0.0207158814502923	0.0115571000815219	0.014731047192216	0.0139228089876698	0.0131024277555515	0.00641018987243232	0.0261893618000975	0.0121731711842713	0.0140740256146471	0.0330275039018566	0.0269466415010879	0.00712912568416266	0.015527547541553	0.0177390393103668	0.0133488435993426	0.016916175776879	0.0122309638697099	0.0149463311239337	0.0242506941483479	0.0204802678782872	0.0125797291321325	0.0114978196673048	0.00855542535578472	0.00223647377548655	0.0191761056605307	0.0128950960016464	0.0226847754415448	0.0164214542753697	0.0141398011002179	0.0163045806167356	0.0217794199148463	0.0263330714280364	0.0141076419896914	0.0243899273306165	0.0229112727394811	0.0170157772817985	0.0251519341614946	0.0137356743513579	0.0215819128828781	0.00679922443097184	0.0201158548808237	0.0233784727941075	0.0211185504949059	0.019144467674196	0.00758579695870397	0.0200803404974409	0.0195654165629933	0.017418155280979	0.014284459018299	0.0173546668551046	0.00574423107683212	0.00769160808318962	0.020238907691672	0.0146741295922444
HT29_G1_2A_1	0.0150010330522517	0.0158264858097967	0.0330532132385203	0	0.0223313349850926	0.00699813107234776	0.0142126910582709	0.0156941689245927	0.0152410223163451	0.0138263536059622	0.0202610530406819	0.00758755136948777	0.0123416380802943	0.0215002499598944	0.018326678720541	0.01913485285415	0.0199551468971552	0.0266458486476248	0.00686690190106718	0.0208842778357676	0.0189836498640365	2.57238758175654e-05	0.00610936688682462	0.0259271477112019	0.0175302202503295	0.0153187335616625	0.0197087595833035	0.0161416143593382	0.0208264937943508	0.0181114081923305	0.00880613240151079	0.0125772826539991	0.02047777835961	0.021559520191713	0.0245012645289163	0.0308178735955085	0.0138815823628232	0.0201624530910664	0.0103724109640472	0.0166363353009746	0.0189178800733638	0.0167532076299679	0.0112779361287707	0.00672314535753768	0.0189500364174699	0.00866686313236627	0.0101458668327231	0.0160420119746256	0.00790464693212294	0.019321969564574	0.0114754764408006	0.0262569432570007	0.0129417398818909	0.00967856460726532	0.0119389116765249	0.0139132229682047	0.0254706169592731	0.0129772583344723	0.0134922364578711	0.0156396270301521	0.0187732341746357	0.0157031169132928	0.0273115750138063	0.0253648374311338	0.0128186726403418	0.0183835925190786
HT29_G1_2A_2	0.00733156655626993	0.00650603188996141	0.0107258617447603	0.0223313349850926	0	0.015334450776863	0.00811997229278262	0.006638362946976	0.00709155507578013	0.00850633580307833	0.00207076111240995	0.0147450825364525	0.00999111965485648	0.000831288823328054	0.00400549672519494	0.00319718184003102	0.0023767299657839	0.00431581634802451	0.0154656672482525	0.00144740209969936	0.00334841227816081	0.0223056178375303	0.016223121033946	0.0035968700898623	0.00480207954090238	0.00701383635566094	0.00262316626829394	0.00619086798872411	0.00150519894947328	0.00422080227025644	0.0135265833347892	0.00975546761500335	0.0018539901014819	0.000772004564716454	0.00217053361830766	0.00848948662481853	0.00845110353013404	0.00216938150293779	0.0119603591093479	0.00569608700791819	0.00341419384810136	0.00557919968626502	0.0110548393938185	0.0156094094150598	0.00338203175696319	0.0136658450076373	0.0121868989074386	0.00629048179046676	0.0144280116100837	0.00301003045277779	0.0108572977514878	0.00392677680949071	0.0093909963266416	0.0126541884320046	0.010393855860785	0.00841946087894523	0.0031401893624782	0.00935547634068432	0.00884047273413501	0.00669291056739415	0.00355886531129928	0.00662941401241825	0.00498177999131628	0.00303437573493116	0.00951406865716278	0.00394857349464408
HT29_G1_2A_3	0.00800334337191309	0.00882886789038554	0.0260581748290039	0.00699813107234776	0.015334450776863	0	0.00721493737943486	0.00869653917580071	0.00824335299923586	0.00682857018623809	0.0132639031519867	0.000589436902740011	0.00534375033100748	0.0145032555167501	0.0113293076424702	0.0121375709966249	0.0129579602841668	0.0196496132763256	0.00013123252068281	0.0138872047872795	0.0119863509651355	0.00697240786927047	0.000888784386449332	0.01893079539733	0.0105327657426537	0.00832107092636791	0.0127115438670854	0.00914402511400468	0.013829413507473	0.0111140141236391	0.00180806035038364	0.00557941040497665	0.0134806548846221	0.0145625334513507	0.0175046906593722	0.0238223862651338	0.00688380312923018	0.0131652912939404	0.00337440936493429	0.00963879249298666	0.011920573811953	0.00975567604564531	0.00427998339712262	0.000274992587181158	0.011952733751966	0.00166878568328839	0.00314785393856572	0.00904441359006857	0.000906542454990788	0.0123247090181368	0.00447753515888554	0.0192606441678916	0.00594389239346451	0.00268052959341885	0.00494099836325433	0.00691544614269133	0.0184741921936514	0.00597941331021109	0.00649442817953863	0.00864199244146155	0.0117759118278877	0.00870548796054951	0.0203154511050744	0.0183683960816783	0.00582081668407072	0.0113862275738569
HT29_G1_3E_2	0.000788429469002958	0.00161398346979123	0.0188450226957613	0.0142126910582709	0.00811997229278262	0.00721493737943486	0	0.00148164969254002	0.00102844715162803	0.000386377024264575	0.00604926226983676	0.00662551514741669	0.00187122437961244	0.00728870814272342	0.00411454294823627	0.00492285473616872	0.00574329802085101	0.0124355714928887	0.00734616627488478	0.00667260955200791	0.00477162528297506	0.0141869699356443	0.00810369465655266	0.0117166717173664	0.00331795795881392	0.00110616777794342	0.00549686487383482	0.00192915326775181	0.00661481392229555	0.00389923732789591	0.00540691369528846	0.00163556103267348	0.00626602955879861	0.00734799082635359	0.0102904152984074	0.016608891376059	0.000331142743399947	0.00595064344645427	0.00384057652202653	0.00242394185447684	0.00470584408324276	0.00254083067861913	0.00293500094494073	0.00748992222055569	0.00473800599779747	0.00554618641599889	0.00406713137512	0.00182953769080873	0.00630841639900879	0.0051100046464637	0.00273744803212921	0.0120465576164302	0.00127107316998922	0.00453445332189919	0.00227398098525433	0.000299498953324844	0.0112600183841689	0.00123555162809547	0.000720526643712193	0.00142710090874347	0.00456117331006472	0.00149059881564482	0.0131014884250673	0.0111542108671831	0.00139415097311199	0.00417146613532702
HT29_G1_3E_3	0.000693220636583863	0.000132333938095852	0.0173636146466203	0.0156941689245927	0.006638362946976	0.00869653917580071	0.00148164969254002	0	0.000453202892881152	0.00186802617070513	0.00456763331340721	0.00810712386892362	0.00335286931585376	0.00580709016480142	0.0026329014057212	0.00344121777527311	0.00426166670398071	0.0109540232067583	0.00882776645580611	0.00519098583325416	0.00328998739091033	0.015668448399765	0.00958528498690723	0.0102351113792553	0.00183631285467343	0.000375482228129216	0.00401523175669354	0.000447504226596057	0.00513318969375034	0.00241759472924858	0.00688853502282532	0.00311720686129159	0.00478440235855632	0.00586637343035922	0.00880883326897448	0.0151274277452288	0.00181279198183709	0.00446901371405834	0.00532221067935357	0.00094229388397795	0.00322420579676458	0.0010591830147702	0.0044166407968384	0.00897152060099852	0.00325636790334432	0.00702780641931256	0.00554876391070327	0.000347888478480628	0.00779002862257348	0.00362836888501188	0.0042190889591591	0.0105650027158106	0.00275272021204719	0.00601608226262324	0.00375562420006768	0.00178114824231261	0.00977845077938748	0.00271719877753586	0.00220217513512275	5.45488435323288e-05	0.0030795341788029	8.94913633521907e-06	0.0116199519692029	0.00967264162188809	0.0028757976281053	0.00268982488359239
HT29_G1_3F_2	0.000240017781896739	0.000585536813441927	0.017816747748729	0.0152410223163451	0.00709155507578013	0.00824335299923586	0.00102844715162803	0.000453202892881152	0	0.00141482388871208	0.00502083094879318	0.00765393543411605	0.00289966867443553	0.00626028473654053	0.00308610243124974	0.00389441759145312	0.00471486498870151	0.0114071976835723	0.00837458080452576	0.00564418201464799	0.00374318745598279	0.0152153016025617	0.00913210252856914	0.0106882893718314	0.00228951478041552	7.77206720767405e-05	0.0044684305335263	0.000900707026491288	0.00558638601734215	0.00287079602671902	0.00643534244267849	0.00266400589089854	0.00523759950826385	0.00631956783817664	0.00926201755779125	0.0155805773182169	0.00135958965856667	0.00492221156336085	0.00486901380278317	0.00139549647399363	0.00367740596686446	0.0015123855388649	0.00396344196330479	0.00851833553457646	0.00370956802232602	0.00657461427730899	0.00509556758401804	0.000801091307262387	0.00733683904125387	0.00408156837879362	0.00376588974981932	0.0110181791234865	0.00229951878385987	0.00556288714653915	0.00330242418085551	0.00132794589607882	0.010231630886249	0.00226399730805473	0.00174897313285667	0.000398654055358895	0.00353273457291966	0.00046215202509045	0.0120731229854684	0.0101258222054165	0.00242259634758239	0.00314302583372575
HT29_G1_3F_3	0.00117480631035222	0.00200035985716353	0.01923132976465	0.0138263536059622	0.00850633580307833	0.00682857018623809	0.000386377024264575	0.00186802617070513	0.00141482388871208	0	0.00643563165710191	0.00623914636549598	0.00148484790596911	0.00767507421034602	0.0045009163306437	0.00530922662592611	0.00612966813642772	0.0128219174907448	0.00695979945460917	0.00705897734372103	0.0051579974712759	0.0138006323369087	0.00771733012595128	0.0121030211228141	0.00370433256364442	0.0014925444763904	0.00588323554968099	0.00231552941114264	0.00700118186824331	0.00428561106510384	0.00502054207505698	0.00124918441312083	0.00665239840820638	0.0077343567203823	0.0106767708857085	0.0169952137617925	5.52342849813207e-05	0.0063370130724165	0.00345420213335639	0.00281031753622945	0.00509221639865918	0.00292720623739387	0.00254862540500116	0.00710355581683056	0.00512437825126659	0.0051598150897831	0.00368075732585447	0.00221591391554265	0.00592204682067953	0.00549637615447549	0.00235107228461054	0.0124329054824245	0.000884696368290558	0.00414808003785858	0.00188760481199696	8.68780763310432e-05	0.0116463698527502	0.000849174811504718	0.000334149667087641	0.00181347742236246	0.00494754589907211	0.00187697528785134	0.0134878310926953	0.011540562802535	0.00100777422705523	0.00455783942092876
HT29_G1_4A_2	0.00526084552097969	0.00443530073008063	0.0127964833966222	0.0202610530406819	0.00207076111240995	0.0132639031519867	0.00604926226983676	0.00456763331340721	0.00502083094879318	0.00643563165710191	0	0.0126745174378562	0.00792044104371835	0.00123947335119379	0.00193474363170131	0.001126424450354	0.000305969604366194	0.00638654923264229	0.0133951236165452	0.000623359943228661	0.00127765558888305	0.020235334718005	0.0141526011863949	0.0056676103065313	0.00273133201384714	0.00494311125357606	0.000552406652664811	0.00412013334215037	0.000565563040920018	0.0021500505506399	0.0114559844996379	0.0076847846380148	0.000216771425485607	0.00129875758114277	0.00424128527787162	0.0105601563954586	0.00638039852463603	9.86206115371489e-05	0.0098897216215049	0.00362534730862429	0.00134343747831688	0.00350845886834141	0.0089841819651681	0.0135388702007213	0.00131127522983702	0.0115952498655203	0.0101162666835798	0.00421974822334577	0.0123574374230481	0.00093927226223521	0.00878663620618792	0.00599751379155729	0.00732030683017904	0.0105835674150017	0.00832318498521579	0.00634875538394493	0.00521093369265454	0.00728478622398169	0.00676977392595119	0.00462218157370496	0.00148810967585331	0.00455868427446638	0.00705250515208217	0.00510512095785033	0.00744338133053456	0.00187782005403098
HT29_G1_4B_3	0.00741392466076296	0.00823945326611161	0.0254689367027817	0.00758755136948777	0.0147450825364525	0.000589436902740011	0.00662551514741669	0.00810712386892362	0.00765393543411605	0.00623914636549598	0.0126745174378562	0	0.00475432124451989	0.0139138799598478	0.0107399078819798	0.0115481768356129	0.0123685722016171	0.0190602894740153	0.000720669393880505	0.0132978240687313	0.011396955727109	0.00756182828411143	0.00147822088166848	0.0183414634454772	0.00994336084292981	0.00773165373976435	0.0121221539170536	0.00855461215769598	0.0132400323161413	0.0105246129369257	0.00121862412864775	0.0049899820650692	0.0128912708817848	0.0139731584028479	0.0169153434206611	0.0232331156060045	0.00629437953007175	0.0125759048103953	0.00278497536091606	0.00904938227504527	0.0113311781096525	0.00916626649595341	0.00369055136073489	0.000864429416349592	0.0113633382763359	0.00107934933728784	0.00255841952067754	0.00845500010013128	0.000317105640938204	0.0117353162086969	0.00388810361824835	0.0186713159187861	0.0053544652745898	0.00209109442117069	0.00435156807893989	0.00632602267132502	0.0178848552195669	0.00538998631463004	0.00590500305747398	0.00805257685624936	0.0111865151135666	0.00811607269950375	0.019726135116385	0.0177790579610836	0.00523138914386917	0.0107968281950342
HT29_G1_4C_1	0.00265965183913133	0.00348520246472136	0.0207158814502923	0.0123416380802943	0.00999111965485648	0.00534375033100748	0.00187122437961244	0.00335286931585376	0.00289966867443553	0.00148484790596911	0.00792044104371835	0.00475432124451989	0	0.00915986907393408	0.00598574382710459	0.00679404723432604	0.00761448075776916	0.0143066278973865	0.00547498084555396	0.00854377971058901	0.00664281944251566	0.01231591628513	0.00623251923702348	0.0135877456481385	0.00518916589270381	0.00297738900279847	0.00736805067527502	0.00380037063200526	0.00848598491018754	0.00577044023168314	0.00353570778275119	0.000235663717581618	0.00813720541903945	0.00921915083240493	0.0121615211984716	0.0184798274893341	0.00154008212561829	0.00782182351683735	0.00196935943379331	0.00429515627809398	0.00657703895204863	0.00441204433978752	0.00106377957164625	0.00561873860378918	0.00660920052083745	0.00367498172887013	0.00219591560781746	0.0037007555908571	0.00443721909089833	0.00698119502915605	0.000866225935146943	0.013917623622068	0.00060015194265107	0.00266324059468487	0.000402757486664985	0.00157172587798765	0.0131311029568159	0.000635673506323216	0.00115069853205175	0.00329832078138577	0.00643236971009138	0.00336181839748817	0.0149725277534835	0.0130252978510544	0.000477074045552771	0.00604266646425501
HT29_G1_4F_1	0.00650029758122421	0.00567475842721917	0.0115571000815219	0.0215002499598944	0.000831288823328054	0.0145032555167501	0.00728870814272342	0.00580709016480142	0.00626028473654053	0.00767507421034602	0.00123947335119379	0.0139138799598478	0.00915986907393408	0	0.00317421317519021	0.00236589615086742	0.00154544266285288	0.00514709605256938	0.0146344736583529	0.000616113645215147	0.00251712694774058	0.0214745323274477	0.0153919373798242	0.00442815236917069	0.00397079863400987	0.00618256558512424	0.00179187939122838	0.00535959296468922	0.000673910545722521	0.00338951938219546	0.0126953665908352	0.0089242151606701	0.00102270206254939	5.92842774880412e-05	0.00300181975984695	0.0093207431324146	0.00761984156404512	0.00133809388088104	0.0111291260461939	0.00486480970183002	0.00258290867965573	0.0047479218711715	0.0102235978615882	0.014778217672082	0.00255074650889668	0.0128346298175507	0.0113556680735285	0.00545920725085212	0.0135968052226186	0.00217874434615696	0.0100260544654269	0.00475805795947065	0.00855974106831564	0.011822962336409	0.00956260859165218	0.00758819870012061	0.00397147305894722	0.00852422081515872	0.00800921345550352	0.00586163807008876	0.00272758051183491	0.00579814118378146	0.0058130569366662	0.00386565973554432	0.00868281433296545	0.00311728977613915
HT29_G1_4F_2	0.00332611896282945	0.00250056790872441	0.014731047192216	0.018326678720541	0.00400549672519494	0.0113293076424702	0.00411454294823627	0.0026329014057212	0.00308610243124974	0.0045009163306437	0.00193474363170131	0.0107399078819798	0.00598574382710459	0.00317421317519021	0	0.000808320064982099	0.0016287745105561	0.00832124176114782	0.0114605313304021	0.00255810203054899	0.00065708885783744	0.0183009593992305	0.0122180281928819	0.00760231246887358	0.000796590498351309	0.00300838212592647	0.00138233771966611	0.00218539848343736	0.00250030530302401	0.000215307368762244	0.00952134813697081	0.00575008425449385	0.00215151460540274	0.00323349714880523	0.00617600365395802	0.0124947738013568	0.00444568260896387	0.00183612319583241	0.00795505520537389	0.00169060964493175	0.000591306924518747	0.00157372061209712	0.00704950042249284	0.0116042814858773	0.000623469195556772	0.00966061641451783	0.00818160430900366	0.00228501398748023	0.0104228206021935	0.000995472276806285	0.00685195158181457	0.00793221165451201	0.00538560176628563	0.0086489137029425	0.00638849343717351	0.00441403913341376	0.00714564146643924	0.00535008071809259	0.0048350622931447	0.00268745005266316	0.000446634601290761	0.00262395230390617	0.00898718788595824	0.00703982997539284	0.00550867781752295	5.69236819888275e-05
HT29_G1_5A_1	0.00413443341403027	0.00330888459958121	0.0139228089876698	0.01913485285415	0.00319718184003102	0.0121375709966249	0.00492285473616872	0.00344121777527311	0.00389441759145312	0.00530922662592611	0.001126424450354	0.0115481768356129	0.00679404723432604	0.00236589615086742	0.000808320064982099	0	0.000820454987635283	0.00751294684732691	0.0122687933977273	0.00174978377929182	0.000151231247427202	0.0191091339383442	0.0130262825455275	0.00679401320180249	0.0016049100432822	0.00381669750553635	0.000574017976520161	0.00299371588149663	0.0016919869523274	0.00102362734435111	0.0103296277341158	0.00655838887721037	0.00134319571196543	0.00242518025865866	0.00536769696153974	0.0116865121784274	0.00525399312518666	0.00102780389613747	0.00876334664358245	0.00249892798888526	0.000217013192520301	0.00238203915029139	0.00785779776700124	0.0124125421267401	0.00018485091625542	0.0104688948587522	0.00898989416211413	0.00309333117086955	0.0112310924463713	0.000187152287690166	0.0076602501236319	0.0071239143343355	0.00619390817796496	0.00945720015026491	0.00719679466001422	0.00522234977508672	0.00633733964640698	0.00615838729820736	0.00564337119784507	0.00349576628562569	0.00036168552933858	0.00343226869567879	0.00817889736831484	0.0062315275873952	0.00631698363745227	0.000751396400951363
HT29_G1_5A_2	0.00495487993069155	0.00412933394314883	0.0131024277555515	0.0199551468971552	0.0023767299657839	0.0129579602841668	0.00574329802085101	0.00426166670398071	0.00471486498870151	0.00612966813642772	0.000305969604366194	0.0123685722016171	0.00761448075776916	0.00154544266285288	0.0016287745105561	0.000820454987635283	0	0.00669251235020975	0.0130891812912154	0.000929329459116254	0.000971686174799448	0.0199294284101438	0.0138466621010605	0.00597357476812753	0.00242536342643841	0.00463714517760858	0.000246437069119625	0.00381416615427502	0.000871532570007623	0.00184408155450928	0.0111500347199827	0.00737882379239867	0.000522741012618426	0.00160472686707257	0.00454725194741305	0.0108661086745868	0.00607443489699262	0.000207348995881649	0.00958376669811253	0.00331937955361548	0.00103746808754926	0.00320249099044707	0.00867822442354943	0.0132329284760398	0.00100530582750231	0.0112893005810781	0.00981031245588798	0.00391378115890655	0.0120514909587735	0.000633302749079636	0.0084806781278899	0.00630347765560172	0.00701434515337588	0.0102776146738821	0.00801722569626681	0.00604279169544019	0.00551689892763192	0.00697882446840749	0.0064638110728518	0.00431621503906997	0.00118214034107398	0.00425271765288842	0.00735846688693978	0.00541108636309572	0.00713741992971175	0.00157185090231043
HT29_G1_5A_3	0.0116471994500227	0.010821697134076	0.00641018987243232	0.0266458486476248	0.00431581634802451	0.0196496132763256	0.0124355714928887	0.0109540232067583	0.0114071976835723	0.0128219174907448	0.00638654923264229	0.0190602894740153	0.0143066278973865	0.00514709605256938	0.00832124176114782	0.00751294684732691	0.00669251235020975	0	0.0197808196398901	0.00576320065677673	0.00766417376441392	0.0266201342984125	0.020538213550177	0.000718951739405005	0.00911780211847562	0.0113294820546959	0.00693894373905103	0.0105065447944915	0.00582099660927799	0.00853654150821534	0.0178418771692817	0.0140709881665522	0.00616978204097561	0.00508781254244411	0.00214529261679553	0.00417374493472027	0.0127666877616571	0.00648516781848669	0.0162757548256001	0.0100117810871476	0.00772995377184559	0.00989489768982756	0.0153702890009174	0.0199245506443789	0.00769779244700042	0.0179811292495994	0.0165022805680796	0.0106061549890037	0.0187432418045342	0.00732579968030717	0.0151727586286612	0.000389042775350602	0.0137065354305878	0.0169695403734469	0.014709342495657	0.0127350465617743	0.00117563481498158	0.0136710172211766	0.0131560387448482	0.0110085687502837	0.00787462173269093	0.0109450746117122	0.000665970663747069	0.00128144886064819	0.0138296015623236	0.00826432002983232
HT29_G1_5B_1	0.00813457144429149	0.00896009501183655	0.0261893618000975	0.00686690190106718	0.0154656672482525	0.00013123252068281	0.00734616627488478	0.00882776645580611	0.00837458080452576	0.00695979945460917	0.0133951236165452	0.000720669393880505	0.00547498084555396	0.0146344736583529	0.0114605313304021	0.0122687933977273	0.0130891812912154	0.0197808196398901	0	0.0140184241086592	0.0121175736135458	0.00684117867307504	0.000757551912410349	0.0190620036109626	0.0106639906143573	0.00845229864352237	0.0128427653021545	0.00927525184844097	0.0139606329369822	0.0112452381397978	0.00193929262929442	0.00571064074158138	0.0136118749574024	0.0146937514768259	0.0176359023472235	0.0239535805900672	0.00701503234552587	0.0132965119346904	0.0035056410722357	0.00977001859315912	0.0120517965669929	0.00988690199123256	0.00441121462131652	0.000143760069480617	0.0120839564549383	0.00180001799679896	0.00327908574928579	0.00917564044825303	0.00103777491061083	0.0124559311090402	0.00460876626287595	0.0193918515407834	0.00607512244012443	0.00281176159531837	0.0050722291645113	0.00704667532895972	0.0186054015480826	0.00611064332763187	0.00662565775425374	0.00877321978614601	0.0119071348154331	0.00883671522990116	0.0204466556959958	0.0184996056966192	0.00595204683064327	0.0115174511739892
HT29_G1_5B_2	0.00588419576396546	0.00505865364996449	0.0121731711842713	0.0208842778357676	0.00144740209969936	0.0138872047872795	0.00667260955200791	0.00519098583325416	0.00564418201464799	0.00705897734372103	0.000623359943228661	0.0132978240687313	0.00854377971058901	0.000616113645215147	0.00255810203054899	0.00174978377929182	0.000929329459116254	0.00576320065677673	0.0140184241086592	0	0.00190101477487083	0.0208585598553121	0.0147758948586703	0.00504425920046208	0.00335468909504794	0.00556646257804661	0.00117576639362885	0.00474348716999585	5.77969122683799e-05	0.00277340863270484	0.0120793007392353	0.00830812451328698	0.000406588544952638	0.000675397910376885	0.00361793008622412	0.00993682869367637	0.00700374444518645	0.000721980532556072	0.0105130487934673	0.00424870243514654	0.00196679659775279	0.0041318142791044	0.00960751473324795	0.0141621694275874	0.00193463438214239	0.0122185650559336	0.0107395923726543	0.00484310177101324	0.0129807466474956	0.00156263174810676	0.00940997012477429	0.005374163807426	0.00794364850427005	0.0112068899403119	0.00894652150433903	0.00697210143763095	0.00458758114306165	0.0079081280688241	0.00739311815584512	0.00524553392546337	0.00211146863921785	0.00518203682172934	0.00642915920053274	0.00448176809197768	0.00806672240673042	0.00250117853179085
HT29_G1_5B_3	0.00398320342318264	0.00315765414849729	0.0140740256146471	0.0189836498640365	0.00334841227816081	0.0119863509651355	0.00477162528297506	0.00328998739091033	0.00374318745598279	0.0051579974712759	0.00127765558888305	0.011396955727109	0.00664281944251566	0.00251712694774058	0.00065708885783744	0.000151231247427202	0.000971686174799448	0.00766417376441392	0.0121175736135458	0.00190101477487083	0	0.0189579308710841	0.0128750642424935	0.00694524089747265	0.00145367897305287	0.003665467325132	0.000725249192603925	0.00284248528235359	0.00184321796364367	0.000872396164649038	0.0101784045734692	0.00640716084621991	0.00149442680743231	0.00257641103339687	0.00551892597524157	0.0118377330752883	0.00510276392642691	0.00117903505195183	0.00861212118939258	0.00234769718807148	6.57819455188755e-05	0.00223080830726193	0.00770657116258355	0.0122613226166095	3.36196692037728e-05	0.0103176719207626	0.00883866901579921	0.00294210061684514	0.0110798707812323	0.000338383530075946	0.00750902328534199	0.00727514168222567	0.00604267979408151	0.00930597566447059	0.00704556729700224	0.00507112055128819	0.00648856779691462	0.00600715888103503	0.00549214232003197	0.00334453592951677	0.000210454287641561	0.00328103830669396	0.00833012349614694	0.00638275583888621	0.00616575537042864	0.000600165187576721
HT29_G1_5C_2	0.0149753122405777	0.0158007653411606	0.0330275039018566	2.57238758175654e-05	0.0223056178375303	0.00697240786927047	0.0141869699356443	0.015668448399765	0.0152153016025617	0.0138006323369087	0.020235334718005	0.00756182828411143	0.01231591628513	0.0214745323274477	0.0183009593992305	0.0191091339383442	0.0199294284101438	0.0266201342984125	0.00684117867307504	0.0208585598553121	0.0189579308710841	0	0.00608364352406088	0.0259014328633161	0.0175045005459141	0.0152930128799079	0.0196830409656804	0.0161158940263539	0.0208007757817467	0.0180856887658521	0.00878040958916372	0.0125515609384425	0.0204520601548144	0.0215338025932619	0.0244755487300551	0.0307921623950943	0.0138558611144571	0.0201367347151602	0.0103466885611862	0.0166106151861815	0.0188921610470336	0.0167274875676489	0.0112522139925447	0.0066974221027705	0.0189243174074446	0.00864114028679461	0.0101201443665696	0.016016291598483	0.00787892391393774	0.0192962507450527	0.0114497543656463	0.0262312286363383	0.0129160182923646	0.00965284201490474	0.0119131897486953	0.013887501731732	0.0254449018013448	0.0129515367574117	0.0134665150653472	0.0156139064822984	0.0187475150753028	0.015677396392255	0.0272858611380397	0.0253391222021174	0.0127929510078635	0.0183578732257729
HT29_G1_5C_3	0.00889209479517994	0.00971761258074918	0.0269466415010879	0.00610936688682462	0.016223121033946	0.000888784386449332	0.00810369465655266	0.00958528498690723	0.00913210252856914	0.00771733012595128	0.0141526011863949	0.00147822088166848	0.00623251923702348	0.0153919373798242	0.0122180281928819	0.0130262825455275	0.0138466621010605	0.020538213550177	0.000757551912410349	0.0147758948586703	0.0128750642424935	0.00608364352406088	0	0.0198194084551995	0.0114214945925117	0.00920981983124578	0.013600248670057	0.0100327670715617	0.0147181043316617	0.012002736973288	0.00269684245971213	0.00646817802237152	0.0143693501889644	0.0154512145069106	0.0183933277512999	0.0247109035312819	0.00777256269661666	0.014053990556603	0.00426318704734223	0.0105275299796189	0.0128092878347793	0.0106444124438704	0.00516875748655607	0.000613791878161071	0.012841447410795	0.00255756807621764	0.00403663240167767	0.00993315642106036	0.00179532608043857	0.0132134183998262	0.00536630836422572	0.0201492514150879	0.00683265791780155	0.00356930951706995	0.00582976935386504	0.00780420549554144	0.0193628131392365	0.00686817862406906	0.00738319031239272	0.00953073870991082	0.0126646274766353	0.00959423369635271	0.0212040391380532	0.0192570188290069	0.00670958292876312	0.0122749475094575
HT29_G1_5D_1	0.0109282930611098	0.0101027843082899	0.00712912568416266	0.0259271477112019	0.0035968700898623	0.01893079539733	0.0117166717173664	0.0102351113792553	0.0106882893718314	0.0121030211228141	0.0056676103065313	0.0183414634454772	0.0135877456481385	0.00442815236917069	0.00760231246887358	0.00679401320180249	0.00597357476812753	0.000718951739405005	0.0190620036109626	0.00504425920046208	0.00694524089747265	0.0259014328633161	0.0198194084551995	0	0.00839887757877468	0.0106105731293668	0.00622000728844158	0.00978762964266594	0.00510205537583789	0.00781761345515718	0.0171230351206287	0.0133521035678483	0.00545084220336885	0.0043688686590777	0.00142634195499227	0.00489268953757309	0.0120477908998718	0.00576622931823798	0.0155568938192091	0.00929286242976514	0.00701102124872466	0.00917597823033553	0.014651417868733	0.0192057366570474	0.00697885975538597	0.0172622889754491	0.0157834221904069	0.0098872405645415	0.018024411499917	0.00660686509413303	0.0144538853684973	0.000329909009210778	0.0129876472789357	0.0162506875390517	0.0139904643568012	0.0120161494180715	0.000456683264432248	0.0129521287285133	0.0124371454124417	0.0102896573379997	0.00715568997669376	0.0102261627162973	0.00138492207942641	0.000562497374756055	0.0131107145994375	0.00754539041553655
HT29_G1_5D_2	0.00252953185615284	0.00170397912626935	0.015527547541553	0.0175302202503295	0.00480207954090238	0.0105327657426537	0.00331795795881392	0.00183631285467343	0.00228951478041552	0.00370433256364442	0.00273133201384714	0.00994336084292981	0.00518916589270381	0.00397079863400987	0.000796590498351309	0.0016049100432822	0.00242536342643841	0.00911780211847562	0.0106639906143573	0.00335468909504794	0.00145367897305287	0.0175045005459141	0.0114214945925117	0.00839887757877468	0	0.00221179430887412	0.00217892701098593	0.00138880920680195	0.00329689250268024	0.000581283179776853	0.00872479139256865	0.00495350527387421	0.00294810256442063	0.00403008243723952	0.00697257699916196	0.0132912986667201	0.00364909865971163	0.00263271175819172	0.00715848779923631	0.000894019754525293	0.00138789709385388	0.000777130605632964	0.00625292777835722	0.010807742083164	0.00142005933881454	0.00886406071671745	0.00738503831923946	0.00148842485837093	0.00962627091847611	0.00179206205996386	0.00605537788485003	0.00872877463350853	0.00458902125716126	0.0078523507689302	0.00559191739629622	0.00361745508093394	0.0079422093860561	0.00455350006583135	0.00403847968144723	0.00189086160115399	0.00124322487687425	0.00182736373677083	0.00978374348246638	0.00783639852279296	0.00471209781236613	0.000853514160350759
HT29_G1_5D_3	0.000317738450387145	0.000507816153845517	0.0177390393103668	0.0153187335616625	0.00701383635566094	0.00832107092636791	0.00110616777794342	0.000375482228129216	7.77206720767405e-05	0.0014925444763904	0.00494311125357606	0.00773165373976435	0.00297738900279847	0.00618256558512424	0.00300838212592647	0.00381669750553635	0.00463714517760858	0.0113294820546959	0.00845229864352237	0.00556646257804661	0.003665467325132	0.0152930128799079	0.00920981983124578	0.0106105731293668	0.00221179430887412	0	0.00439071063436537	0.000822986384408466	0.00550866655550668	0.00279307567154557	0.00651306144112884	0.00274172627220963	0.00515987989956286	0.00624184871575913	0.0091843002143982	0.0155028660220701	0.00143731025248705	0.00484449183000778	0.00494673351476894	0.00131777587530415	0.00359968581700845	0.00143466495318154	0.00404116199743451	0.00859605327540873	0.00363184788172633	0.00665233320268812	0.00517328720506691	0.000723370658672266	0.00741455753881908	0.00400384835091856	0.00384360984546815	0.0109404631577193	0.002377239238233	0.00564060656691215	0.00338014440849308	0.00140566649348806	0.0101539142744176	0.00234171776900792	0.00182669367752107	0.000320933389133258	0.00345501438250858	0.00038443136076192	0.0119954079599354	0.0100481055102688	0.00250031677845482	0.00306530554217663
HT29_G1_5E_1	0.00470844575701384	0.0038828988618593	0.0133488435993426	0.0197087595833035	0.00262316626829394	0.0127115438670854	0.00549686487383482	0.00401523175669354	0.0044684305335263	0.00588323554968099	0.000552406652664811	0.0121221539170536	0.00736805067527502	0.00179187939122838	0.00138233771966611	0.000574017976520161	0.000246437069119625	0.00693894373905103	0.0128427653021545	0.00117576639362885	0.000725249192603925	0.0196830409656804	0.013600248670057	0.00622000728844158	0.00217892701098593	0.00439071063436537	0	0.00356773077157137	0.00111796951913262	0.0015976448495353	0.0109036128589105	0.00713239327516876	0.000769178032324726	0.00185116357065541	0.00479368634321364	0.0111125310497251	0.00582800222782799	0.000453786053808094	0.00933734080072901	0.00307294374776176	0.00079103111971578	0.00295605509356114	0.0084317964789943	0.0129865129609734	0.00075886885250125	0.0110428791093909	0.00956388710342916	0.00366734586874382	0.011805071706677	0.00038686570990649	0.008234249764536	0.0065499096721621	0.00676791399149741	0.0100311904869419	0.00777079638937595	0.00579635897943014	0.00576333210195388	0.00673239324551092	0.0062173790010196	0.00406978014826794	0.000935703408592176	0.00400628269639386	0.00760489711677045	0.00565751968175673	0.00689098898176581	0.00132541409054811
HT29_G1_5E_2	0.00114072468306338	0.000315170297454642	0.016916175776879	0.0161416143593382	0.00619086798872411	0.00914402511400468	0.00192915326775181	0.000447504226596057	0.000900707026491288	0.00231552941114264	0.00412013334215037	0.00855461215769598	0.00380037063200526	0.00535959296468922	0.00218539848343736	0.00299371588149663	0.00381416615427502	0.0105065447944915	0.00927525184844097	0.00474348716999585	0.00284248528235359	0.0161158940263539	0.0100327670715617	0.00978762964266594	0.00138880920680195	0.000822986384408466	0.00356773077157137	0	0.00468569090191302	0.00197009158263216	0.00733602765447176	0.00356470855053894	0.00433690282246307	0.00541887637995747	0.00836134560746912	0.0146799730692226	0.00226029527431496	0.00402151355177233	0.00576970787434288	0.000494789763361373	0.00277670359800717	0.000611678935479357	0.00486414010980071	0.00941900538666694	0.00280886574845497	0.00747529858980568	0.00599626051632038	9.96157559215323e-05	0.00823751810840976	0.00318086727126376	0.00466658868365423	0.010117522476618	0.00320022242798459	0.00646357757710231	0.00420312481927629	0.00222865156399542	0.00933096704862969	0.0031647010415418	0.0026496780308375	0.000502053062811466	0.00263203178851218	0.000438555094354112	0.0111724768375847	0.00922515744211926	0.00332329967304287	0.00224232202412361
HT29_G1_5E_3	0.00582639984687693	0.00500085747121277	0.0122309638697099	0.0208264937943508	0.00150519894947328	0.013829413507473	0.00661481392229555	0.00513318969375034	0.00558638601734215	0.00700118186824331	0.000565563040920018	0.0132400323161413	0.00848598491018754	0.000673910545722521	0.00250030530302401	0.0016919869523274	0.000871532570007623	0.00582099660927799	0.0139606329369822	5.77969122683799e-05	0.00184321796364367	0.0208007757817467	0.0147181043316617	0.00510205537583789	0.00329689250268024	0.00550866655550668	0.00111796951913262	0.00468569090191302	0	0.00271561193806679	0.0120215080758881	0.00825032959699755	0.000348791636553009	0.000733194808663251	0.00367572661713697	0.00999462277882156	0.00694594894711863	0.000664183633821082	0.0104552550909539	0.00419090603860069	0.00190899979376164	0.00407401785429403	0.00954972049711597	0.0141043783755683	0.00187683757457377	0.0121607724921296	0.0106817988113261	0.00478530553055177	0.0129229546492666	0.00150483490355057	0.00935217577875112	0.00543195988415357	0.0078858534152578	0.0111490966799383	0.00888872690964165	0.00691430592670508	0.00464537744482744	0.00785033296340416	0.00733532282088692	0.00518773780243424	0.00205367185203963	0.00512424067953671	0.00648695492057077	0.00453956442133655	0.00800892737515388	0.00244338179601443
HT29_G1_5F_3	0.00311081272050611	0.00228526116136533	0.0149463311239337	0.0181114081923305	0.00422080227025644	0.0111140141236391	0.00389923732789591	0.00241759472924858	0.00287079602671902	0.00428561106510384	0.0021500505506399	0.0105246129369257	0.00577044023168314	0.00338951938219546	0.000215307368762244	0.00102362734435111	0.00184408155450928	0.00853654150821534	0.0112452381397978	0.00277340863270484	0.000872396164649038	0.0180856887658521	0.012002736973288	0.00781761345515718	0.000581283179776853	0.00279307567154557	0.0015976448495353	0.00197009158263216	0.00271561193806679	0	0.00930605049187695	0.0055347803614293	0.00236682142367083	0.00344880331348889	0.00639130677618349	0.0127100642185138	0.00423037729067729	0.00205143015727327	0.00773975457979231	0.00147530254704358	0.000806614241855656	0.001358413475514	0.00683419832404829	0.0113889886593079	0.000838776507780597	0.00944531906108833	0.00796630408052977	0.00206970713287223	0.0102075249223353	0.00121077951522929	0.00663664918634884	0.00814751208563727	0.0051702974371051	0.0084336143298671	0.00617319037893369	0.00419873378522297	0.00736094318335144	0.00513477634796687	0.00461975736093895	0.002472143406572	0.00066194193806313	0.00240864562254381	0.00920248638822281	0.00725513185530282	0.00529337363229066	0.000272231048659232
HT29_G2_4G_1	0.00619532957714629	0.00702086567844665	0.0242506941483479	0.00880613240151079	0.0135265833347892	0.00180806035038364	0.00540691369528846	0.00688853502282532	0.00643534244267849	0.00502054207505698	0.0114559844996379	0.00121862412864775	0.00353570778275119	0.0126953665908352	0.00952134813697081	0.0103296277341158	0.0111500347199827	0.0178418771692817	0.00193929262929442	0.0120793007392353	0.0101784045734692	0.00878040958916372	0.00269684245971213	0.0171230351206287	0.00872479139256865	0.00651306144112884	0.0109036128589105	0.00733602765447176	0.0120215080758881	0.00930605049187695	0	0.00377136987454075	0.0116727412314135	0.0127546460165244	0.0156968851354668	0.0220148083647872	0.00507577563396697	0.0113573703952955	0.00156635400754253	0.00783080286184507	0.0101126260721207	0.00794768832937187	0.0024719330291587	0.00208305239389759	0.0101447866703025	0.000139274886845823	0.00133979757351768	0.00723641460872411	0.000901518669903942	0.0105167696854416	0.00266948608333834	0.0174528948689028	0.00413585518736618	0.000872471454362703	0.00313295260598569	0.00510741900286762	0.0166664170379523	0.00417137644128497	0.00468639646261043	0.00683398749771604	0.00996796115073174	0.006897483937801	0.0185077381984491	0.0165606175311051	0.00401277832782338	0.00957826917337154
HT29_G2_4G_2	0.00242398890134969	0.00324954011549401	0.0204802678782872	0.0125772826539991	0.00975546761500335	0.00557941040497665	0.00163556103267348	0.00311720686129159	0.00266400589089854	0.00124918441312083	0.0076847846380148	0.0049899820650692	0.000235663717581618	0.0089242151606701	0.00575008425449385	0.00655838887721037	0.00737882379239867	0.0140709881665522	0.00571064074158138	0.00830812451328698	0.00640716084621991	0.0125515609384425	0.00646817802237152	0.0133521035678483	0.00495350527387421	0.00274172627220963	0.00713239327516876	0.00356470855053894	0.00825032959699755	0.0055347803614293	0.00377136987454075	0	0.00790154942318217	0.00898349704739263	0.0119258748098242	0.0182442037330122	0.00130441865145795	0.00758616692832727	0.00220502262294796	0.0040594946649357	0.00634138025340895	0.00417638284579473	0.00129944312113147	0.00585439830000579	0.00637354187210698	0.00391064369390989	0.0024315786754764	0.00346509342218512	0.0046728802775083	0.00674553697551495	0.00110188953666616	0.013681982605118	0.000364488251519478	0.00289890337197884	0.000638421172992071	0.00133606241481418	0.0128954594459547	0.000400009819615623	0.000915034942160361	0.00306265828461035	0.00619671078997187	0.00312615594989923	0.014736890304898	0.0127896540155953	0.000241410342068516	0.00580700697216983
HT29_G2_4H_1	0.00547761380485742	0.00465206990852565	0.0125797291321325	0.02047777835961	0.0018539901014819	0.0134806548846221	0.00626602955879861	0.00478440235855632	0.00523759950826385	0.00665239840820638	0.000216771425485607	0.0128912708817848	0.00813720541903945	0.00102270206254939	0.00215151460540274	0.00134319571196543	0.000522741012618426	0.00616978204097561	0.0136118749574024	0.000406588544952638	0.00149442680743231	0.0204520601548144	0.0143693501889644	0.00545084220336885	0.00294810256442063	0.00515987989956286	0.000769178032324726	0.00433690282246307	0.000348791636553009	0.00236682142367083	0.0116727412314135	0.00790154942318217	0	0.00108198630739013	0.00402451569120122	0.0103433966462495	0.00659716535465314	0.000315392033809909	0.0101064820861008	0.00384211721879674	0.00156020867660518	0.00372522887221309	0.00920094433598921	0.0137556211079118	0.00152804643814913	0.0118120062385559	0.01033302664247	0.00443651761062953	0.0125741917549401	0.00115604357009977	0.00900339896840283	0.00578074609305678	0.00753707222485869	0.0108003262942505	0.00853994863137688	0.0065655222588759	0.00499416506742198	0.00750155167647165	0.00698654018517803	0.00483895056279776	0.00170488082622559	0.0047754533287725	0.00683573890229666	0.00488835221796351	0.00766014652270437	0.00209459105269035
HT29_G2_4H_2	0.00655958059103366	0.00573404173831572	0.0114978196673048	0.021559520191713	0.000772004564716454	0.0145625334513507	0.00734799082635359	0.00586637343035922	0.00631956783817664	0.0077343567203823	0.00129875758114277	0.0139731584028479	0.00921915083240493	5.92842774880412e-05	0.00323349714880523	0.00242518025865866	0.00160472686707257	0.00508781254244411	0.0146937514768259	0.000675397910376885	0.00257641103339687	0.0215338025932619	0.0154512145069106	0.0043688686590777	0.00403008243723952	0.00624184871575913	0.00185116357065541	0.00541887637995747	0.000733194808663251	0.00344880331348889	0.0127546460165244	0.00898349704739263	0.00108198630739013	0	0.00294253574187427	0.00926146137149308	0.00767912409945524	0.0013973781031237	0.0111884066001217	0.00492409326859971	0.00264219275524021	0.00480720547157458	0.0102828789989196	0.0148374953620967	0.00261003058942523	0.0128939091355871	0.0114149484736213	0.00551849063383467	0.013656083930195	0.00223802847945084	0.0100853357233471	0.00469877433741766	0.00861902314672681	0.0118822424091979	0.00962189012309095	0.00764748124998091	0.00391218923741036	0.00858350291181877	0.00806849580811192	0.00592092131657009	0.00278686456440365	0.00585742445244437	0.00575377363846305	0.00380637588990274	0.00874209634755339	0.00317657376046524
HT29_G2_5A_1	0.00950202470234696	0.00867650441571636	0.00855542535578472	0.0245012645289163	0.00217053361830766	0.0175046906593722	0.0102904152984074	0.00880883326897448	0.00926201755779125	0.0106767708857085	0.00424128527787162	0.0169153434206611	0.0121615211984716	0.00300181975984695	0.00617600365395802	0.00536769696153974	0.00454725194741305	0.00214529261679553	0.0176359023472235	0.00361793008622412	0.00551892597524157	0.0244755487300551	0.0183933277512999	0.00142634195499227	0.00697257699916196	0.0091843002143982	0.00479368634321364	0.00836134560746912	0.00367572661713697	0.00639130677618349	0.0156968851354668	0.0119258748098242	0.00402451569120122	0.00294253574187427	0	0.00631901000126472	0.0106215397657019	0.00433990498665029	0.0141307085665074	0.00786657218095294	0.00558470691001303	0.0077496865652814	0.0132252138823146	0.0177796392287813	0.00555254513060901	0.0158361423024582	0.0143572418139123	0.00846095782315466	0.0165982834658396	0.0051805472680934	0.0130276774559922	0.00175625055916613	0.011561412017766	0.014824517460849	0.0125642474590016	0.0105898977719742	0.000969659000448899	0.011525892843985	0.01101090069728	0.00886337996978044	0.0057293769431452	0.00879988448468877	0.00281126131646011	0.000863844920164408	0.0116844815124403	0.00611908104705086
HT29_G2_5A_2	0.0158205655423561	0.014995108780064	0.00223647377548655	0.0308178735955085	0.00848948662481853	0.0238223862651338	0.016608891376059	0.0151274277452288	0.0155805773182169	0.0169952137617925	0.0105601563954586	0.0232331156060045	0.0184798274893341	0.0093207431324146	0.0124947738013568	0.0116865121784274	0.0108661086745868	0.00417374493472027	0.0239535805900672	0.00993682869367637	0.0118377330752883	0.0307921623950943	0.0247109035312819	0.00489268953757309	0.0132912986667201	0.0155028660220701	0.0111125310497251	0.0146799730692226	0.00999462277882156	0.0127100642185138	0.0220148083647872	0.0182442037330122	0.0103433966462495	0.00926146137149308	0.00631901000126472	0	0.0169399874471739	0.010658771530495	0.0204488115865712	0.0141852346196145	0.0119035104341651	0.0140683570380728	0.0195434135152501	0.0240972983201715	0.0118713504065246	0.0221540487648222	0.0206753198247614	0.0147795780533575	0.0229160958987037	0.0114993723290372	0.0193458974536491	0.00456278411009777	0.0178797752350772	0.0211425428218348	0.0188825142347586	0.0169083481975775	0.00534936698364008	0.0178442593573734	0.017329314081681	0.0151819703373677	0.0120481725063311	0.0151184796331626	0.00350777900259829	0.00545517960328274	0.0180028332459433	0.0124378545041686
HT29_G2_5A_3	0.00111957206303603	0.00194512568253264	0.0191761056605307	0.0138815823628232	0.00845110353013404	0.00688380312923018	0.000331142743399947	0.00181279198183709	0.00135958965856667	5.52342849813207e-05	0.00638039852463603	0.00629437953007175	0.00154008212561829	0.00761984156404512	0.00444568260896387	0.00525399312518666	0.00607443489699262	0.0127666877616571	0.00701503234552587	0.00700374444518645	0.00510276392642691	0.0138558611144571	0.00777256269661666	0.0120477908998718	0.00364909865971163	0.00143731025248705	0.00582800222782799	0.00226029527431496	0.00694594894711863	0.00423037729067729	0.00507577563396697	0.00130441865145795	0.00659716535465314	0.00767912409945524	0.0106215397657019	0.0169399874471739	0	0.00628177990491696	0.00350943607336629	0.00275508346998098	0.0050369828350411	0.00287197218981175	0.0026038595010932	0.00715878864953696	0.00506914469677126	0.00521504860798575	0.0037359912194776	0.0021606797660928	0.00597728009615482	0.00544114271004836	0.00240630640855727	0.0123776754826323	0.000939930629188918	0.00420331382646806	0.00194283899246353	3.16437928015827e-05	0.0115911393305916	0.000904409074118243	0.000389383947812554	0.00175824322787141	0.00489231229498217	0.00182174109988267	0.0134326018459001	0.0114853322126656	0.001063008481212	0.00450260571361053
HT29_G2_5B_2	0.00516222625721809	0.00433668107215945	0.0128950960016464	0.0201624530910664	0.00216938150293779	0.0131652912939404	0.00595064344645427	0.00446901371405834	0.00492221156336085	0.0063370130724165	9.86206115371489e-05	0.0125759048103953	0.00782182351683735	0.00133809388088104	0.00183612319583241	0.00102780389613747	0.000207348995881649	0.00648516781848669	0.0132965119346904	0.000721980532556072	0.00117903505195183	0.0201367347151602	0.014053990556603	0.00576622931823798	0.00263271175819172	0.00484449183000778	0.000453786053808094	0.00402151355177233	0.000664183633821082	0.00205143015727327	0.0113573703952955	0.00758616692832727	0.000315392033809909	0.0013973781031237	0.00433990498665029	0.010658771530495	0.00628177990491696	0	0.00979110584322289	0.0035267273304065	0.00124481694950033	0.00340983884931551	0.00888556533372463	0.013440258713939	0.00121265469705008	0.0114966359222132	0.0100176511318435	0.00412112847378432	0.0122588243965242	0.000840651689875242	0.00868801939974373	0.0060961326140379	0.00722168884887428	0.0104849523471985	0.00822456778380804	0.00625013674427502	0.00530955294897297	0.00718616821691925	0.00667115555985962	0.00452356199903204	0.00138948916660306	0.00446006467111943	0.0071511232990605	0.00520374026796634	0.00734476343943288	0.00177919960779643
HT29_G2_5B_3	0.00462899879455602	0.00545454265124213	0.0226847754415448	0.0103724109640472	0.0119603591093479	0.00337440936493429	0.00384057652202653	0.00532221067935357	0.00486901380278317	0.00345420213335639	0.0098897216215049	0.00278497536091606	0.00196935943379331	0.0111291260461939	0.00795505520537389	0.00876334664358245	0.00958376669811253	0.0162757548256001	0.0035056410722357	0.0105130487934673	0.00861212118939258	0.0103466885611862	0.00426318704734223	0.0155568938192091	0.00715848779923631	0.00494673351476894	0.00933734080072901	0.00576970787434288	0.0104552550909539	0.00773975457979231	0.00156635400754253	0.00220502262294796	0.0101064820861008	0.0111884066001217	0.0141307085665074	0.0204488115865712	0.00350943607336629	0.00979110584322289	0	0.00626448849781541	0.00854634170163555	0.00638137530159748	0.000905580843273211	0.00364940017805769	0.00857850278123131	0.0017056287007143	0.000226556681772043	0.00567009378520756	0.00246787085888646	0.00895049148299284	0.00110313447162517	0.0158867621686621	0.00256950980929054	0.000693883046973068	0.00156660258914758	0.00354107966280092	0.0151002641050429	0.00260503125723308	0.00312005431978632	0.00526766261977743	0.00840167463477322	0.00533115968246787	0.0169416341191548	0.0149944619487599	0.00244643229320097	0.00801197704196887
HT29_G2_5E_1	0.00163551397737439	0.000809959996763458	0.0164214542753697	0.0166363353009746	0.00569608700791819	0.00963879249298666	0.00242394185447684	0.00094229388397795	0.00139549647399363	0.00281031753622945	0.00362534730862429	0.00904938227504527	0.00429515627809398	0.00486480970183002	0.00169060964493175	0.00249892798888526	0.00331937955361548	0.0100117810871476	0.00977001859315912	0.00424870243514654	0.00234769718807148	0.0166106151861815	0.0105275299796189	0.00929286242976514	0.000894019754525293	0.00131777587530415	0.00307294374776176	0.000494789763361373	0.00419090603860069	0.00147530254704358	0.00783080286184507	0.0040594946649357	0.00384211721879674	0.00492409326859971	0.00786657218095294	0.0141852346196145	0.00275508346998098	0.0035267273304065	0.00626448849781541	0	0.00228191541953525	0.000116889189719794	0.00535892328929652	0.00991377142630733	0.00231407761087873	0.00797007325435101	0.00649104043454665	0.000594405504395575	0.00873228962430979	0.00268607964392189	0.00516137236493677	0.00962275684130758	0.00369500921096632	0.00695835595718813	0.00469790959945614	0.00272343979946522	0.0088361977388427	0.00365948788609822	0.00314446569568954	0.000996842700432416	0.00213724343246353	0.000933344754820419	0.0106777166000599	0.00873038766089641	0.00381808623784497	0.00174753324157736
HT29_G2_5E_2	0.00391742199524942	0.00309187252628881	0.0141398011002179	0.0189178800733638	0.00341419384810136	0.011920573811953	0.00470584408324276	0.00322420579676458	0.00367740596686446	0.00509221639865918	0.00134343747831688	0.0113311781096525	0.00657703895204863	0.00258290867965573	0.000591306924518747	0.000217013192520301	0.00103746808754926	0.00772995377184559	0.0120517965669929	0.00196679659775279	6.57819455188755e-05	0.0188921610470336	0.0128092878347793	0.00701102124872466	0.00138789709385388	0.00359968581700845	0.00079103111971578	0.00277670359800717	0.00190899979376164	0.000806614241855656	0.0101126260721207	0.00634138025340895	0.00156020867660518	0.00264219275524021	0.00558470691001303	0.0119035104341651	0.0050369828350411	0.00124481694950033	0.00854634170163555	0.00228191541953525	0	0.00216502652125735	0.00764079118098268	0.0121955456882317	3.21622761610306e-05	0.0102518935152721	0.00877288966031827	0.00287631895144629	0.0110140929239438	0.00040416547181787	0.00744324320342626	0.0073409218798278	0.00597689905038537	0.00924019659295429	0.0069797869901531	0.00500533944921382	0.00655434834927744	0.00594137812310548	0.00542636136545879	0.00327875434732314	0.000144672342381965	0.00321525671061641	0.00839590315550846	0.00644853643594053	0.00609997467666836	0.000534383252271621
HT29_G2_5E_3	0.0017524029972986	0.000926849142369786	0.0163045806167356	0.0167532076299679	0.00557919968626502	0.00975567604564531	0.00254083067861913	0.0010591830147702	0.0015123855388649	0.00292720623739387	0.00350845886834141	0.00916626649595341	0.00441204433978752	0.0047479218711715	0.00157372061209712	0.00238203915029139	0.00320249099044707	0.00989489768982756	0.00988690199123256	0.0041318142791044	0.00223080830726193	0.0167274875676489	0.0106444124438704	0.00917597823033553	0.000777130605632964	0.00143466495318154	0.00295605509356114	0.000611678935479357	0.00407401785429403	0.001358413475514	0.00794768832937187	0.00417638284579473	0.00372522887221309	0.00480720547157458	0.0077496865652814	0.0140683570380728	0.00287197218981175	0.00340983884931551	0.00638137530159748	0.000116889189719794	0.00216502652125735	0	0.00547581072970837	0.010030654652598	0.00219718872104315	0.00808695858860253	0.00660792706350023	0.000711294669326443	0.00884917418711042	0.00256919086117236	0.00527825993105677	0.00950587300260422	0.00381189756298465	0.00707524220584445	0.00481479744197389	0.00284032852982719	0.00871931306057446	0.00377637625393738	0.0032613542760171	0.00111373182469283	0.00202035449744734	0.0010502338867166	0.0105608339983253	0.00861350287509283	0.00393497453383244	0.00163064421989586
HT29_G2_5F_1	0.00372342599536392	0.00454897337587015	0.0217794199148463	0.0112779361287707	0.0110548393938185	0.00427998339712262	0.00293500094494073	0.0044166407968384	0.00396344196330479	0.00254862540500116	0.0089841819651681	0.00369055136073489	0.00106377957164625	0.0102235978615882	0.00704950042249284	0.00785779776700124	0.00867822442354943	0.0153702890009174	0.00441121462131652	0.00960751473324795	0.00770657116258355	0.0112522139925447	0.00516875748655607	0.014651417868733	0.00625292777835722	0.00404116199743451	0.0084317964789943	0.00486414010980071	0.00954972049711597	0.00683419832404829	0.0024719330291587	0.00129944312113147	0.00920094433598921	0.0102828789989196	0.0132252138823146	0.0195434135152501	0.0026038595010932	0.00888556533372463	0.000905580843273211	0.00535892328929652	0.00764079118098268	0.00547581072970837	0	0.00455497317908788	0.0076729525015465	0.00261120744818216	0.00113213740431215	0.00476452553325083	0.00337344778062567	0.00804494405859786	0.000197553730556173	0.0149812908079534	0.00166393096675292	0.00159946336865714	0.000661022231119649	0.00263550318123813	0.0141947819600499	0.00169945248557864	0.00221447670742741	0.00436209249170786	0.00749612304190474	0.00442558984051456	0.0160361780810265	0.0140889783948555	0.00154085321420495	0.00710642265555194
HT29_G2_5F_2	0.00827832647191581	0.00910384898058688	0.0263330714280364	0.00672314535753768	0.0156094094150598	0.000274992587181158	0.00748992222055569	0.00897152060099852	0.00851833553457646	0.00710355581683056	0.0135388702007213	0.000864429416349592	0.00561873860378918	0.014778217672082	0.0116042814858773	0.0124125421267401	0.0132329284760398	0.0199245506443789	0.000143760069480617	0.0141621694275874	0.0122613226166095	0.0066974221027705	0.000613791878161071	0.0192057366570474	0.010807742083164	0.00859605327540873	0.0129865129609734	0.00941900538666694	0.0141043783755683	0.0113889886593079	0.00208305239389759	0.00585439830000579	0.0137556211079118	0.0148374953620967	0.0177796392287813	0.0240972983201715	0.00715878864953696	0.013440258713939	0.00364940017805769	0.00991377142630733	0.0121955456882317	0.010030654652598	0.00455497317908788	0	0.0122277055184757	0.00194377780217483	0.00342284497309496	0.00931939412412891	0.00118153488747106	0.0125996794943408	0.00475252468487561	0.0195355836590229	0.00621887967331059	0.00295552103829071	0.00521598724521033	0.00719043159942987	0.0187491358533483	0.0062544005280823	0.00676941445899589	0.0089169740033175	0.012050884194384	0.008980469363239	0.0205903847448071	0.0186433402894561	0.00609580417584923	0.0116612012321018
HT29_G2_5G_2	0.00394958402094242	0.00312403464650351	0.0141076419896914	0.0189500364174699	0.00338203175696319	0.011952733751966	0.00473800599779747	0.00325636790334432	0.00370956802232602	0.00512437825126659	0.00131127522983702	0.0113633382763359	0.00660920052083745	0.00255074650889668	0.000623469195556772	0.00018485091625542	0.00100530582750231	0.00769779244700042	0.0120839564549383	0.00193463438214239	3.36196692037728e-05	0.0189243174074446	0.012841447410795	0.00697885975538597	0.00142005933881454	0.00363184788172633	0.00075886885250125	0.00280886574845497	0.00187683757457377	0.000838776507780597	0.0101447866703025	0.00637354187210698	0.00152804643814913	0.00261003058942523	0.00555254513060901	0.0118713504065246	0.00506914469677126	0.00121265469705008	0.00857850278123131	0.00231407761087873	3.21622761610306e-05	0.00219718872104315	0.0076729525015465	0.0122277055184757	0	0.0102840540666564	0.00880505067538063	0.00290848109266155	0.0110462532077138	0.00037200319719673	0.00747540457292991	0.00730876046179285	0.00600906074264608	0.00927235746942839	0.0070119484693829	0.00503750131617054	0.00652218675736933	0.005973539822319	0.00545852316052233	0.00331091644806483	0.000176834619071432	0.00324741881812517	0.00836374200120564	0.00641637482211314	0.00613213634459159	0.000566545524135001
HT29_G2_5H_1	0.00633460163201368	0.00716013694153497	0.0243899273306165	0.00866686313236627	0.0136658450076373	0.00166878568328839	0.00554618641599889	0.00702780641931256	0.00657461427730899	0.0051598150897831	0.0115952498655203	0.00107934933728784	0.00367498172887013	0.0128346298175507	0.00966061641451783	0.0104688948587522	0.0112893005810781	0.0179811292495994	0.00180001799679896	0.0122185650559336	0.0103176719207626	0.00864114028679461	0.00255756807621764	0.0172622889754491	0.00886406071671745	0.00665233320268812	0.0110428791093909	0.00747529858980568	0.0121607724921296	0.00944531906108833	0.000139274886845823	0.00391064369390989	0.0118120062385559	0.0128939091355871	0.0158361423024582	0.0221540487648222	0.00521504860798575	0.0114966359222132	0.0017056287007143	0.00797007325435101	0.0102518935152721	0.00808695858860253	0.00261120744818216	0.00194377780217483	0.0102840540666564	0	0.00147907231665425	0.00737568564917751	0.000762243832839027	0.0106560365301385	0.00280876042684824	0.0175921479181693	0.00427512879501909	0.001011746277266	0.00327222675027366	0.00524669195333339	0.016805671983449	0.00431065002728363	0.00482566971444481	0.00697325894849942	0.01010722880254	0.00703675532535823	0.0186469885724833	0.0166998727252611	0.00415205200909069	0.00971753737271982
HT29_G2_5H_3	0.00485555284781177	0.00568109571310613	0.0229112727394811	0.0101458668327231	0.0121868989074386	0.00314785393856572	0.00406713137512	0.00554876391070327	0.00509556758401804	0.00368075732585447	0.0101162666835798	0.00255841952067754	0.00219591560781746	0.0113556680735285	0.00818160430900366	0.00898989416211413	0.00981031245588798	0.0165022805680796	0.00327908574928579	0.0107395923726543	0.00883866901579921	0.0101201443665696	0.00403663240167767	0.0157834221904069	0.00738503831923946	0.00517328720506691	0.00956388710342916	0.00599626051632038	0.0106817988113261	0.00796630408052977	0.00133979757351768	0.0024315786754764	0.01033302664247	0.0114149484736213	0.0143572418139123	0.0206753198247614	0.0037359912194776	0.0100176511318435	0.000226556681772043	0.00649104043454665	0.00877288966031827	0.00660792706350023	0.00113213740431215	0.00342284497309496	0.00880505067538063	0.00147907231665425	0	0.00589664656238902	0.0022413148302367	0.00917703861332633	0.0013296909808065	0.0161132893477973	0.00279606564841702	0.000467326403644163	0.00179315894078659	0.00376763478199436	0.0153267940866288	0.00283158707391344	0.00334660977789203	0.00549421591983894	0.00862822288094401	0.0055577129025078	0.0171681573248364	0.0152209922968779	0.00267298820780483	0.00823852603885347
HT29_G2_6A_1	0.0010411089871765	0.000215554545275561	0.0170157772817985	0.0160420119746256	0.00629048179046676	0.00904441359006857	0.00182953769080873	0.000347888478480628	0.000801091307262387	0.00221591391554265	0.00421974822334577	0.00845500010013128	0.0037007555908571	0.00545920725085212	0.00228501398748023	0.00309333117086955	0.00391378115890655	0.0106061549890037	0.00917564044825303	0.00484310177101324	0.00294210061684514	0.016016291598483	0.00993315642106036	0.0098872405645415	0.00148842485837093	0.000723370658672266	0.00366734586874382	9.96157559215323e-05	0.00478530553055177	0.00206970713287223	0.00723641460872411	0.00346509342218512	0.00443651761062953	0.00551849063383467	0.00846095782315466	0.0147795780533575	0.0021606797660928	0.00412112847378432	0.00567009378520756	0.000594405504395575	0.00287631895144629	0.000711294669326443	0.00476452553325083	0.00931939412412891	0.00290848109266155	0.00737568564917751	0.00589664656238902	0	0.00813790577880536	0.00328048250156022	0.00456697401203423	0.0102171330709587	0.00310060717594433	0.00636396391879507	0.00410350994033751	0.00212903604875842	0.00943057840636178	0.00306508577819147	0.00255006261779766	0.000402437317143953	0.00273164718201065	0.0003389393457723	0.0112720863135149	0.0093247688979386	0.00322368446124222	0.00234193751517599
HT29_G2_6B_1	0.00709682768756027	0.00792235836704055	0.0251519341614946	0.00790464693212294	0.0144280116100837	0.000906542454990788	0.00630841639900879	0.00779002862257348	0.00733683904125387	0.00592204682067953	0.0123574374230481	0.000317105640938204	0.00443721909089833	0.0135968052226186	0.0104228206021935	0.0112310924463713	0.0120514909587735	0.0187432418045342	0.00103777491061083	0.0129807466474956	0.0110798707812323	0.00787892391393774	0.00179532608043857	0.018024411499917	0.00962627091847611	0.00741455753881908	0.011805071706677	0.00823751810840976	0.0129229546492666	0.0102075249223353	0.000901518669903942	0.0046728802775083	0.0125741917549401	0.013656083930195	0.0165982834658396	0.0229160958987037	0.00597728009615482	0.0122588243965242	0.00246787085888646	0.00873228962430979	0.0110140929239438	0.00884917418711042	0.00337344778062567	0.00118153488747106	0.0110462532077138	0.000762243832839027	0.0022413148302367	0.00813790577880536	0	0.0114182325183553	0.00357100027501556	0.0183542659155675	0.00503736408891683	0.00177398939542356	0.00403446534164849	0.0060089233013636	0.0175678006408946	0.00507288518992053	0.00558790286299542	0.00773548146839985	0.0108694294052133	0.00779897747644773	0.0194090915502464	0.017462002781545	0.00491428775011961	0.0104797411119915
HT29_G2_6B_2	0.00432158401473195	0.00349603579610504	0.0137356743513579	0.019321969564574	0.00301003045277779	0.0123247090181368	0.0051100046464637	0.00362836888501188	0.00408156837879362	0.00549637615447549	0.00093927226223521	0.0117353162086969	0.00698119502915605	0.00217874434615696	0.000995472276806285	0.000187152287690166	0.000633302749079636	0.00732579968030717	0.0124559311090402	0.00156263174810676	0.000338383530075946	0.0192962507450527	0.0132134183998262	0.00660686509413303	0.00179206205996386	0.00400384835091856	0.00038686570990649	0.00318086727126376	0.00150483490355057	0.00121077951522929	0.0105167696854416	0.00674553697551495	0.00115604357009977	0.00223802847945084	0.0051805472680934	0.0114993723290372	0.00544114271004836	0.000840651689875242	0.00895049148299284	0.00268607964392189	0.00040416547181787	0.00256919086117236	0.00804494405859786	0.0125996794943408	0.00037200319719673	0.0106560365301385	0.00917703861332633	0.00328048250156022	0.0114182325183553	0	0.00784739671092142	0.00693676664656309	0.00638105672457747	0.00964434376922362	0.00738394191140924	0.00540949939195826	0.00615019099034463	0.00634553588712963	0.00583052037316633	0.00368291735861326	0.000548837798277638	0.0036194198113547	0.0079917511568709	0.00604437880974032	0.00650413203554113	0.000938548622027854
HT29_G2_6C_2	0.00352587359958695	0.0043514216556807	0.0215819128828781	0.0114754764408006	0.0108572977514878	0.00447753515888554	0.00273744803212921	0.0042190889591591	0.00376588974981932	0.00235107228461054	0.00878663620618792	0.00388810361824835	0.000866225935146943	0.0100260544654269	0.00685195158181457	0.0076602501236319	0.0084806781278899	0.0151727586286612	0.00460876626287595	0.00940997012477429	0.00750902328534199	0.0114497543656463	0.00536630836422572	0.0144538853684973	0.00605537788485003	0.00384360984546815	0.008234249764536	0.00466658868365423	0.00935217577875112	0.00663664918634884	0.00266948608333834	0.00110188953666616	0.00900339896840283	0.0100853357233471	0.0130276774559922	0.0193458974536491	0.00240630640855727	0.00868801939974373	0.00110313447162517	0.00516137236493677	0.00744324320342626	0.00527825993105677	0.000197553730556173	0.00475252468487561	0.00747540457292991	0.00280876042684824	0.0013296909808065	0.00456697401203423	0.00357100027501556	0.00784739671092142	0	0.0147837592718174	0.00146637748496621	0.00179701680489559	0.000463468531957834	0.00243795010490411	0.0139972481599142	0.0015018990152649	0.00201692343194058	0.0041645406065936	0.00729857484675393	0.00422803801066103	0.0158386497687186	0.0138914442992848	0.00134329969475684	0.00690887389493851
HT29_G2_6D_1	0.0112581819454752	0.0104326760946274	0.00679922443097184	0.0262569432570007	0.00392677680949071	0.0192606441678916	0.0120465576164302	0.0105650027158106	0.0110181791234865	0.0124329054824245	0.00599751379155729	0.0186713159187861	0.013917623622068	0.00475805795947065	0.00793221165451201	0.0071239143343355	0.00630347765560172	0.000389042775350602	0.0193918515407834	0.005374163807426	0.00727514168222567	0.0262312286363383	0.0201492514150879	0.000329909009210778	0.00872877463350853	0.0109404631577193	0.0065499096721621	0.010117522476618	0.00543195988415357	0.00814751208563727	0.0174528948689028	0.013681982605118	0.00578074609305678	0.00469877433741766	0.00175625055916613	0.00456278411009777	0.0123776754826323	0.0060961326140379	0.0158867621686621	0.00962275684130758	0.0073409218798278	0.00950587300260422	0.0149812908079534	0.0195355836590229	0.00730876046179285	0.0175921479181693	0.0161132893477973	0.0102171330709587	0.0183542659155675	0.00693676664656309	0.0147837592718174	0	0.0133175279237323	0.0165805521820283	0.0143203404698116	0.0123460341282213	0.000786592215586859	0.0132820095275677	0.0127670284000622	0.0106195484874215	0.00748559026486438	0.0105560540834461	0.00105501330563218	0.000892406302962897	0.0134405947064614	0.0078752897453675
HT29_G2_6D_2	0.00205950158277035	0.00288505361424617	0.0201158548808237	0.0129417398818909	0.0093909963266416	0.00594389239346451	0.00127107316998922	0.00275272021204719	0.00229951878385987	0.000884696368290558	0.00732030683017904	0.0053544652745898	0.00060015194265107	0.00855974106831564	0.00538560176628563	0.00619390817796496	0.00701434515337588	0.0137065354305878	0.00607512244012443	0.00794364850427005	0.00604267979408151	0.0129160182923646	0.00683265791780155	0.0129876472789357	0.00458902125716126	0.002377239238233	0.00676791399149741	0.00320022242798459	0.0078858534152578	0.0051702974371051	0.00413585518736618	0.000364488251519478	0.00753707222485869	0.00861902314672681	0.011561412017766	0.0178797752350772	0.000939930629188918	0.00722168884887428	0.00256950980929054	0.00369500921096632	0.00597689905038537	0.00381189756298465	0.00166393096675292	0.00621887967331059	0.00600906074264608	0.00427512879501909	0.00279606564841702	0.00310060717594433	0.00503736408891683	0.00638105672457747	0.00146637748496621	0.0133175279237323	0	0.00326338984327285	0.00100290930459072	0.000971574406090845	0.0125310009957989	3.55215699133546e-05	0.000550546784777691	0.00269817157617026	0.0058322292606735	0.00276166931041393	0.0143724410239296	0.0124251950752967	0.00012307791576891	0.00544252460210538
HT29_G2_6D_3	0.00532287301189216	0.00614841369312589	0.0233784727941075	0.00967856460726532	0.0126541884320046	0.00268052959341885	0.00453445332189919	0.00601608226262324	0.00556288714653915	0.00414808003785858	0.0105835674150017	0.00209109442117069	0.00266324059468487	0.011822962336409	0.0086489137029425	0.00945720015026491	0.0102776146738821	0.0169695403734469	0.00281176159531837	0.0112068899403119	0.00930597566447059	0.00965284201490474	0.00356930951706995	0.0162506875390517	0.0078523507689302	0.00564060656691215	0.0100311904869419	0.00646357757710231	0.0111490966799383	0.0084336143298671	0.000872471454362703	0.00289890337197884	0.0108003262942505	0.0118822424091979	0.014824517460849	0.0211425428218348	0.00420331382646806	0.0104849523471985	0.000693883046973068	0.00695835595718813	0.00924019659295429	0.00707524220584445	0.00159946336865714	0.00295552103829071	0.00927235746942839	0.001011746277266	0.000467326403644163	0.00636396391879507	0.00177398939542356	0.00964434376922362	0.00179701680489559	0.0165805521820283	0.00326338984327285	0	0.00226048436194732	0.00423495732815911	0.0157940628338895	0.00329891121647112	0.0038139330940733	0.00596153442264307	0.00909553043095607	0.00602503122953392	0.0176354117854613	0.0156882618179999	0.00314031257919585	0.00870583520300274
HT29_G2_6E_1	0.00306240764099058	0.00388795715135896	0.0211185504949059	0.0119389116765249	0.010393855860785	0.00494099836325433	0.00227398098525433	0.00375562420006768	0.00330242418085551	0.00188760481199696	0.00832318498521579	0.00435156807893989	0.000402757486664985	0.00956260859165218	0.00638849343717351	0.00719679466001422	0.00801722569626681	0.014709342495657	0.0050722291645113	0.00894652150433903	0.00704556729700224	0.0119131897486953	0.00582976935386504	0.0139904643568012	0.00559191739629622	0.00338014440849308	0.00777079638937595	0.00420312481927629	0.00888872690964165	0.00617319037893369	0.00313295260598569	0.000638421172992071	0.00853994863137688	0.00962189012309095	0.0125642474590016	0.0188825142347586	0.00194283899246353	0.00822456778380804	0.00156660258914758	0.00469790959945614	0.0069797869901531	0.00481479744197389	0.000661022231119649	0.00521598724521033	0.0070119484693829	0.00327222675027366	0.00179315894078659	0.00410350994033751	0.00403446534164849	0.00738394191140924	0.000463468531957834	0.0143203404698116	0.00100290930459072	0.00226048436194732	0	0.00197448272184829	0.013533824170801	0.00103843085612904	0.00155345564821012	0.00370107574493031	0.00683511814588637	0.00376457326857428	0.0153752383632123	0.0134280196337936	0.000879831445262847	0.00644541592914828
HT29_G2_6E_2	0.00108792829105775	0.00191348195096595	0.019144467674196	0.0139132229682047	0.00841946087894523	0.00691544614269133	0.000299498953324844	0.00178114824231261	0.00132794589607882	8.68780763310432e-05	0.00634875538394493	0.00632602267132502	0.00157172587798765	0.00758819870012061	0.00441403913341376	0.00522234977508672	0.00604279169544019	0.0127350465617743	0.00704667532895972	0.00697210143763095	0.00507112055128819	0.013887501731732	0.00780420549554144	0.0120161494180715	0.00361745508093394	0.00140566649348806	0.00579635897943014	0.00222865156399542	0.00691430592670508	0.00419873378522297	0.00510741900286762	0.00133606241481418	0.0065655222588759	0.00764748124998091	0.0105898977719742	0.0169083481975775	3.16437928015827e-05	0.00625013674427502	0.00354107966280092	0.00272343979946522	0.00500533944921382	0.00284032852982719	0.00263550318123813	0.00719043159942987	0.00503750131617054	0.00524669195333339	0.00376763478199436	0.00212903604875842	0.0060089233013636	0.00540949939195826	0.00243795010490411	0.0123460341282213	0.000971574406090845	0.00423495732815911	0.00197448272184829	0	0.0115594976780223	0.00093605285215165	0.000421027736887235	0.00172659948529516	0.00486066888617487	0.0017900973609297	0.0134009609213961	0.0114536905214487	0.00109465225396567	0.00447096224622947
HT29_G2_6E_3	0.0104716357339266	0.00964612310903682	0.00758579695870397	0.0254706169592731	0.0031401893624782	0.0184741921936514	0.0112600183841689	0.00977845077938748	0.010231630886249	0.0116463698527502	0.00521093369265454	0.0178848552195669	0.0131311029568159	0.00397147305894722	0.00714564146643924	0.00633733964640698	0.00551689892763192	0.00117563481498158	0.0186054015480826	0.00458758114306165	0.00648856779691462	0.0254449018013448	0.0193628131392365	0.000456683264432248	0.0079422093860561	0.0101539142744176	0.00576333210195388	0.00933096704862969	0.00464537744482744	0.00736094318335144	0.0166664170379523	0.0128954594459547	0.00499416506742198	0.00391218923741036	0.000969659000448899	0.00534936698364008	0.0115911393305916	0.00530955294897297	0.0151002641050429	0.0088361977388427	0.00655434834927744	0.00871931306057446	0.0141947819600499	0.0187491358533483	0.00652218675736933	0.016805671983449	0.0153267940866288	0.00943057840636178	0.0175678006408946	0.00615019099034463	0.0139972481599142	0.000786592215586859	0.0125310009957989	0.0157940628338895	0.013533824170801	0.0115594976780223	0	0.0124954822380875	0.0119804959828834	0.00983299698754793	0.00669901752656195	0.00976950207563001	0.00184160477439375	0.000105814123657096	0.0126540690391383	0.00708871922348571
HT29_G2_6F_1	0.00202398008812583	0.00284953219320549	0.0200803404974409	0.0129772583344723	0.00935547634068432	0.00597941331021109	0.00123555162809547	0.00271719877753586	0.00226399730805473	0.000849174811504718	0.00728478622398169	0.00538998631463004	0.000635673506323216	0.00852422081515872	0.00535008071809259	0.00615838729820736	0.00697882446840749	0.0136710172211766	0.00611064332763187	0.0079081280688241	0.00600715888103503	0.0129515367574117	0.00686817862406906	0.0129521287285133	0.00455350006583135	0.00234171776900792	0.00673239324551092	0.0031647010415418	0.00785033296340416	0.00513477634796687	0.00417137644128497	0.000400009819615623	0.00750155167647165	0.00858350291181877	0.011525892843985	0.0178442593573734	0.000904409074118243	0.00718616821691925	0.00260503125723308	0.00365948788609822	0.00594137812310548	0.00377637625393738	0.00169945248557864	0.0062544005280823	0.005973539822319	0.00431065002728363	0.00283158707391344	0.00306508577819147	0.00507288518992053	0.00634553588712963	0.0015018990152649	0.0132820095275677	3.55215699133546e-05	0.00329891121647112	0.00103843085612904	0.00093605285215165	0.0124954822380875	0	0.000515025219307641	0.00266265013630875	0.00579670830265721	0.00272614787682375	0.0143369231463699	0.0123896762705852	0.000158599485416646	0.00540700356499881
HT29_G2_6F_2	0.00150895567432578	0.00233450872672613	0.0195654165629933	0.0134922364578711	0.00884047273413501	0.00649442817953863	0.000720526643712193	0.00220217513512275	0.00174897313285667	0.000334149667087641	0.00676977392595119	0.00590500305747398	0.00115069853205175	0.00800921345550352	0.0048350622931447	0.00564337119784507	0.0064638110728518	0.0131560387448482	0.00662565775425374	0.00739311815584512	0.00549214232003197	0.0134665150653472	0.00738319031239272	0.0124371454124417	0.00403847968144723	0.00182669367752107	0.0062173790010196	0.0026496780308375	0.00733532282088692	0.00461975736093895	0.00468639646261043	0.000915034942160361	0.00698654018517803	0.00806849580811192	0.01101090069728	0.017329314081681	0.000389383947812554	0.00667115555985962	0.00312005431978632	0.00314446569568954	0.00542636136545879	0.0032613542760171	0.00221447670742741	0.00676941445899589	0.00545852316052233	0.00482566971444481	0.00334660977789203	0.00255006261779766	0.00558790286299542	0.00583052037316633	0.00201692343194058	0.0127670284000622	0.000550546784777691	0.0038139330940733	0.00155345564821012	0.000421027736887235	0.0119804959828834	0.000515025219307641	0	0.00214762642411623	0.0052816911203496	0.00221112424601343	0.0138219493847079	0.0118746893493899	0.000673624676458796	0.00489198529268184
HT29_G2_6F_3	0.000638671806166476	0.000186882780503511	0.017418155280979	0.0156396270301521	0.00669291056739415	0.00864199244146155	0.00142710090874347	5.45488435323288e-05	0.000398654055358895	0.00181347742236246	0.00462218157370496	0.00805257685624936	0.00329832078138577	0.00586163807008876	0.00268745005266316	0.00349576628562569	0.00431621503906997	0.0110085687502837	0.00877321978614601	0.00524553392546337	0.00334453592951677	0.0156139064822984	0.00953073870991082	0.0102896573379997	0.00189086160115399	0.000320933389133258	0.00406978014826794	0.000502053062811466	0.00518773780243424	0.002472143406572	0.00683398749771604	0.00306265828461035	0.00483895056279776	0.00592092131657009	0.00886337996978044	0.0151819703373677	0.00175824322787141	0.00452356199903204	0.00526766261977743	0.000996842700432416	0.00327875434732314	0.00111373182469283	0.00436209249170786	0.0089169740033175	0.00331091644806483	0.00697325894849942	0.00549421591983894	0.000402437317143953	0.00773548146839985	0.00368291735861326	0.0041645406065936	0.0106195484874215	0.00269817157617026	0.00596153442264307	0.00370107574493031	0.00172659948529516	0.00983299698754793	0.00266265013630875	0.00214762642411623	0	0.00313408275471517	6.34979748908819e-05	0.0116744971035516	0.00972718788624661	0.00282124901140363	0.0027443735220683
HT29_G2_6G_1	0.00377275073223159	0.00294720084861443	0.014284459018299	0.0187732341746357	0.00355886531129928	0.0117759118278877	0.00456117331006472	0.0030795341788029	0.00353273457291966	0.00494754589907211	0.00148810967585331	0.0111865151135666	0.00643236971009138	0.00272758051183491	0.000446634601290761	0.00036168552933858	0.00118214034107398	0.00787462173269093	0.0119071348154331	0.00211146863921785	0.000210454287641561	0.0187475150753028	0.0126646274766353	0.00715568997669376	0.00124322487687425	0.00345501438250858	0.000935703408592176	0.00263203178851218	0.00205367185203963	0.00066194193806313	0.00996796115073174	0.00619671078997187	0.00170488082622559	0.00278686456440365	0.0057293769431452	0.0120481725063311	0.00489231229498217	0.00138948916660306	0.00840167463477322	0.00213724343246353	0.000144672342381965	0.00202035449744734	0.00749612304190474	0.012050884194384	0.000176834619071432	0.01010722880254	0.00862822288094401	0.00273164718201065	0.0108694294052133	0.000548837798277638	0.00729857484675393	0.00748559026486438	0.0058322292606735	0.00909553043095607	0.00683511814588637	0.00486066888617487	0.00669901752656195	0.00579670830265721	0.0052816911203496	0.00313408275471517	0	0.00307058508856123	0.00854057034065546	0.00659320571311183	0.00595530499493318	0.000389710924940185
HT29_G2_6G_2	0.000702169767385059	0.000123384805211177	0.0173546668551046	0.0157031169132928	0.00662941401241825	0.00870548796054951	0.00149059881564482	8.94913633521907e-06	0.00046215202509045	0.00187697528785134	0.00455868427446638	0.00811607269950375	0.00336181839748817	0.00579814118378146	0.00262395230390617	0.00343226869567879	0.00425271765288842	0.0109450746117122	0.00883671522990116	0.00518203682172934	0.00328103830669396	0.015677396392255	0.00959423369635271	0.0102261627162973	0.00182736373677083	0.00038443136076192	0.00400628269639386	0.000438555094354112	0.00512424067953671	0.00240864562254381	0.006897483937801	0.00312615594989923	0.0047754533287725	0.00585742445244437	0.00879988448468877	0.0151184796331626	0.00182174109988267	0.00446006467111943	0.00533115968246787	0.000933344754820419	0.00321525671061641	0.0010502338867166	0.00442558984051456	0.008980469363239	0.00324741881812517	0.00703675532535823	0.0055577129025078	0.0003389393457723	0.00779897747644773	0.0036194198113547	0.00422803801066103	0.0105560540834461	0.00276166931041393	0.00602503122953392	0.00376457326857428	0.0017900973609297	0.00976950207563001	0.00272614787682375	0.00221112424601343	6.34979748908819e-05	0.00307058508856123	0	0.0116110034410787	0.00966369290893212	0.00288474672334493	0.00268087578314737
HT29Root1_3	0.0123131228628352	0.0114876268807505	0.00574423107683212	0.0273115750138063	0.00498177999131628	0.0203154511050744	0.0131014884250673	0.0116199519692029	0.0120731229854684	0.0134878310926953	0.00705250515208217	0.019726135116385	0.0149725277534835	0.0058130569366662	0.00898718788595824	0.00817889736831484	0.00735846688693978	0.000665970663747069	0.0204466556959958	0.00642915920053274	0.00833012349614694	0.0272858611380397	0.0212040391380532	0.00138492207942641	0.00978374348246638	0.0119954079599354	0.00760489711677045	0.0111724768375847	0.00648695492057077	0.00920248638822281	0.0185077381984491	0.014736890304898	0.00683573890229666	0.00575377363846305	0.00281126131646011	0.00350777900259829	0.0134326018459001	0.0071511232990605	0.0169416341191548	0.0106777166000599	0.00839590315550846	0.0105608339983253	0.0160361780810265	0.0205903847448071	0.00836374200120564	0.0186469885724833	0.0171681573248364	0.0112720863135149	0.0194090915502464	0.0079917511568709	0.0158386497687186	0.00105501330563218	0.0143724410239296	0.0176354117854613	0.0153752383632123	0.0134009609213961	0.00184160477439375	0.0143369231463699	0.0138219493847079	0.0116744971035516	0.00854057034065546	0.0116110034410787	0	0.00194741871252645	0.0144955059991786	0.00893026647854067
HT29Root2_1	0.010365827314506	0.00954031381652037	0.00769160808318962	0.0253648374311338	0.00303437573493116	0.0183683960816783	0.0111542108671831	0.00967264162188809	0.0101258222054165	0.011540562802535	0.00510512095785033	0.0177790579610836	0.0130252978510544	0.00386565973554432	0.00703982997539284	0.0062315275873952	0.00541108636309572	0.00128144886064819	0.0184996056966192	0.00448176809197768	0.00638275583888621	0.0253391222021174	0.0192570188290069	0.000562497374756055	0.00783639852279296	0.0100481055102688	0.00565751968175673	0.00922515744211926	0.00453956442133655	0.00725513185530282	0.0165606175311051	0.0127896540155953	0.00488835221796351	0.00380637588990274	0.000863844920164408	0.00545517960328274	0.0114853322126656	0.00520374026796634	0.0149944619487599	0.00873038766089641	0.00644853643594053	0.00861350287509283	0.0140889783948555	0.0186433402894561	0.00641637482211314	0.0166998727252611	0.0152209922968779	0.0093247688979386	0.017462002781545	0.00604437880974032	0.0138914442992848	0.000892406302962897	0.0124251950752967	0.0156882618179999	0.0134280196337936	0.0114536905214487	0.000105814123657096	0.0123896762705852	0.0118746893493899	0.00972718788624661	0.00659320571311183	0.00966369290893212	0.00194741871252645	0	0.0125482632825282	0.00698290769017117
HT29Root2_2	0.00218257921429348	0.00300813098236692	0.020238907691672	0.0128186726403418	0.00951406865716278	0.00582081668407072	0.00139415097311199	0.0028757976281053	0.00242259634758239	0.00100777422705523	0.00744338133053456	0.00523138914386917	0.000477074045552771	0.00868281433296545	0.00550867781752295	0.00631698363745227	0.00713741992971175	0.0138296015623236	0.00595204683064327	0.00806672240673042	0.00616575537042864	0.0127929510078635	0.00670958292876312	0.0131107145994375	0.00471209781236613	0.00250031677845482	0.00689098898176581	0.00332329967304287	0.00800892737515388	0.00529337363229066	0.00401277832782338	0.000241410342068516	0.00766014652270437	0.00874209634755339	0.0116844815124403	0.0180028332459433	0.001063008481212	0.00734476343943288	0.00244643229320097	0.00381808623784497	0.00609997467666836	0.00393497453383244	0.00154085321420495	0.00609580417584923	0.00613213634459159	0.00415205200909069	0.00267298820780483	0.00322368446124222	0.00491428775011961	0.00650413203554113	0.00134329969475684	0.0134405947064614	0.00012307791576891	0.00314031257919585	0.000879831445262847	0.00109465225396567	0.0126540690391383	0.000158599485416646	0.000673624676458796	0.00282124901140363	0.00595530499493318	0.00288474672334493	0.0144955059991786	0.0125482632825282	0	0.00556560061431637
HT29Root2_3	0.00338304232050382	0.00255749140638388	0.0146741295922444	0.0183835925190786	0.00394857349464408	0.0113862275738569	0.00417146613532702	0.00268982488359239	0.00314302583372575	0.00455783942092876	0.00187782005403098	0.0107968281950342	0.00604266646425501	0.00311728977613915	5.69236819888275e-05	0.000751396400951363	0.00157185090231043	0.00826432002983232	0.0115174511739892	0.00250117853179085	0.000600165187576721	0.0183578732257729	0.0122749475094575	0.00754539041553655	0.000853514160350759	0.00306530554217663	0.00132541409054811	0.00224232202412361	0.00244338179601443	0.000272231048659232	0.00957826917337154	0.00580700697216983	0.00209459105269035	0.00317657376046524	0.00611908104705086	0.0124378545041686	0.00450260571361053	0.00177919960779643	0.00801197704196887	0.00174753324157736	0.000534383252271621	0.00163064421989586	0.00710642265555194	0.0116612012321018	0.000566545524135001	0.00971753737271982	0.00823852603885347	0.00234193751517599	0.0104797411119915	0.000938548622027854	0.00690887389493851	0.0078752897453675	0.00544252460210538	0.00870583520300274	0.00644541592914828	0.00447096224622947	0.00708871922348571	0.00540700356499881	0.00489198529268184	0.0027443735220683	0.000389710924940185	0.00268087578314737	0.00893026647854067	0.00698290769017117	0.00556560061431637	0
