Sample	JSDistance_A549Root1	JF01_A549_0.01_selected	JF01_A549_0.01_JSD	JF06_A549_0.01_selected	JF06_A549_0.01_JSD	JF21_A549_0.01_selected	JF21_A549_0.01_JSD	JF27_A549_0.01_selected	JF27_A549_0.01_JSD	Nax30_A549_0.01_selected	Nax30_A549_0.01_JSD	Nax4_A549_0.01_selected	Nax4_A549_0.01_JSD	Nax40_A549_0.01_selected	Nax40_A549_0.01_JSD	Nax47_A549_0.01_selected	Nax47_A549_0.01_JSD	Nax49_A549_0.01_selected	Nax49_A549_0.01_JSD	Nax50_A549_0.01_selected	Nax50_A549_0.01_JSD	Nax51_A549_0.01_selected	Nax51_A549_0.01_JSD	Nax55_A549_0.01_selected	Nax55_A549_0.01_JSD	Nax56LA_A549_0.01_selected	Nax56LA_A549_0.01_JSD	Nax56UA_A549_0.01_selected	Nax56UA_A549_0.01_JSD	Nax68_A549_0.01_selected	Nax68_A549_0.01_JSD	S1-17_A549_0.01_selected	S1-17_A549_0.01_JSD	S1124_A549_0.01_selected	S1124_A549_0.01_JSD	S14-51_A549_0.01_selected	S14-51_A549_0.01_JSD	Sal21_A549_0.01_selected	Sal21_A549_0.01_JSD	Sal22_A549_0.01_selected	Sal22_A549_0.01_JSD	Sal46_A549_0.01_selected	Sal46_A549_0.01_JSD	Sal58_A549_0.01_selected	Sal58_A549_0.01_JSD	Sal66_A549_0.01_selected	Sal66_A549_0.01_JSD	Sal74_A549_0.01_selected	Sal74_A549_0.01_JSD	Sal78_A549_0.01_selected	Sal78_A549_0.01_JSD	Sal87_A549_0.01_selected	Sal87_A549_0.01_JSD
A549_G1_1A	0.441222365921198	A549_G1_1A_3	0.0357650637766866	A549_G1_1A_1	0.0108429059033243	A549_G1_1A_1	0.00801621672894299	A549_G1_1A_3	0.0077277911647151	A549_G1_1A_1	0.0116317460789955	A549_G1_1A_2	0.0215116233355527	A549_G1_1A_2	0.0285554555927186	A549_G1_1A_2	0.0787632287553409	A549_G1_1A_2	0.0068799621199172	A549_G1_1A_1	0.0145696540461436	A549_G1_1A_1	0.00443122086008627	A549_G1_1A_2	0.0192065692178776	A549_G1_1A_2	0.010776836474617	A549_G1_1A_2	0.0208075510189581	A549_G1_1A_3	0.00523354737380443	A549_G1_1A_1	0.00213627233857154	A549_G1_1A_1	0.0162473909757315	A549_G1_1A_2	0.0102241565017914	A549_G1_1A_1	0.023892158816444	A549_G1_1A_2	0.0322082151417251	A549_G1_1A_2	0.0105385020733528	A549_G1_1A_2	0.00888769864635529	A549_G1_1A_1	0.022147231079374	A549_G1_1A_3	0.0166412303221368	A549_G1_1A_2	0.00525449234767338	A549_G1_1A_1	0.00832564523036159
A549_G1_1B	0.446755472498644	A549_G1_1B_2	0.0400188687737963	A549_G1_1B_2	0.0232393440034299	A549_G1_1B_3	0.00380614174479646	A549_G1_1B_2	0.0254349132852442	A549_G1_1B_1	0.00893294866834208	A549_G1_1B_2	0.0153761618060069	A549_G1_1B_1	0.0225859477089724	A549_G1_1B_2	0.0790477849261675	A549_G1_1B_1	0.00619324654400677	A549_G1_1B_2	0.028287585036482	A549_G1_1B_2	0.0050870248213323	A549_G1_1B_2	0.0133430732729284	A549_G1_1B_1	0.00564400921806042	A549_G1_1B_1	0.0110073272628103	A549_G1_1B_3	0.00637073829330801	A549_G1_1B_2	0.00607024886657088	A549_G1_1B_1	0.0216633657429851	A549_G1_1B_1	0.0113206567646192	A549_G1_1B_3	0.0178140918222689	A549_G1_1B_2	0.030421333548289	A549_G1_1B_2	0.00662396234828847	A549_G1_1B_2	0.012859765915315	A549_G1_1B_2	0.0098890799095528	A549_G1_1B_2	0.0244027557026174	A549_G1_1B_2	0.00655740314189575	A549_G1_1B_1	0.00475769337055736
A549_G1_1C	0.519419102423865	A549_G1_1C_3	0.0466365943975946	A549_G1_1C_3	0.0354682334141365	A549_G1_1C_3	0.00664763724039432	A549_G1_1C_3	0.0241918583052149	A549_G1_1C_1	0.00949506850481252	A549_G1_1C_3	0.02294491758971	A549_G1_1C_2	0.0236680695467125	A549_G1_1C_1	0.0814296084019012	A549_G1_1C_1	0.00818253019515599	A549_G1_1C_2	0.0223379695046595	A549_G1_1C_1	0.00564803009482448	A549_G1_1C_3	0.0238452482799568	A549_G1_1C_2	0.0159283176328954	A549_G1_1C_2	0.0150968743469151	A549_G1_1C_1	0.00743317761377681	A549_G1_1C_3	0.0105784882285745	A549_G1_1C_1	0.0155924792627611	A549_G1_1C_2	0.0102757171822936	A549_G1_1C_2	0.0216166608301041	A549_G1_1C_2	0.0349063656179335	A549_G1_1C_2	0.0127674968310318	A549_G1_1C_2	0.00757134550281839	A549_G1_1C_3	0.0106171515317738	A549_G1_1C_3	0.0328307106958481	A549_G1_1C_3	0.00151527653732856	A549_G1_1C_2	0.012193275134737
A549_G1_1D	0.39175492919654	A549_G1_1D_3	0.0349118043854292	A549_G1_1D_1	0.00976519709916696	A549_G1_1D_3	0.00321360203479617	A549_G1_1D_3	0.00565536906150256	A549_G1_1D_1	0.00617524529034536	A549_G1_1D_1	0.0156793479824924	A549_G1_1D_1	0.024838401529893	A549_G1_1D_1	0.0898612007955891	A549_G1_1D_1	0.00032652063100874	A549_G1_1D_1	0.0145653980625154	A549_G1_1D_2	0.00330319496310696	A549_G1_1D_2	0.0168274081682514	A549_G1_1D_2	0.00935295456304441	A549_G1_1D_1	0.0191115698328479	A549_G1_1D_1	0.00688993021289968	A549_G1_1D_1	0.0148751856195222	A549_G1_1D_2	0.0065493755287493	A549_G1_1D_2	0.00563399243416066	A549_G1_1D_2	0.0231450079980464	A549_G1_1D_1	0.021383796885034	A549_G1_1D_1	0.0160965356693109	A549_G1_1D_3	0.0106337027705737	A549_G1_1D_3	0.0139802851762345	A549_G1_1D_2	0.014442947444569	A549_G1_1D_3	0.00092425411649266	A549_G1_1D_1	0.00361270094095777
A549_G1_1E	0.390748866431868	A549_G1_1E_1	0.0216971173657137	A549_G1_1E_3	0.0105481077478167	A549_G1_1E_3	0.00589844099999298	A549_G1_1E_1	0.0165510261457467	A549_G1_1E_1	0.00553279696427306	A549_G1_1E_1	0.0119898542350934	A549_G1_1E_1	0.0244208221993227	A549_G1_1E_3	0.088790278055777	A549_G1_1E_1	0.00267506742982531	A549_G1_1E_2	0.0155299980762984	A549_G1_1E_1	0.00123914549806572	A549_G1_1E_1	0.0287600702355281	A549_G1_1E_2	0.0111168234490872	A549_G1_1E_1	0.014518956341782	A549_G1_1E_1	0.00491598526609517	A549_G1_1E_1	0.00823553811490164	A549_G1_1E_2	0.00732864600863174	A549_G1_1E_1	0.0130803618291895	A549_G1_1E_3	0.0213679082604366	A549_G1_1E_1	0.0270806985459865	A549_G1_1E_1	0.00904686082964571	A549_G1_1E_3	0.00969172355001349	A549_G1_1E_1	0.00867473601696152	A549_G1_1E_3	0.0172067301669825	A549_G1_1E_3	0.00234146242280067	A549_G1_1E_2	0.00250971067590054
A549_G1_1F	0.520231149686213	A549_G1_1F_2	0.0283915448652224	NA	NA	A549_G1_1F_1	0.00131550011328579	A549_G1_1F_3	0.0258800643260585	A549_G1_1F_3	0.0156986024784114	A549_G1_1F_2	0.0327536152525348	A549_G1_1F_1	0.0258900133361501	A549_G1_1F_3	0.105745434943907	A549_G1_1F_1	0.000736846799743156	A549_G1_1F_1	0.0240533196301672	A549_G1_1F_2	0.0203032123529977	A549_G1_1F_3	0.0246386961998175	A549_G1_1F_3	0.0161927792175914	A549_G1_1F_1	0.0189095421571577	A549_G1_1F_3	0.00327002764847782	A549_G1_1F_1	0.013120883486259	A549_G1_1F_3	0.0203552891679411	A549_G1_1F_2	0.00656908147554656	A549_G1_1F_3	0.0212375693362569	A549_G1_1F_3	0.0490263282340181	A549_G1_1F_3	0.0122356702833522	A549_G1_1F_3	0.00642243974148788	A549_G1_1F_3	0.0192336384788179	A549_G1_1F_3	0.0149954924089656	A549_G1_1F_3	0.00347675351945021	A549_G1_1F_1	0.009778804232595
A549_G1_1G	0.368119140468869	A549_G1_1G_2	0.0213288378918764	A549_G1_1G_2	0.0120715714499562	A549_G1_1G_1	0.00404149452282474	A549_G1_1G_2	0.0101065297584054	A549_G1_1G_1	0.0102062300507267	A549_G1_1G_1	0.0226538287424624	A549_G1_1G_2	0.0280497560600538	A549_G1_1G_3	0.0330960772324434	A549_G1_1G_2	0.00232087326442443	A549_G1_1G_3	0.00325366005395387	A549_G1_1G_2	0.00188952005782437	A549_G1_1G_3	0.0284845000192357	A549_G1_1G_1	0.00911144216758556	A549_G1_1G_2	0.0110313797496626	A549_G1_1G_2	0.014264621041087	A549_G1_1G_2	0.0105859068558029	A549_G1_1G_1	0.00665288619349144	A549_G1_1G_3	0.0282199155791189	A549_G1_1G_1	0.0118550788404488	A549_G1_1G_3	0.0331684655363116	A549_G1_1G_3	0.0110098357658748	A549_G1_1G_1	0.0131681710042678	A549_G1_1G_1	0.0131576889070928	A549_G1_1G_3	0.0156812082399562	A549_G1_1G_3	0.0028430686316985	A549_G1_1G_2	0.00986659285228236
A549_G1_1H	0.3738469219764	A549_G1_1H_2	0.00764491893551487	A549_G1_1H_1	0.00998627028287417	A549_G1_1H_2	0.00241309691507863	A549_G1_1H_3	0.0124036424158338	A549_G1_1H_1	0.00726732480814101	A549_G1_1H_2	0.0206902066217201	A549_G1_1H_1	0.0289040726825448	A549_G1_1H_3	0.0893632011611348	A549_G1_1H_2	0.00333872371694126	A549_G1_1H_2	0.00265329150047992	A549_G1_1H_2	0.00609889532631593	A549_G1_1H_3	0.0152179096343401	A549_G1_1H_2	0.0199275869385566	A549_G1_1H_2	0.00661204324630139	A549_G1_1H_3	0.00883623092660626	A549_G1_1H_2	0.0152400669055018	A549_G1_1H_2	0.00998116989862462	A549_G1_1H_1	0.0153554876798188	A549_G1_1H_2	0.0128597484227528	A549_G1_1H_3	0.0278300323162381	A549_G1_1H_3	0.0157290016313563	A549_G1_1H_3	0.00568939635164388	A549_G1_1H_3	0.0127481548808604	A549_G1_1H_2	0.00776753451706918	A549_G1_1H_2	0.00753910443652986	A549_G1_1H_1	0.00174980982362098
A549_G1_2A	0.419902557195056	A549_G1_2A_3	0.0371629214166207	A549_G1_2A_3	0.0213338555522531	A549_G1_2A_2	0.00893168158274074	A549_G1_2A_2	0.016738734337958	A549_G1_2A_3	0.00878212799913637	A549_G1_2A_1	0.00857365391658355	A549_G1_2A_3	0.0175992026832964	A549_G1_2A_3	0.0821102556960649	A549_G1_2A_1	0.0120466154192354	A549_G1_2A_2	0.0235357933681112	A549_G1_2A_2	0.000725479932722423	A549_G1_2A_2	0.0104973625442831	A549_G1_2A_1	0.00439404874702409	A549_G1_2A_1	0.00336414224677383	A549_G1_2A_2	0.0110703789132877	A549_G1_2A_2	0.0144637433363216	A549_G1_2A_1	0.011538525623869	A549_G1_2A_1	0.0234406712254941	A549_G1_2A_2	0.0247750294469467	A549_G1_2A_2	0.0178633210332866	A549_G1_2A_2	0.0188916418269622	A549_G1_2A_2	0.00769977543414788	A549_G1_2A_2	0.00656020797961959	A549_G1_2A_2	0.0134977463774437	A549_G1_2A_3	0.00640668486752655	A549_G1_2A_2	0.00789895568734655
A549_G1_2B	0.451808815000821	A549_G1_2B_1	0.0284011370728048	A549_G1_2B_3	0.0240213597948863	A549_G1_2B_3	0.0104568304149159	A549_G1_2B_2	0.0233186958243995	A549_G1_2B_1	0.0106578972648408	A549_G1_2B_1	0.0149202763182767	A549_G1_2B_1	0.0220869303689737	A549_G1_2B_2	0.0784898784331291	A549_G1_2B_1	0.00599772146848979	A549_G1_2B_2	0.0284748898011504	A549_G1_2B_2	0.00128335287918406	A549_G1_2B_2	0.0231837228821703	A549_G1_2B_1	0.00668603990712005	A549_G1_2B_2	0.0248702019240288	A549_G1_2B_2	0.020578182175977	A549_G1_2B_2	0.010355203619976	A549_G1_2B_2	0.00674314985346404	A549_G1_2B_3	0.026378309291833	A549_G1_2B_1	0.00999461385150399	A549_G1_2B_2	0.0239696606576238	A549_G1_2B_1	0.0105998620532663	A549_G1_2B_3	0.00330248697727743	A549_G1_2B_1	0.00583773459593826	A549_G1_2B_1	0.0125632293323561	A549_G1_2B_3	0.00128705463248966	A549_G1_2B_2	0.0173503936047452
A549_G1_2C	0.531329668213625	A549_G1_2C_3	0.0413768120067478	A549_G1_2C_1	0.0180299411717475	A549_G1_2C_3	0.0129044910569068	A549_G1_2C_3	0.00533966734958033	A549_G1_2C_2	0.0149124088213741	A549_G1_2C_1	0.0143928090850213	A549_G1_2C_3	0.0222557547265436	A549_G1_2C_2	0.0833131099532926	A549_G1_2C_1	0.000320847509730056	A549_G1_2C_2	0.0325192440880518	A549_G1_2C_2	0.0111409901282934	A549_G1_2C_2	0.0160666698431385	A549_G1_2C_2	0.0213214179938231	A549_G1_2C_1	0.0138983612867624	A549_G1_2C_2	0.0143147008090192	A549_G1_2C_3	0.00819038203512559	A549_G1_2C_3	0.0128522488170724	A549_G1_2C_2	0.0301442652557246	A549_G1_2C_3	0.0539716568498327	A549_G1_2C_2	0.0171197833623361	A549_G1_2C_2	0.0128210553424592	A549_G1_2C_2	0.0141274941012966	A549_G1_2C_3	0.0101752151297157	A549_G1_2C_3	0.0310174554623033	A549_G1_2C_2	0.0168688386974427	A549_G1_2C_2	0.00193404733028325
A549_G1_2D	0.468958608015331	A549_G1_2D_1	0.0220512664671591	A549_G1_2D_3	0.0586281820037981	A549_G1_2D_3	0.00310011907702079	A549_G1_2D_3	0.0165104604401749	A549_G1_2D_1	0.0172793048055905	A549_G1_2D_1	0.011573863134059	A549_G1_2D_1	0.019064495425781	A549_G1_2D_2	0.0986678431422197	A549_G1_2D_1	0.0015367515260901	A549_G1_2D_1	0.0137456452732158	A549_G1_2D_2	0.00330103470492442	A549_G1_2D_3	0.0257589763541654	A549_G1_2D_1	0.0121588970136963	A549_G1_2D_1	0.0106295075963152	A549_G1_2D_3	0.00980806501118456	A549_G1_2D_3	0.0101231169760086	A549_G1_2D_1	0.00986639363696543	A549_G1_2D_2	0.0105738883655841	A549_G1_2D_2	0.023224649219625	A549_G1_2D_1	0.0188228476533129	A549_G1_2D_1	0.0143250859767814	A549_G1_2D_1	0.0068858162077744	A549_G1_2D_3	0.0102129572489119	A549_G1_2D_1	0.0220899850479332	A549_G1_2D_3	0.0144503892557968	A549_G1_2D_2	0.00456906645124162
A549_G1_2E	0.49273799223652	A549_G1_2E_2	0.0203699412916724	A549_G1_2E_3	0.0134575210805044	A549_G1_2E_3	0.00338160358745469	A549_G1_2E_3	0.0196785056305331	A549_G1_2E_2	0.00434246625756835	A549_G1_2E_2	0.0281627778666087	A549_G1_2E_2	0.0146061242215435	A549_G1_2E_3	0.0934991629489577	A549_G1_2E_2	0.00176658820181952	A549_G1_2E_2	0.0289983765546696	A549_G1_2E_3	0.00529688688847489	A549_G1_2E_3	0.0245464053306361	A549_G1_2E_2	0.0140519714798863	A549_G1_2E_2	0.00909623560691419	A549_G1_2E_3	0.00979671327824982	A549_G1_2E_2	0.0220311037278771	A549_G1_2E_2	0.0256938392493885	A549_G1_2E_2	0.0192817632368085	A549_G1_2E_2	0.0392159812197093	A549_G1_2E_2	0.0294324671435105	A549_G1_2E_1	0.00437486930922682	A549_G1_2E_3	0.00761039515149634	A549_G1_2E_1	0.0043510841760456	A549_G1_2E_3	0.0236142726825344	A549_G1_2E_1	0.00660872240105192	A549_G1_2E_1	0.0194722137133782
A549_G1_2F	0.439294762775967	A549_G1_2F_3	0.0317922350088823	A549_G1_2F_2	0.0106073525186566	A549_G1_2F_3	0.00548588685366485	A549_G1_2F_1	0.0113147336472837	A549_G1_2F_2	0.00672827006326796	A549_G1_2F_1	0.0249265526123301	A549_G1_2F_1	0.0114238978027264	A549_G1_2F_2	0.0988448009830906	A549_G1_2F_1	0.00199596545701438	A549_G1_2F_1	0.000209454574337316	A549_G1_2F_1	0.00289416123490451	A549_G1_2F_2	0.0240864051947361	A549_G1_2F_1	0.0120645730486519	A549_G1_2F_1	0.00133237111599318	A549_G1_2F_1	0.00809290863206514	A549_G1_2F_1	0.0153887835859946	A549_G1_2F_1	0.0186841205179335	A549_G1_2F_3	0.0244429153009335	A549_G1_2F_1	0.0242137227324106	A549_G1_2F_3	0.0473384897420998	A549_G1_2F_3	0.00883351542618023	A549_G1_2F_1	0.00969762287778369	A549_G1_2F_1	0.0109405193971405	A549_G1_2F_1	0.0122641050451394	A549_G1_2F_1	0.000627868825973378	A549_G1_2F_1	0.0150635305767725
A549_G2_2A	0.288892408062065	A549_G2_2A_2	0.0188840669449374	A549_G2_2A_1	0.0171176998020506	A549_G2_2A_3	0.00873206787964559	A549_G2_2A_2	0.00407831940761572	A549_G2_2A_2	0.00549954001984982	A549_G2_2A_3	0.0208576760029068	A549_G2_2A_1	0.0289272636135712	A549_G2_2A_2	0.030589002265723	A549_G2_2A_2	0.0025296820792678	A549_G2_2A_2	0.0037468806630638	A549_G2_2A_2	0.0084685838566836	A549_G2_2A_2	0.0207624539355427	A549_G2_2A_1	0.00386559475601819	A549_G2_2A_2	0.011702028001264	A549_G2_2A_2	0.00632281558131754	A549_G2_2A_2	0.00448955485069772	A549_G2_2A_3	0.0134981796127158	A549_G2_2A_3	0.0107848583785282	A549_G2_2A_3	0.0107926639085738	A549_G2_2A_1	0.00777220997401268	A549_G2_2A_3	0.0221365092656842	A549_G2_2A_3	0.00535347680054815	A549_G2_2A_2	0.00926605888267059	A549_G2_2A_3	0.00518216299889401	A549_G2_2A_3	0.0012485714198115	A549_G2_2A_2	0.00628448716047014
A549_G2_2B	0.459230294642292	A549_G2_2B_3	0.0449243599558447	A549_G2_2B_1	0.0177552825533889	A549_G2_2B_2	0.00584882095850281	A549_G2_2B_1	0.026389502669275	A549_G2_2B_1	0.00327369774497181	A549_G2_2B_1	0.0223627713506087	A549_G2_2B_2	0.0117071342898927	A549_G2_2B_3	0.0841390157315605	A549_G2_2B_1	0.00353142013625002	A549_G2_2B_1	0.00897541654556517	A549_G2_2B_1	0.00543852265549915	A549_G2_2B_3	0.02768054959532	A549_G2_2B_1	0.0122788826055899	A549_G2_2B_2	0.0149758030012403	A549_G2_2B_2	0.00369205235131016	A549_G2_2B_1	0.0169190540431284	A549_G2_2B_1	0.0201519563430212	A549_G2_2B_3	0.0125764758355814	A549_G2_2B_3	0.0245686506014009	A549_G2_2B_2	0.0175739253333586	A549_G2_2B_3	0.0268622465266126	A549_G2_2B_2	0.000879662612746653	A549_G2_2B_1	0.0077130353836319	A549_G2_2B_3	0.0241913163590089	A549_G2_2B_3	0.00183320692307204	A549_G2_2B_2	0.01298753253591
A549_G2_2C	0.480433549803713	A549_G2_2C_3	0.0385275899360451	A549_G2_2C_2	0.00740851394137264	A549_G2_2C_3	0.00601149615095732	A549_G2_2C_2	0.0235449391596653	A549_G2_2C_2	0.00716225394475601	A549_G2_2C_3	0.0238104260273978	A549_G2_2C_2	0.0240064722830955	A549_G2_2C_1	0.0770082717943887	A549_G2_2C_2	0.00957647899874873	A549_G2_2C_1	0.0153280586185346	A549_G2_2C_1	0.0465358217093486	A549_G2_2C_3	0.0376807796811849	A549_G2_2C_1	0.0149329112656699	A549_G2_2C_1	0.0127666143729801	A549_G2_2C_1	0.0121643009965806	A549_G2_2C_3	0.0142256632408903	A549_G2_2C_3	0.00955030079772091	A549_G2_2C_1	0.00927243571088752	A549_G2_2C_3	0.0156205981545886	A549_G2_2C_3	0.0361501834944215	A549_G2_2C_1	0.012310135934058	A549_G2_2C_3	0.0011584490684961	A549_G2_2C_3	0.00922946509821059	A549_G2_2C_1	0.013776708170967	A549_G2_2C_3	0.000946169432689094	A549_G2_2C_2	0.00172851182005719
A549_G2_2D	0.523190007912017	A549_G2_2D_3	0.0515796295370245	A549_G2_2D_2	0.0161047200264078	A549_G2_2D_3	0.010250229405528	A549_G2_2D_3	0.0114464491831129	A549_G2_2D_1	0.00777149952125169	A549_G2_2D_3	0.0252491199165388	A549_G2_2D_2	0.0294200062142446	A549_G2_2D_2	0.0879878830036693	A549_G2_2D_1	0.000410945986379913	A549_G2_2D_3	0.0438675198929722	A549_G2_2D_2	0.0112585773485361	A549_G2_2D_2	0.00952936440657209	A549_G2_2D_3	0.0120639741188905	A549_G2_2D_3	0.0325491760596979	A549_G2_2D_3	0.00261879781535781	A549_G2_2D_3	0.0106104595235257	A549_G2_2D_2	0.0106867023697047	A549_G2_2D_2	0.0106925520135964	A549_G2_2D_2	0.0299770253391356	A549_G2_2D_2	0.04241602499031	A549_G2_2D_2	0.00467489009032628	A549_G2_2D_2	0.0128694559303583	A549_G2_2D_3	0.0145402925681429	A549_G2_2D_2	0.0182146077582568	A549_G2_2D_2	0.00445725434802867	A549_G2_2D_2	0.0119428505444474
A549_G2_2E	0.45369832272383	A549_G2_2E_3	0.0469298475849057	A549_G2_2E_1	0.0121821039312265	A549_G2_2E_2	0.011420528341892	A549_G2_2E_3	0.0182094634369909	A549_G2_2E_1	0.00586620709013409	A549_G2_2E_1	0.00804391006072532	A549_G2_2E_2	0.0119106343540718	A549_G2_2E_2	0.0893965199527195	A549_G2_2E_1	0.00304601416423142	A549_G2_2E_2	0.0331089120587239	A549_G2_2E_1	0.00898509066564488	A549_G2_2E_3	0.0164630029533728	A549_G2_2E_2	0.0149249183250177	A549_G2_2E_2	0.00337877580021129	A549_G2_2E_2	0.00680275813736532	A549_G2_2E_1	0.00870244899890021	A549_G2_2E_2	0.0097635911513216	A549_G2_2E_2	0.00594426808656091	A549_G2_2E_2	0.0235387918717285	A549_G2_2E_2	0.0325538151439697	A549_G2_2E_2	0.0155087920090658	A549_G2_2E_2	0.0100103791850786	A549_G2_2E_3	0.00871077959613808	A549_G2_2E_2	0.034840776403938	A549_G2_2E_2	0.00450740694658237	A549_G2_2E_2	0.00894858647331327
A549_G2_2F	0.544983496497362	A549_G2_2F_2	0.0447906641168875	A549_G2_2F_2	0.00796742670181799	A549_G2_2F_3	0.0105874425130023	A549_G2_2F_1	0.0204153287410243	A549_G2_2F_1	0.0108053059051223	A549_G2_2F_1	0.021865196447366	A549_G2_2F_1	0.00855710767853322	A549_G2_2F_2	0.0990787670996162	A549_G2_2F_1	0.0173544692262022	A549_G2_2F_2	0.029513395667463	A549_G2_2F_2	0.00104847726498178	A549_G2_2F_3	0.0178669965647117	A549_G2_2F_2	0.0182889778957234	A549_G2_2F_2	0.0318705889546324	A549_G2_2F_2	0.00769781618595054	A549_G2_2F_1	0.00903846234783176	A549_G2_2F_2	0.00810734861450473	A549_G2_2F_2	0.0255386625390821	A549_G2_2F_3	0.0260365932249315	A549_G2_2F_3	0.0407836372157513	A549_G2_2F_3	0.0193452563231663	A549_G2_2F_2	0.0111763426766439	A549_G2_2F_1	0.0113103879606865	A549_G2_2F_2	0.0373787395589981	A549_G2_2F_3	0.00444475549937669	A549_G2_2F_1	0.00411534957335418
A549_G2_2G	0.458664216437579	A549_G2_2G_2	0.0240436995086733	A549_G2_2G_2	0.00433107094620936	A549_G2_2G_2	0.00420729224947202	A549_G2_2G_3	0.0176550943053493	A549_G2_2G_1	0.0116874426695323	A549_G2_2G_2	0.0223188033138295	A549_G2_2G_1	0.00321222485970719	A549_G2_2G_2	0.0997171776384875	A549_G2_2G_1	0.00341204106004141	A549_G2_2G_2	0.0236626244253835	A549_G2_2G_1	0.000475615606120776	A549_G2_2G_2	0.0260862206200846	A549_G2_2G_2	0.0166509925059194	A549_G2_2G_1	0.0124169208858298	A549_G2_2G_3	0.0048838956769632	A549_G2_2G_3	0.00473320766589609	A549_G2_2G_1	0.0154228388376862	A549_G2_2G_2	0.0196173896183502	A549_G2_2G_2	0.0287434599955372	A549_G2_2G_2	0.0410601517568204	A549_G2_2G_2	0.0094197890126014	A549_G2_2G_3	0.00824838668427675	A549_G2_2G_3	0.0130799872367403	A549_G2_2G_1	0.0240945140925444	A549_G2_2G_3	0.00494569510093144	A549_G2_2G_1	0.0145376801645918
A549_G2_2H	0.43325375704298	A549_G2_2H_2	0.0185744493338131	A549_G2_2H_2	0.0194268182223716	A549_G2_2H_1	0.00326100013539956	A549_G2_2H_3	0.0205306461601815	A549_G2_2H_2	0.0127701127474483	A549_G2_2H_2	0.0250411041915607	A549_G2_2H_1	0.00739365356010079	A549_G2_2H_2	0.0947309418515537	A549_G2_2H_1	0.00775440787992097	A549_G2_2H_2	0.00832855797528618	A549_G2_2H_2	0.00578820588706599	A549_G2_2H_2	0.0226746751983079	A549_G2_2H_2	0.0152542863950354	A549_G2_2H_1	0.0116793906044616	A549_G2_2H_3	0.00423849269272741	A549_G2_2H_2	0.0150164469479069	A549_G2_2H_2	0.0160494373174843	A549_G2_2H_3	0.00822306449258574	A549_G2_2H_3	0.0237231452106714	A549_G2_2H_2	0.0335173588213759	A549_G2_2H_3	0.00813354076216811	A549_G2_2H_3	0.00728780897211115	A549_G2_2H_1	0.0135864389770852	A549_G2_2H_2	0.0144728327084636	A549_G2_2H_3	0.00800914604557417	A549_G2_2H_2	0.0077877939523184
A549_G2_3A	0.395125320949083	A549_G2_3A_2	0.0134493757428593	A549_G2_3A_3	0.00533954265170736	A549_G2_3A_3	0.00589995954202321	A549_G2_3A_3	0.025427470286676	A549_G2_3A_1	0.00591893548061631	A549_G2_3A_2	0.00707538512719148	A549_G2_3A_1	0.0292029976349872	A549_G2_3A_2	0.0406211039654871	A549_G2_3A_1	0.00533667628016425	A549_G2_3A_3	0.0028067294828244	A549_G2_3A_2	0.00466770782144499	A549_G2_3A_2	0.0287830988223188	A549_G2_3A_3	0.0115148577136656	A549_G2_3A_2	0.0102712379451686	A549_G2_3A_3	0.00437330083949116	A549_G2_3A_3	0.0181376960013537	A549_G2_3A_3	0.0130380418396347	A549_G2_3A_2	0.0346102638752288	A549_G2_3A_2	0.0267308234467032	A549_G2_3A_3	0.0330935766901794	A549_G2_3A_3	0.0124350585488985	A549_G2_3A_3	0.00152871022733039	A549_G2_3A_2	0.0180920252439855	A549_G2_3A_2	0.00874082188297445	A549_G2_3A_2	0.00929710801553339	A549_G2_3A_3	0.0187328158406354
A549_G2_3D	0.356755113019668	A549_G2_3D_2	0.0129100633233134	A549_G2_3D_3	0.00924750519466996	A549_G2_3D_2	0.00725834166662978	A549_G2_3D_2	0.0128483227897019	A549_G2_3D_1	0.0157231761119789	A549_G2_3D_2	0.0154375941922627	A549_G2_3D_2	0.0146569914259063	A549_G2_3D_1	0.0954415251503966	A549_G2_3D_2	0.00253560490118088	A549_G2_3D_3	0.00511347253668925	A549_G2_3D_1	0.0074500365432694	A549_G2_3D_2	0.0206794345508413	A549_G2_3D_3	0.0142731129089904	A549_G2_3D_1	0.00298110624218616	A549_G2_3D_3	0.00803422296145077	A549_G2_3D_3	0.0175494310655022	A549_G2_3D_2	0.00321162033545267	A549_G2_3D_3	0.0145550816405019	A549_G2_3D_3	0.0239747520489869	A549_G2_3D_1	0.0231006635598284	A549_G2_3D_3	0.00577188132888012	A549_G2_3D_3	0.00296972835238138	A549_G2_3D_1	0.00591109039841343	A549_G2_3D_2	0.00937170169052583	A549_G2_3D_2	0.00229003885438548	A549_G2_3D_2	0.0034586132453423
A549_G2_3E	0.454205239087118	A549_G2_3E_3	0.0288313047851033	A549_G2_3E_2	0.00605152935736341	A549_G2_3E_3	0.00680254208357543	A549_G2_3E_3	0.0187807006784692	A549_G2_3E_2	0.00981848936941319	A549_G2_3E_3	0.0099695872847556	A549_G2_3E_3	0.0272465629613259	A549_G2_3E_3	0.0791131751144644	A549_G2_3E_2	0.000452054376820991	A549_G2_3E_3	0.0310608461693445	A549_G2_3E_2	0.00953884200185441	A549_G2_3E_3	0.0186989204986984	A549_G2_3E_3	0.00912812713151356	A549_G2_3E_3	0.0166267982263334	A549_G2_3E_3	0.00127338517144995	A549_G2_3E_2	0.0161871233741556	A549_G2_3E_3	0.00906422646485841	A549_G2_3E_2	0.0194438129236634	A549_G2_3E_3	0.0197871840167865	A549_G2_3E_3	0.0259334249523171	A549_G2_3E_3	0.0146570977609916	A549_G2_3E_3	0.00463239655176884	A549_G2_3E_3	0.016608411182467	A549_G2_3E_3	0.024632440285953	A549_G2_3E_3	0.00821454925167238	A549_G2_3E_3	0.0216517071119982
A549_G2_3F	0.458430845892069	A549_G2_3F_3	0.0363426968924128	A549_G2_3F_3	0.0181527776610619	A549_G2_3F_1	0.00339196037175916	A549_G2_3F_3	0.0118959439267966	A549_G2_3F_1	0.00703126884123029	A549_G2_3F_1	0.011519938855894	A549_G2_3F_1	0.0237193176565824	A549_G2_3F_2	0.081351856751045	A549_G2_3F_1	0.00721586076126168	A549_G2_3F_2	0.0279723985392162	A549_G2_3F_1	0.0103145208795309	A549_G2_3F_2	0.01928991220676	A549_G2_3F_3	0.0117992966409904	A549_G2_3F_2	0.0170329065108246	A549_G2_3F_2	0.012472968044913	A549_G2_3F_1	0.0112342524947497	A549_G2_3F_1	0.0138100393087511	A549_G2_3F_2	0.0210954531919501	A549_G2_3F_1	0.0230915947467504	A549_G2_3F_1	0.0176413689757777	A549_G2_3F_1	0.0104136950716913	A549_G2_3F_1	0.0119541190133012	A549_G2_3F_1	0.00854945605009079	A549_G2_3F_3	0.0289214424409455	A549_G2_3F_3	0.00350929638190617	A549_G2_3F_1	0.00870650367587593
A549_G2_3G	0.498632566220517	A549_G2_3G_3	0.0267485913768335	A549_G2_3G_3	0.0211083054701995	A549_G2_3G_2	0.00705176671127147	A549_G2_3G_3	0.0211524037230918	A549_G2_3G_1	0.00742806140207386	A549_G2_3G_2	0.0102797916719386	A549_G2_3G_2	0.0311770647385427	A549_G2_3G_2	0.0904587486374351	A549_G2_3G_1	0.00109388934312641	A549_G2_3G_1	0.0218465265981229	A549_G2_3G_2	0.00205496008650171	A549_G2_3G_2	0.0233293298943908	A549_G2_3G_1	0.013415417989508	A549_G2_3G_1	0.0176537330013679	A549_G2_3G_2	0.00633162418063229	A549_G2_3G_3	0.0199645271950127	A549_G2_3G_2	0.0249748485653722	A549_G2_3G_2	0.0244080575158283	A549_G2_3G_2	0.0253572632472655	A549_G2_3G_2	0.0223264690867283	A549_G2_3G_3	0.0127825429326352	A549_G2_3G_1	0.0115046016530478	A549_G2_3G_1	0.00587566995368274	A549_G2_3G_1	0.0243059997978489	A549_G2_3G_1	0.00871242184845942	A549_G2_3G_1	0.0172899495995989
A549_G2_3H	0.497212776646247	A549_G2_3H_2	0.0248341673006022	A549_G2_3H_1	0.00485878271787814	A549_G2_3H_2	0.00171861534715979	A549_G2_3H_2	0.0169805420983155	A549_G2_3H_2	0.00587280231678239	A549_G2_3H_2	0.0177260149663219	A549_G2_3H_2	0.0198715005033382	A549_G2_3H_2	0.101281300120172	A549_G2_3H_1	0.00110236427128794	A549_G2_3H_1	0.0206197622306712	A549_G2_3H_1	0.00269698353347845	A549_G2_3H_3	0.0404499251208239	A549_G2_3H_1	0.0138435059869508	A549_G2_3H_1	0.00420481483261403	A549_G2_3H_2	0.013360811804807	A549_G2_3H_2	0.0322438249322861	A549_G2_3H_2	0.013162880284946	A549_G2_3H_2	0.0262566681511809	A549_G2_3H_1	0.0333351401154482	A549_G2_3H_2	0.0159676391879035	A549_G2_3H_3	0.00955772642485137	A549_G2_3H_1	0.0161164073423787	A549_G2_3H_1	0.0167816082600118	A549_G2_3H_1	0.0350149233511012	A549_G2_3H_3	0.000312218852898992	A549_G2_3H_1	0.00904184659203715
A549_G2_4A	0.445607624748593	A549_G2_4A_2	0.0151605477893879	A549_G2_4A_1	0.0275153027728502	A549_G2_4A_3	0.00214798820022936	A549_G2_4A_2	0.00944718028822269	A549_G2_4A_1	0.00864804632160104	A549_G2_4A_2	0.0164027674642719	A549_G2_4A_2	0.016537223036858	A549_G2_4A_2	0.10562974102444	A549_G2_4A_1	0.00749523058108971	A549_G2_4A_2	0.0132797670894915	A549_G2_4A_1	0.00537806827805023	A549_G2_4A_3	0.0359870905233543	A549_G2_4A_2	0.0151216230783948	A549_G2_4A_2	0.0111425484046476	A549_G2_4A_3	0.00210566631797473	A549_G2_4A_2	0.0105287934574605	A549_G2_4A_2	0.0150410013062631	A549_G2_4A_3	0.0192895424642765	A549_G2_4A_2	0.0248777190545091	A549_G2_4A_3	0.0357819461491845	A549_G2_4A_3	0.00458427019704433	A549_G2_4A_3	0.013264476775881	A549_G2_4A_2	0.00670639900789164	A549_G2_4A_2	0.00921432144273911	A549_G2_4A_3	0.00371766059125787	A549_G2_4A_1	0.0106027031312217
A549Root1	0	A549Root1_1	0	A549Root1_2	0	A549Root1_3	0	A549Root1_3	0	A549Root1_2	0	A549Root1_1	0	A549Root1_2	0	A549Root1_1	0	A549Root1_1	0	A549Root1_1	0	A549Root1_1	0	A549Root1_1	0	A549Root1_1	0	A549Root1_2	0	A549Root1_3	0	A549Root1_1	0	A549Root1_3	0	A549Root1_1	0	A549Root1_2	0	A549Root1_2	0	A549Root1_2	0	A549Root1_3	0	A549Root1_3	0	A549Root1_2	0	A549Root1_3	0	A549Root1_1	0
A549Root2	0.331231857785634	A549Root2_2	0.0223144037675585	A549Root2_1	0.00774084056007175	A549Root2_3	0.00575113131850785	A549Root2_2	0.0143241429543038	A549Root2_1	0.00898853859312702	A549Root2_2	0.0111386215306635	A549Root2_1	0.0180490964513841	A549Root2_2	0.0784720113925489	A549Root2_1	0.00144735463651081	A549Root2_3	0.0131577267853246	A549Root2_2	0.00327439870010846	A549Root2_2	0.0195238369085758	A549Root2_1	0.00396673844051225	A549Root2_1	0.0143969506418728	A549Root2_3	0.00562714483933994	A549Root2_2	0.00619805669062788	A549Root2_2	0.0123912613078586	A549Root2_2	0.00798975630300216	A549Root2_2	0.0121424559094797	A549Root2_2	0.0277909137995083	A549Root2_1	0.0107360957999209	A549Root2_3	0.00843259882063054	A549Root2_2	0.00376956444808565	A549Root2_3	0.00461190677089658	A549Root2_2	0.00129307980310902	A549Root2_1	0.00770323061210473
