	A549_G1_1A_1	A549_G1_1A_2	A549_G1_1B_1	A549_G1_1B_2	A549_G1_1B_3	A549_G1_1C_1	A549_G1_1C_2	A549_G1_1D_1	A549_G1_1E_1	A549_G1_1E_3	A549_G1_1F_1	A549_G1_1F_2	A549_G1_1F_3	A549_G1_1G_1	A549_G1_1G_2	A549_G1_1G_3	A549_G1_1H_1	A549_G1_1H_2	A549_G1_1H_3	A549_G1_2A_2	A549_G1_2A_3	A549_G1_2B_1	A549_G1_2B_2	A549_G1_2B_3	A549_G1_2C_1	A549_G1_2C_2	A549_G1_2C_3	A549_G1_2D_1	A549_G1_2D_2	A549_G1_2D_3	A549_G1_2E_2	A549_G1_2F_1	A549_G1_2F_2	A549_G1_2F_3	A549_G2_2A_1	A549_G2_2A_2	A549_G2_2A_3	A549_G2_2B_1	A549_G2_2B_2	A549_G2_2B_3	A549_G2_2C_1	A549_G2_2C_2	A549_G2_2C_3	A549_G2_2D_1	A549_G2_2D_2	A549_G2_2E_2	A549_G2_2E_3	A549_G2_2F_1	A549_G2_2G_1	A549_G2_2H_1	A549_G2_2H_2	A549_G2_3A_1	A549_G2_3A_2	A549_G2_3D_1	A549_G2_3D_2	A549_G2_3D_3	A549_G2_3E_1	A549_G2_3E_2	A549_G2_3E_3	A549_G2_3F_1	A549_G2_3G_1	A549_G2_3G_2	A549_G2_3H_1	A549_G2_3H_2	A549_G2_3H_3	A549_G2_4A_1	A549_G2_4A_2	A549_G2_4A_3	A549Root1_2	A549Root2_1	A549Root2_2
A549_G1_1A_1	0	0.00804562451562983	0.00227392088666668	0.00497906244575858	0.0105260541957544	0.00272054393393802	0.00320968409794348	0.00419702552958539	0.00560386359060332	0.021144903015586	0.00578410647424052	0.0402293744166367	0.0148886095183611	0.00241507220049891	0.00754629407747694	0.014889479626459	0.0109149034135862	0.0101061378619608	0.0112389929178437	0.037693197273175	0.00417008808063627	0.00456329690004039	0.0152110741051809	0.00936102316557383	0.00358480702353751	0.0420562859616584	0.00873372090873375	0.00158474782645231	0.00714595580823137	0.0296324122294209	0.00721871090814255	0.0105069515356006	0.00331672143236254	0.0116508827175935	0.00990275615659867	0.00322249283447776	0.0127452273614979	0.00991816074935646	0.013863236781821	0.010480420182817	0.00201046717803502	0.00528013147220829	0.0104145489662498	0.00633156669952038	0.00891526145850636	0.0136741719483496	0.0345667114792829	0.0229579848938782	0.0222521746160421	0.0141943613698562	0.00866744718145837	0.00897133111584843	0.0057991420309082	0.010182650812868	0.00645223134106741	0.0110672921910989	0.0123661499252472	0.00782573276570035	0.00769542672179738	0.00601343929932665	0.00269370804505017	0.0116105188513909	0.0250577368475088	0.0105977128709198	0.00922624720642286	0.011689895451089	0.0072610930183903	0.018519763302203	0.0206435904039677	0.00277109274570371	0.0053634138664591
A549_G1_1A_2	0.00804562451562983	0	0.00597255731207414	0.0129826092748379	0.0166810429555195	0.00750665266898083	0.0048974952694553	0.00399791870838914	0.0076499661284981	0.0290840623351461	0.00293991930793082	0.047932291601771	0.0217639906092049	0.00574262589960411	0.000505880954730788	0.0122190150305951	0.0100872048955428	0.00274608103838025	0.0188439141306423	0.0447709511797833	0.0119178676108014	0.00922887051962441	0.00716775465758841	0.0172586031458524	0.011629465700024	0.0500827558851924	0.0131706226928135	0.0095738601297111	0.0129393049284732	0.035305209186071	0.0151332899326385	0.0185032845884993	0.00479796553600713	0.0189608347536181	0.00468449040429241	0.00486851647526172	0.0163325170598243	0.00385794272749158	0.0215818095771665	0.0181807327056338	0.00828831148448602	0.00780520358093952	0.0170014094237829	0.0135479510128094	0.00087030317797164	0.0213739133421334	0.0420042844310105	0.0309178198391953	0.0302747448094239	0.0222388462547028	0.0163045817093814	0.00156879869434469	0.00750353323670988	0.018215020905802	0.0144777104991418	0.0179149416984678	0.0200801620458938	0.0112495319069834	0.00643730679156209	0.00902376021465833	0.00991972379928704	0.00795186456583768	0.0328168854022553	0.0163045152438581	0.0171894185114098	0.0197346266852611	0.0146189450998751	0.025890136158588	0.0285554555927186	0.0108016002451092	0.00420341770910762
A549_G1_1B_1	0.00227392088666668	0.00597255731207414	0	0.0072230026903189	0.0125129722012947	0.00207908151843312	0.00109182592504163	0.00254723274754696	0.00589998207149866	0.0233881081529286	0.00352363193921151	0.0424994480381556	0.0170666690779339	0.0014317604058726	0.00546680491714405	0.0130767524179279	0.0108670485677677	0.00827221703756129	0.0135076994293454	0.0399302559332919	0.00643572104147965	0.00576394929796927	0.0131227243019734	0.0112867140993962	0.00575508244120195	0.0442305869161062	0.0101823652385623	0.00366110226688659	0.00895230039246514	0.0316262471766775	0.00948413527038108	0.0127376612394666	0.00175132395194221	0.0138878843838907	0.00765212996666617	0.00162262921593799	0.0140771101720619	0.00838202144355636	0.016136918127625	0.012753426205176	0.0035244228415243	0.00570444793870676	0.0125041614237019	0.00851654333657325	0.0068394491682561	0.0159477924410249	0.0368339471164404	0.0251925892588343	0.0243241719250925	0.0163399089862705	0.0103749520310872	0.00676517702282976	0.00599961507584943	0.0123806360755164	0.00867121759500705	0.0132194849397668	0.0146398208168286	0.00889586835672179	0.00719655498193602	0.00675629817061065	0.00399753299460909	0.0108023295680912	0.0273277587904052	0.0124697320848705	0.0114750440360029	0.0138439638515592	0.00948456421091211	0.0207759383710948	0.0225859477089724	0.00500898871014475	0.00312617645489896
A549_G1_1B_2	0.00497906244575858	0.0129826092748379	0.0072230026903189	0	0.00769288713393251	0.00678069807753545	0.00818853258673138	0.00903567341456854	0.00841560568119633	0.0161685226545445	0.0107464844907946	0.0353192516520839	0.0108137787548716	0.00725016953082794	0.0124893141026714	0.0187122125680259	0.0133515149018606	0.0148615020354388	0.00657395104025662	0.0331183221197785	0.00159159678749829	0.00619542152218695	0.0201287897331423	0.00524830005952536	0.00160961130256987	0.0371123856154943	0.00820677851455489	0.00362567918869741	0.00582154224075541	0.0260785017230881	0.00231426008530504	0.00552971357514784	0.00819268907588789	0.0073039558280159	0.0147106691887688	0.00811639045286658	0.0119417145239579	0.0144088869102386	0.00902818922742121	0.00573516482940809	0.00505882719216957	0.00800005882496782	0.00708615281064541	0.00320058722332688	0.0138484894077027	0.00885722452636353	0.0297948541239183	0.0179798593471445	0.0174700646261824	0.00932156517250098	0.00539255829100761	0.0139497145164579	0.00869632806192399	0.00524312930470908	0.00151167997505662	0.0073264258161873	0.00755809113862523	0.0085367188679389	0.011179900820772	0.00794967631449734	0.00440637731878165	0.0151592473317857	0.0201411051370425	0.00825167094763998	0.00425222599477455	0.00682054182071903	0.00346656142895937	0.0138972132545578	0.0161228175177206	0.00221410541898177	0.0101997080009591
A549_G1_1B_3	0.0105260541957544	0.0166810429555195	0.0125129722012947	0.00769288713393251	0	0.0131601944869188	0.0130293547821476	0.0129634473507214	0.00931720141280609	0.0150374001081065	0.0155469657455976	0.0321137142246797	0.0053347761898994	0.0116702023681348	0.0162912734721638	0.0254081356114738	0.0115589923182231	0.017477908195763	0.0052708468589865	0.0281761357814367	0.00701553481586167	0.00745342276200492	0.0230767210103337	0.0111088358413356	0.00891200425470708	0.0360857498747051	0.00436964237528556	0.0100788931627564	0.00374469952815248	0.0191217891694488	0.00652315717549731	0.00792756789723666	0.0124476094944246	0.00413505794243498	0.0199526967894913	0.0124489735960412	0.00570244703355802	0.0162858336489315	0.00747008243113006	0.0054938518742334	0.00901412879274644	0.00904617417217028	0.0011740363204037	0.0045987648656578	0.0174218512465984	0.00722977602112212	0.0257455578451742	0.0168766425561193	0.018812015900542	0.0114656141296389	0.0121705279006683	0.0180796252720448	0.00954805387416949	0.00848915322448252	0.00769076114301304	0.00219970102542526	0.00646391149953384	0.0063721218086764	0.0118093454532198	0.00798869849051489	0.0115253789955909	0.0148615629607391	0.0175313023353739	0.00110036386373086	0.0070974328320899	0.00985578443573337	0.00427254903076734	0.00994633462394872	0.0187747129549117	0.00881831325955688	0.0155754218797471
A549_G1_1C_1	0.00272054393393802	0.00750665266898083	0.00207908151843312	0.00678069807753545	0.0131601944869188	0	0.00300114417025607	0.00456894255726787	0.0077502671671128	0.0227029161413998	0.00468340494520108	0.0420043357988146	0.0172918247733628	0.00342989897352637	0.00701043868182222	0.0122645729974891	0.0128643171531023	0.010019153194746	0.0133306626000692	0.0398765645044302	0.00645158155184767	0.00716497996527733	0.0144946829873627	0.0100248639765808	0.00517838407254016	0.0432545651808826	0.0114350472895368	0.00325102273607796	0.00985717418467534	0.0322233678023284	0.00909314677009979	0.0120809515043764	0.0038222267787357	0.0139221759009623	0.00804943242028072	0.00369350238338352	0.0154314316878283	0.0103133533423238	0.0158029950807054	0.0125086869514076	0.0046515724850887	0.00750205241870603	0.0129680845121716	0.00880236964712255	0.00834097171410044	0.015635320580259	0.0365671756875099	0.0244592956159782	0.0231649546801398	0.0153813223329622	0.00888961899861707	0.00798207917052786	0.00788516256503688	0.0116133581618144	0.00806586732052935	0.0135378170206836	0.0143380505713155	0.0104129144307991	0.00925646719922959	0.00843115038931048	0.00265300995721723	0.012879637684035	0.0268404681671284	0.0132834787483998	0.0109254202787974	0.0129343290266614	0.00963030218835553	0.0206587236104803	0.0212352864861761	0.00470854390435736	0.00373168381626267
A549_G1_1C_2	0.00320968409794348	0.0048974952694553	0.00109182592504163	0.00818853258673138	0.0130293547821476	0.00300114417025607	0	0.00158346099379149	0.0056424666016351	0.0243519505233504	0.00262908731603029	0.0433961659670761	0.0177444733690733	0.00138245952509315	0.00439250850626894	0.0128854327165792	0.0103180379358395	0.00718234129033724	0.0143496848329526	0.0406778536579202	0.00729018874673952	0.00595161137983665	0.0120583439008925	0.0123672969687872	0.00676763305000243	0.045250248229916	0.0103759189346646	0.00468993584843044	0.00937806264182372	0.0320994954552298	0.0104148844456901	0.0137163794636855	0.0010115402445988	0.0146550051931852	0.00695093430634763	0.000906127559450461	0.0141611417841196	0.00733572112561615	0.0170173606201477	0.0136208048612084	0.00403393061048629	0.00551908299875399	0.0131065693476044	0.00923856036348374	0.00576648627646051	0.016822315798914	0.0376605377096373	0.0261664941042114	0.0253831794432312	0.0173725647562657	0.011466680843659	0.00576174684671683	0.00569145760808905	0.0133848038247655	0.00965943894745432	0.0138795517151294	0.0155159110979293	0.00891061180452807	0.0065251961553232	0.0066729971329016	0.00508842844645513	0.00995487517002789	0.0282330106884686	0.0129013528434231	0.0124335760737987	0.0148720981938246	0.0102466137704573	0.0215721511300527	0.0236680695467125	0.00598000651904474	0.00258303372819795
A549_G1_1D_1	0.00419702552958539	0.00399791870838914	0.00254723274754696	0.00903567341456854	0.0129634473507214	0.00456894255726787	0.00158346099379149	0	0.00467015940006963	0.0250954268844879	0.0027613353970344	0.0439485947510578	0.0179120756482292	0.00179594325543089	0.00352731963407993	0.0137122826793473	0.00892419811503475	0.00591004868658438	0.0148549316894535	0.0409166828958547	0.00792439986076334	0.00558030926628922	0.0110991266251965	0.0135497130701208	0.00775678004768161	0.0461353801023926	0.00986436774302043	0.00577527768632161	0.00923086457041023	0.031872270704046	0.0111497112768574	0.0145384227717158	0.000887110428488126	0.0150096750747901	0.00711943279681828	0.000996242482134923	0.0134493208193042	0.00585526976291346	0.0175869931734284	0.0141848722356607	0.00429975359043813	0.00465024970781739	0.013181754650645	0.00958158429810712	0.00484832488648463	0.017380090296441	0.0380626150124366	0.026933268923787	0.0264294436229434	0.0183357907759841	0.0127713244643071	0.00519604326434848	0.00465060017670133	0.0142781221597597	0.0105411554306844	0.014045702158056	0.0160847916456633	0.00818377747411462	0.00506036658057978	0.00588476697840508	0.0064602724725743	0.00837804031167831	0.0288236186593702	0.0127029645473793	0.0132137111923217	0.0158298659999874	0.0106432648219977	0.0219453761935876	0.024838401529893	0.00688949011382234	0.00339065774325361
A549_G1_1E_1	0.00560386359060332	0.0076499661284981	0.00589998207149866	0.00841560568119633	0.00931720141280609	0.0077502671671128	0.0056424666016351	0.00467015940006963	0	0.0231309911701326	0.00741027988698035	0.0412375877409197	0.0145924393578686	0.00447976157722407	0.00733978270062464	0.0183743193630438	0.00532933100828693	0.00816280999836345	0.0125390925364567	0.0374813839217218	0.00686131532899971	0.00237359431773905	0.0137608847035687	0.0136357067090194	0.00787037734920088	0.0443959985071919	0.0055276889979174	0.0067575905507087	0.00569481998373328	0.0276619294130064	0.00985088756969284	0.0132215746375672	0.00466937034668127	0.0122696465801849	0.0116495742949334	0.00475254471729046	0.00882987369269068	0.00701789860911506	0.0153210503175041	0.0120826418109356	0.0038657294194937	0.000416059804013012	0.00984321819668547	0.00730978521515829	0.00829754663914475	0.0150885903479304	0.0350096632720217	0.0250066472072723	0.0254777069418465	0.0173061260835937	0.0134529857629042	0.00916503868769398	0.000288663909005611	0.0132210655628663	0.00980446605281168	0.0108771588781203	0.0138855450894325	0.00361954687093031	0.00286390367912284	0.00138131204686058	0.00825152717374761	0.00676209858042351	0.0263468622773053	0.00879549518072019	0.0118573992648882	0.0149019982156028	0.00837735960551652	0.0190154643157964	0.0244208221993227	0.00696728297790618	0.00801404190497741
A549_G1_1E_3	0.021144903015586	0.0290840623351461	0.0233881081529286	0.0161685226545445	0.0150374001081065	0.0227029161413998	0.0243519505233504	0.0250954268844879	0.0231309911701326	0	0.026910365271455	0.0194534213837859	0.0105559002205488	0.0233464465807333	0.0286002995915042	0.0334605700508663	0.0264824977750447	0.0307280175935792	0.010598186737343	0.0192993139337666	0.0171732862981614	0.020799170570584	0.0361665032952216	0.0133561710329714	0.0176597132339029	0.0212771987870673	0.0192865641675399	0.0197545738060404	0.0177227557738833	0.0189510988060119	0.0139562821988982	0.0106584781454646	0.0242900032910614	0.0111004681467827	0.0307474773455718	0.0242247214510568	0.0201942972319419	0.0299773028730613	0.00783611077184422	0.0110740106574214	0.020865133501557	0.022754780276913	0.0140224115481924	0.0158750399699433	0.0299407464431856	0.0080749676461299	0.0149335018452065	0.00187719460694201	0.00600445222659944	0.00769808771555216	0.0150530589211002	0.0301086178144607	0.0234110177658527	0.0110910029785668	0.0147263323953896	0.0128928748885878	0.00924686611900886	0.0210846486588349	0.0259533710496159	0.0220594473646432	0.0200794149669843	0.0295025490818589	0.00474245478808999	0.0160685863480676	0.0119199960990807	0.00988753442403576	0.0147860096360855	0.00651801620949576	0.00837219430230685	0.0183817843226006	0.0263042242658254
A549_G1_1F_1	0.00578410647424052	0.00293991930793082	0.00352363193921151	0.0107464844907946	0.0155469657455976	0.00468340494520108	0.00262908731603029	0.0027613353970344	0.00741027988698035	0.026910365271455	0	0.0460042931871108	0.0203454953149051	0.00390205122091374	0.00248430165625943	0.011035918421375	0.011235496912488	0.00563719086295438	0.0169750320933264	0.0432958510259896	0.00991004838421784	0.00827111007163022	0.00981231328356801	0.0146319794340169	0.00926820667097556	0.0477155356522562	0.0126091811410781	0.00717023198682371	0.0118479941230109	0.0345482483947341	0.0130022582594718	0.0162590335896258	0.00310399543926517	0.0172816608763181	0.00441469063545892	0.00309834212180672	0.0162087907074809	0.00639632451100574	0.0196328365298517	0.0162400507878537	0.0066171737862302	0.00740764771050138	0.015677632727614	0.0118606615101203	0.00371831058469523	0.0194398524885308	0.0402873011936931	0.028712967966155	0.0277391281000621	0.019819185107046	0.0135645043417942	0.0033158585212586	0.00737074781053756	0.0158916204464693	0.012191553553486	0.0164769603211045	0.018132721944691	0.0109447490353372	0.00732861570682016	0.00864515274584302	0.00722791215223808	0.00995173354360693	0.0308377656113476	0.0153533728684772	0.0149983476536942	0.0173317190544689	0.0128740169385037	0.0242003479639559	0.0258900133361501	0.00853249652514634	0.00130142635254706
A549_G1_1F_2	0.0402293744166367	0.047932291601771	0.0424994480381556	0.0353192516520839	0.0321137142246797	0.0420043357988146	0.0433961659670761	0.0439485947510578	0.0412375877409197	0.0194534213837859	0.0460042931871108	0	0.0267864681498043	0.0422760282939927	0.0474714621830291	0.0528830974353445	0.0434174643994334	0.0492522922499818	0.0291024477735809	0.0091095523978805	0.0361140112292583	0.03907088795223	0.0548187184251274	0.0327981582534417	0.0368753256162943	0.0107565803123391	0.0364316517801454	0.0389419071016935	0.0355537810703401	0.0219005377536552	0.0330284313068699	0.0299354107441156	0.0432039643083679	0.0290522017196172	0.0500092731301557	0.0431546510050299	0.035761407392106	0.0482478482017805	0.026390834143231	0.0297919355196718	0.0396531696806638	0.0409117645155064	0.0314295738140316	0.0344068910453423	0.0487621762030863	0.0265902898372411	0.00708987521687164	0.0178694675947718	0.0215737465397627	0.0271268262397372	0.0344743887004391	0.0490891799843965	0.0414941838164684	0.0304483949333241	0.0339528863229833	0.0303704893189337	0.0278934475855725	0.0384767790481187	0.043877688764327	0.0399891369691423	0.0394186702091	0.0469123158698658	0.0151833075815133	0.0328927217344117	0.0310973235531564	0.0293302894880361	0.0333283817478027	0.0222322985279241	0.0247459902552724	0.0375174560746973	0.0455113557337471
A549_G1_1F_3	0.0148886095183611	0.0217639906092049	0.0170666690779339	0.0108137787548716	0.0053347761898994	0.0172918247733628	0.0177444733690733	0.0179120756482292	0.0145924393578686	0.0105559002205488	0.0203454953149051	0.0267864681498043	0	0.0164467020791568	0.021347433637395	0.0294662171630973	0.0167471898713198	0.0227307963825141	0.00477879262081126	0.02301943189247	0.010840827802799	0.0125831515526409	0.0283333127318863	0.0119852253403286	0.0123612399606017	0.0311016135521602	0.00965542669686036	0.0140479577909942	0.00891610118556448	0.0153704830490115	0.00875926294657223	0.00785246353959393	0.0173000978260887	0.00357672318203078	0.0246862673703918	0.01728186990568	0.00972932265587529	0.0215909170234269	0.00461785011876147	0.00564613519179835	0.0137296845175286	0.0142985633918898	0.00477570826493041	0.00855857548553627	0.0225389897365415	0.00448171250148109	0.0204271196789811	0.0122780690634708	0.0153323166529217	0.00965310550218543	0.0135456444515447	0.0230954508945522	0.0148339108636855	0.00864967632722719	0.0100668167968325	0.00387095514718825	0.00482358522738759	0.011695728869831	0.0171386048380611	0.013290489101312	0.0151775165978599	0.0201552200243516	0.0123793254081535	0.00612632018741825	0.00792724679800831	0.00922090608260314	0.00766321019128419	0.00471377959212164	0.0161024688572774	0.0126140179664672	0.0201907142515097
A549_G1_1G_1	0.00241507220049891	0.00574262589960411	0.0014317604058726	0.00725016953082794	0.0116702023681348	0.00342989897352637	0.00138245952509315	0.00179594325543089	0.00447976157722407	0.0233464465807333	0.00390205122091374	0.0422760282939927	0.0164467020791568	0	0.00525576682795006	0.0142371536628991	0.00944950730343777	0.00769597004963813	0.0131901799739243	0.039413845059423	0.00618992039072706	0.00457685655995611	0.0128794733351683	0.0117759573909141	0.00596136332620256	0.0443564990681169	0.00900618397298606	0.00399919720625122	0.008003495507104	0.0307260296154691	0.00939236402023013	0.012763714284212	0.000944699507590905	0.0134234831416335	0.00828761903138558	0.000881093918131975	0.0128229452266755	0.0075272878412641	0.0158965104480035	0.0124929029311633	0.00271768537491314	0.00430142245257792	0.0117773201740003	0.0079906323135097	0.00660472275156244	0.0156944997684385	0.0364628686958061	0.0251782032138854	0.0246340779563187	0.0165423845115017	0.0110496629110553	0.00681965856392932	0.00457184033320335	0.012490777940275	0.00875262828885627	0.012577102899874	0.0143931290596769	0.00759236845139123	0.00583592326509751	0.00539605338742673	0.00483500324678582	0.00955641188871069	0.0271306834788147	0.011525148261159	0.0114473295055921	0.0140363054143674	0.00902536779297872	0.0203551557530997	0.0230561283986966	0.00509448578743409	0.00396543038755856
A549_G1_1G_2	0.00754629407747694	0.000505880954730788	0.00546680491714405	0.0124893141026714	0.0162912734721638	0.00701043868182222	0.00439250850626894	0.00352731963407993	0.00733978270062464	0.0286002995915042	0.00248430165625943	0.0474714621830291	0.021347433637395	0.00525576682795006	0	0.0121704457375365	0.0100290465866577	0.0031574639164996	0.0183810121760373	0.0443563191507347	0.0114378167020303	0.00883894188856254	0.00766998852979879	0.0167528484728954	0.0111293870888212	0.0495881407926521	0.0128451702987601	0.00907111259388265	0.0125473540131047	0.0349771467440647	0.0146477970919937	0.0180122013365082	0.00431166564233061	0.0185153650414894	0.00470964805669642	0.00437904599828109	0.0160770434133837	0.00410877954605197	0.0211135465456297	0.0177113610537378	0.00782503022600103	0.00747484426994159	0.0165906161951639	0.0130959114337434	0.00137405058842667	0.0209068124722424	0.0415631994952697	0.0304321307670039	0.0297713546260142	0.0217392459204983	0.0158001937638407	0.0018257272450464	0.00720712885840705	0.0177193372819061	0.0139825951716952	0.0174929014435274	0.0196113094184701	0.0109525999937991	0.00629916534592692	0.00870498153425639	0.00941486183228324	0.00807216844452707	0.0323493365905002	0.0159360470953062	0.0167011305347569	0.0192353727762812	0.0141631837983631	0.0254475848754332	0.0280497560600538	0.0103049643390008	0.00376709973725932
A549_G1_1G_3	0.014889479626459	0.0122190150305951	0.0130767524179279	0.0187122125680259	0.0254081356114738	0.0122645729974891	0.0128854327165792	0.0137122826793473	0.0183743193630438	0.0334605700508663	0.011035918421375	0.0528830974353445	0.0294662171630973	0.0142371536628991	0.0121704457375365	0	0.0221229354161094	0.0143002748892073	0.025241560171905	0.0516380942784949	0.0186647483243525	0.0188023517031862	0.0141206738359454	0.0201089268433276	0.0171280203839909	0.0525845469450319	0.0232336509263972	0.015456463800548	0.0219845940859014	0.0444796054560196	0.0209354494411828	0.0233781444477174	0.013767389101046	0.026007518455824	0.00758270147685338	0.0137057745779852	0.0270431507606065	0.0159019969946779	0.0274549424955994	0.0243706875280822	0.016575418386561	0.0183201785174368	0.0252294667475078	0.0210539115767031	0.0122510810720674	0.0273220774454301	0.0479975467636259	0.0350368789486033	0.0323904095769563	0.0257745257390428	0.018425468198913	0.010881682386506	0.0183623417560468	0.0227371229065221	0.0197282484273233	0.0257717432015796	0.0260767282732578	0.0217855309108225	0.0182654004847003	0.019520816854873	0.014310008242139	0.0201494696340952	0.037954605365017	0.0254736113088664	0.0224664119700313	0.0236433951093624	0.0218361662372013	0.032499709032854	0.0297445275974796	0.0168641850150483	0.0103737132543177
A549_G1_1H_1	0.0109149034135862	0.0100872048955428	0.0108670485677677	0.0133515149018606	0.0115589923182231	0.0128643171531023	0.0103180379358395	0.00892419811503475	0.00532933100828693	0.0264824977750447	0.011235496912488	0.0434174643994334	0.0167471898713198	0.00944950730343777	0.0100290465866577	0.0221229354161094	0	0.00900861378009011	0.0160708809381609	0.0386484421076185	0.0117600553663267	0.00718749837908449	0.0138163183822389	0.0185928424078418	0.0130510467662422	0.0476239195665419	0.00721276192908616	0.0120811183725321	0.00892957512206676	0.0273728165155545	0.0143622461812737	0.0174952701232017	0.00931066400125183	0.0153869232344275	0.0147381154139412	0.00942512804968982	0.00808503730427292	0.00724757767297998	0.0187065644060224	0.0158443037137528	0.00918328931415553	0.00569017315929007	0.0124856967384047	0.0114722752186639	0.0103416226560635	0.0184631695287288	0.0368123916923693	0.0283437004654992	0.0296028515893382	0.0215859460080649	0.018597433023046	0.0116107110953559	0.00511810586794321	0.0176560235712296	0.0146002941675774	0.0136174300266463	0.017426426423042	0.00545288039998488	0.00391064100624508	0.00541131957572992	0.0135777029457508	0.00377608307219915	0.0290734387076593	0.0106389226247331	0.0161884277446273	0.0193357676177795	0.0123898333547018	0.0214447366234898	0.0289040726825448	0.012183921230352	0.0122156852015747
A549_G1_1H_2	0.0101061378619608	0.00274608103838025	0.00827221703756129	0.0148615020354388	0.017477908195763	0.010019153194746	0.00718234129033724	0.00591004868658438	0.00816280999836345	0.0307280175935792	0.00563719086295438	0.0492522922499818	0.0227307963825141	0.00769597004963813	0.0031574639164996	0.0143002748892073	0.00900861378009011	0	0.0202778646358604	0.045637437191808	0.0136255665240364	0.0101986929355643	0.00560416262823631	0.0194576967334391	0.0136497856094972	0.0518772913215928	0.0135629871850621	0.0116851305135936	0.0138162472643563	0.035517300913342	0.0168734194746918	0.0203014976584911	0.00679441069310683	0.0202146548231708	0.00675303285001533	0.00689578436847121	0.0162067881675013	0.00179186098445756	0.0230576295398844	0.019692352879149	0.00989655053694888	0.00843694365074112	0.0179642086008606	0.0149277899365666	0.00222008046642589	0.0228375787773056	0.0431235623150364	0.0325853401855386	0.0323067357955172	0.0241813204905179	0.0186369744174474	0.00351212999340439	0.00794031175509417	0.0200943034768371	0.0163729235093177	0.0189633791553919	0.0215720718828078	0.0115068916111295	0.00604822535446767	0.00951290878701498	0.0122694584602545	0.00608690892654915	0.0342411086201721	0.016943901569412	0.0189529204700478	0.0216789820447241	0.0160205716888768	0.0270712410392752	0.0307464118485135	0.0127645623096765	0.00692445424505786
A549_G1_1H_3	0.0112389929178437	0.0188439141306423	0.0135076994293454	0.00657395104025662	0.0052708468589865	0.0133306626000692	0.0143496848329526	0.0148549316894535	0.0125390925364567	0.010598186737343	0.0169750320933264	0.0291024477735809	0.00477879262081126	0.0131901799739243	0.0183810121760373	0.025241560171905	0.0160708809381609	0.0202778646358604	0	0.0265534405114737	0.00707263316579265	0.0102215237030912	0.0257993837395198	0.00723774533910897	0.00818267662229527	0.0318723157460873	0.00900605680929358	0.0101097217671919	0.0071814834828476	0.0200870887725635	0.00430748058819847	0.00320397735480258	0.0141140828188128	0.00147235137360162	0.0211334180484268	0.0140675284236172	0.0109698251449891	0.0194351010133633	0.00278915169640951	0.000898216531396273	0.0105568918059478	0.0121669289115051	0.00409803413866191	0.00535080435262882	0.0196783781976569	0.0025631439219911	0.0233320771119338	0.0124751483323294	0.0136699633810492	0.00621186139168802	0.00876887886047773	0.0200073017277708	0.0128178991049376	0.00396600181282526	0.00553980052876468	0.00319477123918586	0.00136388564002006	0.0106220594007044	0.0153571161781503	0.0114650827827231	0.0109675742585501	0.018940841945615	0.0139872914109511	0.00636685636758598	0.00315249689025088	0.00489883524269348	0.00425822148605467	0.007329070150405	0.0135054614633405	0.00864531413248173	0.016594583814962
A549_G1_2A_2	0.037693197273175	0.0447709511797833	0.0399302559332919	0.0331183221197785	0.0281761357814367	0.0398765645044302	0.0406778536579202	0.0409166828958547	0.0374813839217218	0.0192993139337666	0.0432958510259896	0.0091095523978805	0.02301943189247	0.039413845059423	0.0443563191507347	0.0516380942784949	0.0386484421076185	0.045637437191808	0.0265534405114737	0	0.0335390205965664	0.0355754951586964	0.0512247609973472	0.031919283333289	0.0347270216787616	0.0195593874148594	0.0321907677732194	0.0366492515803335	0.031880414646416	0.0138166964400441	0.0308246900336514	0.0282981132437637	0.0402855102060652	0.0260498434181782	0.0475752505617845	0.0402617323927221	0.0306232611976025	0.044386903549253	0.0242034571358984	0.0273863440631129	0.0367005336280881	0.0372173705658972	0.0277806620501986	0.0314450383579378	0.0455399652163569	0.0243426918984757	0.00507657152212192	0.0183772393426135	0.0235964873591753	0.0265920609832452	0.033691714753106	0.0461009817639697	0.0377047837867138	0.0289742050334803	0.0319684034338824	0.026879316894812	0.0256076014749767	0.0342813438115596	0.039844272776273	0.0361360875687197	0.0374857421309683	0.0423443138712014	0.0145781507226999	0.0287207540380277	0.0291913227042635	0.0282943220073304	0.0304522994055183	0.0192265449158214	0.0267339233302744	0.0351848575883965	0.0430477572197637
A549_G1_2A_3	0.00417008808063627	0.0119178676108014	0.00643572104147965	0.00159159678749829	0.00701553481586167	0.00645158155184767	0.00729018874673952	0.00792439986076334	0.00686131532899971	0.0171732862981614	0.00991004838421784	0.0361140112292583	0.010840827802799	0.00618992039072706	0.0114378167020303	0.0186647483243525	0.0117600553663267	0.0136255665240364	0.00707263316579265	0.0335390205965664	0	0.00461054264887381	0.0190042637808094	0.00683737567971523	0.00197418248409517	0.0382671104043008	0.00683657272740561	0.00321207247777631	0.00453695902458952	0.0258682995529222	0.00324829365754602	0.00668057710853416	0.00713003380496323	0.00750765185563772	0.01407201195478	0.00707088245806293	0.010703006134416	0.0130592467978107	0.00972842140028134	0.00633103165082095	0.00373083677283138	0.00644526547095253	0.00663155843831696	0.00243965179548829	0.012772177141915	0.00953268299307788	0.0304016441586297	0.0190144322650606	0.0188258283457052	0.0106426878636094	0.00693929899496037	0.0129979166500266	0.00714478163577579	0.00652668474636505	0.00294810476999615	0.00710909750873505	0.00822637904214618	0.00699857374145079	0.00965666543883881	0.00635942493215945	0.0045210071857306	0.0136183233884422	0.0209534428667048	0.00739133075539375	0.00532802686992171	0.0081705461538467	0.00317958802697912	0.0143518728029257	0.0175992026832964	0.00182450878697268	0.00953228828211005
A549_G1_2B_1	0.00456329690004039	0.00922887051962441	0.00576394929796927	0.00619542152218695	0.00745342276200492	0.00716497996527733	0.00595161137983665	0.00558030926628922	0.00237359431773905	0.020799170570584	0.00827111007163022	0.03907088795223	0.0125831515526409	0.00457685655995611	0.00883894188856254	0.0188023517031862	0.00718749837908449	0.0101986929355643	0.0102215237030912	0.0355754951586964	0.00461054264887381	0	0.015792350336358	0.0114432316971456	0.00588926870789708	0.0420588638887361	0.00443234049029656	0.0052516334967417	0.00371066155405547	0.0262954518685963	0.00749557280913154	0.0108514288644293	0.00518960448386079	0.0100379131458712	0.0126779207940362	0.0052188072518182	0.00832190336209333	0.00922991319508658	0.013009327523433	0.00973527078810011	0.00255285325711259	0.00197440632844913	0.0078078675385355	0.00494679281911233	0.00997798262698348	0.0127798995994618	0.0329427588381231	0.0226733641842717	0.0231081540956203	0.0149405728409864	0.0114120486089786	0.0106328092548222	0.00266164851229411	0.0108646626902884	0.00752166706647313	0.00877586788260383	0.0115580533922191	0.00326301140301977	0.00523747910056219	0.00177986574145137	0.00690283939453209	0.00909711424665265	0.0241045474451974	0.00712955161386558	0.00948876230857928	0.0125486340057519	0.00602311862888014	0.016874667899334	0.0220869303689737	0.0050584311903176	0.00852863472795276
A549_G1_2B_2	0.0152110741051809	0.00716775465758841	0.0131227243019734	0.0201287897331423	0.0230767210103337	0.0144946829873627	0.0120583439008925	0.0110991266251965	0.0137608847035687	0.0361665032952216	0.00981231328356801	0.0548187184251274	0.0283333127318863	0.0128794733351683	0.00766998852979879	0.0141206738359454	0.0138163183822389	0.00560416262823631	0.0257993837395198	0.0512247609973472	0.0190042637808094	0.015792350336358	0	0.0243950054899922	0.0187952536640618	0.0572208003973104	0.0191084120361908	0.0167405655344974	0.0194196737907158	0.0409013266105548	0.0222410404166926	0.0256356779196712	0.011937340679164	0.025785953006018	0.00807981871198254	0.0120159695801143	0.0215157247128196	0.00692003954784631	0.0285675429814207	0.0251833981454241	0.0153087233556704	0.0140400356339143	0.0235668020075452	0.0204559141331632	0.00629750598908312	0.0283518101962743	0.0487195284739323	0.0380114094975107	0.0374363101100576	0.0294019742298957	0.0233733931097867	0.00652751486270459	0.0135331730070158	0.0253673804848526	0.0216296705260381	0.024562171225214	0.0270739020785514	0.0170336860724613	0.0114895176705747	0.0151017162631756	0.0170155621429837	0.0102421002981405	0.0397768097578039	0.0225255994951775	0.0243090325652939	0.0268974790070191	0.0215446640754655	0.0326599853020092	0.0356773225729413	0.0179602794277336	0.0108611894548783
A549_G1_2B_3	0.00936102316557383	0.0172586031458524	0.0112867140993962	0.00524830005952536	0.0111088358413356	0.0100248639765808	0.0123672969687872	0.0135497130701208	0.0136357067090194	0.0133561710329714	0.0146319794340169	0.0327981582534417	0.0119852253403286	0.0117759573909141	0.0167528484728954	0.0201089268433276	0.0185928424078418	0.0194576967334391	0.00723774533910897	0.031919283333289	0.00683737567971523	0.0114432316971456	0.0243950054899922	0	0.00593465760735821	0.0333066686560694	0.0129809942431674	0.0077772655237266	0.0105607887094162	0.0271039281098868	0.00476356379026916	0.00417251238928086	0.0126642912356153	0.00862556047545667	0.0179330202317669	0.0125627868202068	0.016310351563049	0.0192445270245339	0.0082786969658783	0.00643367293201016	0.0100737360436147	0.0132217522089769	0.0101110994048749	0.00765855463946902	0.0181246231163059	0.00823944173177527	0.0280130578653614	0.014959152989524	0.0131440936920285	0.00567909970526814	0.00177684374834728	0.017947097682484	0.0139125852183475	0.00336799430039716	0.00405993582418989	0.00975256626577957	0.00731510974803173	0.013640173627417	0.0163501229421546	0.0131965284066819	0.00740722086980632	0.020347041412032	0.0178839025738859	0.0119943687624908	0.004208396619747	0.00362660581687505	0.00721422024829118	0.0133295464641081	0.011303079431117	0.00686785163818182	0.0137562759738642
A549_G1_2C_1	0.00358480702353751	0.011629465700024	0.00575508244120195	0.00160961130256987	0.00891200425470708	0.00517838407254016	0.00676763305000243	0.00775678004768161	0.00787037734920088	0.0176597132339029	0.00926820667097556	0.0368753256162943	0.0123612399606017	0.00596136332620256	0.0111293870888212	0.0171280203839909	0.0130510467662422	0.0136497856094972	0.00818267662229527	0.0347270216787616	0.00197418248409517	0.00588926870789708	0.0187952536640618	0.00593465760735821	0	0.0384879993499084	0.00873104143140643	0.00209830227676516	0.00648769062111577	0.0275649475732216	0.00391608623810592	0.0070018387927409	0.00688660804417334	0.00888140166729287	0.0131451997889722	0.00679798070526902	0.0126472973412363	0.0133382847717784	0.0106250944839879	0.00734457940283368	0.00415896675912005	0.00746630873914912	0.00843130381988969	0.00431386147254898	0.0124992867487449	0.0104575104867324	0.0313918302564909	0.0194525188332264	0.0186752001213649	0.0106111439847901	0.00558312891964577	0.0125168381243062	0.00813419122397283	0.00662580702236962	0.00293560068652473	0.00878100409374873	0.00916129151246193	0.00867591987449474	0.0104821310189651	0.00766576345294834	0.00281938441525265	0.0144851516616621	0.0217001050273361	0.0093417851589549	0.00578226956491475	0.00810770804313702	0.00484270903762706	0.0155066279990868	0.0171354317752641	0.000935175972296095	0.00865566382365116
A549_G1_2C_2	0.0420562859616584	0.0500827558851924	0.0442305869161062	0.0371123856154943	0.0360857498747051	0.0432545651808826	0.045250248229916	0.0461353801023926	0.0443959985071919	0.0212771987870673	0.0477155356522562	0.0107565803123391	0.0311016135521602	0.0443564990681169	0.0495881407926521	0.0525845469450319	0.0476239195665419	0.0518772913215928	0.0318723157460873	0.0195593874148594	0.0382671104043008	0.0420588638887361	0.0572208003973104	0.0333066686560694	0.0384879993499084	0	0.0404175744556978	0.0405732181638377	0.0389728744356938	0.0307891467161691	0.0350212529951067	0.0316085941324011	0.0452988052486023	0.0323149177516008	0.0512228486159945	0.0452227267631472	0.0407747474566306	0.0511999168261505	0.0291060613340775	0.0323299753365162	0.0419908477925838	0.0440178068358459	0.0351506699485408	0.037125771240704	0.0509486401698662	0.0293430695261857	0.0159946756135742	0.0194004971773167	0.0202853502119892	0.0279087295487083	0.0347140994531989	0.0509889631320102	0.04467653308854	0.0318813358879206	0.0356164704134107	0.0340205744810028	0.0305203930180353	0.0422862822760501	0.0472192821278325	0.0433264874596581	0.0406054469317807	0.050740614090029	0.018790051192287	0.0370540730572155	0.0329451693501613	0.0303961718849625	0.0360418975327484	0.0264210584200743	0.0228653194551807	0.0392928741474882	0.0469622344291623
A549_G1_2C_3	0.00873372090873375	0.0131706226928135	0.0101823652385623	0.00820677851455489	0.00436964237528556	0.0114350472895368	0.0103759189346646	0.00986436774302043	0.0055276889979174	0.0192865641675399	0.0126091811410781	0.0364316517801454	0.00965542669686036	0.00900618397298606	0.0128451702987601	0.0232336509263972	0.00721276192908616	0.0135629871850621	0.00900605680929358	0.0321907677732194	0.00683657272740561	0.00443234049029656	0.0191084120361908	0.0129809942431674	0.00873104143140643	0.0404175744556978	0	0.00896865179968938	0.00242542748477032	0.0221396419045943	0.00827337740612387	0.0108965141304154	0.00957470220824421	0.00820585656567301	0.0169805915380684	0.00961454807446639	0.00403253894812545	0.0122190573547316	0.0115510601460529	0.00890587909521391	0.00679500751402379	0.00537061747461111	0.00527412558223042	0.00532266289152372	0.0138248308502132	0.0113071835188673	0.02997930635888	0.0211433674740888	0.0226612480938772	0.0148639111876087	0.0135263145204613	0.0146701541607097	0.00569873255283661	0.0112270852599464	0.00897232421990781	0.00640614706151217	0.0103373463730326	0.00209208295389492	0.00765944904099452	0.00414852121660376	0.0106398360201403	0.0105027445692573	0.0218996718333397	0.00354462102682039	0.00971865867397192	0.0128340303435967	0.00591023956995007	0.01430872748231	0.0222557547265436	0.0081967052898328	0.0129451333787873
A549_G1_2D_1	0.00158474782645231	0.0095738601297111	0.00366110226688659	0.00362567918869741	0.0100788931627564	0.00325102273607796	0.00468993584843044	0.00577527768632161	0.0067575905507087	0.0197545738060404	0.00717023198682371	0.0389419071016935	0.0140479577909942	0.00399919720625122	0.00907111259388265	0.015456463800548	0.0120811183725321	0.0116851305135936	0.0101097217671919	0.0366492515803335	0.00321207247777631	0.0052516334967417	0.0167405655344974	0.0077772655237266	0.00209830227676516	0.0405732181638377	0.00896865179968938	0	0.00704813037444588	0.0290547477513622	0.00593084857263379	0.00909729828144078	0.00489161352649163	0.0106721504076791	0.0110862266202765	0.00479323270308945	0.0129968895980066	0.011497632061584	0.0126393423312339	0.0093045062955552	0.00289937449073459	0.00639118265446988	0.00979803582743452	0.00560587355798586	0.0104441017981994	0.0124627120856957	0.0333969660584845	0.0215497027762194	0.0207048418488814	0.0126843817165158	0.00710462525541027	0.01042585447958	0.00698617694191206	0.00872238330000113	0.00502890670231863	0.0103176434750642	0.011158434981556	0.00841421643725123	0.009085065003559	0.00690865921970799	0.0016831465053191	0.0130491338385514	0.0237654280844715	0.0103124433549997	0.00786166676831461	0.0101856618987112	0.00639075814256509	0.0174343993746825	0.019064495425781	0.00146532663338618	0.0065754652837441
A549_G1_2D_2	0.00714595580823137	0.0129393049284732	0.00895230039246514	0.00582154224075541	0.00374469952815248	0.00985717418467534	0.00937806264182372	0.00923086457041023	0.00569481998373328	0.0177227557738833	0.0118479941230109	0.0355537810703401	0.00891610118556448	0.008003495507104	0.0125473540131047	0.0219845940859014	0.00892957512206676	0.0138162472643563	0.0071814834828476	0.031880414646416	0.00453695902458952	0.00371066155405547	0.0194196737907158	0.0105607887094162	0.00648769062111577	0.0389728744356938	0.00242542748477032	0.00704813037444588	0	0.0227253188003641	0.00587624020081133	0.00867265148078484	0.00874419352026111	0.00668000170395427	0.0162611394091428	0.00875266213467411	0.0061662466429546	0.0127114423761233	0.00989097337788618	0.00691590581294678	0.00542812991930882	0.00538724905822308	0.00415140085173813	0.00290453050139825	0.0136860052532186	0.00965049676775395	0.0293235811795737	0.0195972887851782	0.0206796775266177	0.0127197131232612	0.0111081223675657	0.0143355402244733	0.00594667159292733	0.00893631442066917	0.00654695617360166	0.00518587833619344	0.00854460061755496	0.00348451203212067	0.00836165691979312	0.00444606292245745	0.00866360991194796	0.0117825763602772	0.0207201009387187	0.00352494465253747	0.00743220513421324	0.0105786356959376	0.00358428646958977	0.0133263953131303	0.020089202688587	0.00606855907946523	0.0119488014981875
A549_G1_2D_3	0.0296324122294209	0.035305209186071	0.0316262471766775	0.0260785017230881	0.0191217891694488	0.0322233678023284	0.0320994954552298	0.031872270704046	0.0276619294130064	0.0189510988060119	0.0345482483947341	0.0219005377536552	0.0153704830490115	0.0307260296154691	0.0349771467440647	0.0444796054560196	0.0273728165155545	0.035517300913342	0.0200870887725635	0.0138166964400441	0.0258682995529222	0.0262954518685963	0.0409013266105548	0.0271039281098868	0.0275649475732216	0.0307891467161691	0.0221396419045943	0.0290547477513622	0.0227253188003641	0	0.0241140052857735	0.0229368976967827	0.0314490565417998	0.0189459921126794	0.0389592356492784	0.0314637163851095	0.019404389374243	0.0340027222059988	0.0189186992136631	0.0209759788430434	0.0281161134680486	0.0275067608579708	0.0192629104356955	0.0234508316444329	0.0359501472373509	0.0189197398270096	0.015053551943734	0.0193798491948894	0.0249114543855084	0.02333974588651	0.0287611182312993	0.0368000943745341	0.0278212141053108	0.0237393531386918	0.025426299993546	0.0187886808691601	0.0197935567124007	0.0240961097145008	0.0294765953015952	0.0262858741244875	0.0303457180737401	0.0311455067287243	0.016093914164638	0.0192056420987226	0.0232311382864401	0.0238847559552552	0.0227381625983816	0.0143212413675736	0.0272377333669311	0.0276886954744591	0.0346643325955363
A549_G1_2E_2	0.00721871090814255	0.0151332899326385	0.00948413527038108	0.00231426008530504	0.00652315717549731	0.00909314677009979	0.0104148844456901	0.0111497112768574	0.00985088756969284	0.0139562821988982	0.0130022582594718	0.0330284313068699	0.00875926294657223	0.00939236402023013	0.0146477970919937	0.0209354494411828	0.0143622461812737	0.0168734194746918	0.00430748058819847	0.0308246900336514	0.00324829365754602	0.00749557280913154	0.0222410404166926	0.00476356379026916	0.00391608623810592	0.0350212529951067	0.00827337740612387	0.00593084857263379	0.00587624020081133	0.0241140052857735	0	0.00344030805862305	0.0103365167669475	0.00518990014014535	0.0170159712064929	0.0102702664796506	0.0115511480888649	0.0162830010297978	0.00671409542132515	0.0034450860479122	0.00697809274265669	0.00943984509858605	0.0056570462403212	0.00298848640106887	0.0159924128466539	0.00654323187827614	0.0274815142113792	0.0157878264638739	0.0156544453109652	0.00746810976665969	0.00565344652145451	0.016164023539869	0.0101393228935587	0.0033703800162373	0.00131681459071425	0.00559848504121937	0.00524538698935129	0.00914075453850946	0.0127021800220777	0.00911519758597363	0.006668648836929	0.0165918241588984	0.0178500704437935	0.00732114726148541	0.00208062890574013	0.00505327251548001	0.00245165767704168	0.0116081870654352	0.0146061242215435	0.00449241066139283	0.0124966495016762
A549_G1_2F_1	0.0105069515356006	0.0185032845884993	0.0127376612394666	0.00552971357514784	0.00792756789723666	0.0120809515043764	0.0137163794636855	0.0145384227717158	0.0132215746375672	0.0106584781454646	0.0162590335896258	0.0299354107441156	0.00785246353959393	0.012763714284212	0.0180122013365082	0.0233781444477174	0.0174952701232017	0.0203014976584911	0.00320397735480258	0.0282981132437637	0.00668057710853416	0.0108514288644293	0.0256356779196712	0.00417251238928086	0.0070018387927409	0.0316085941324011	0.0108965141304154	0.00909729828144078	0.00867265148078484	0.0229368976967827	0.00344030805862305	0	0.0137079902793111	0.00466484096836995	0.0201139443733588	0.013635354615262	0.013543174965067	0.0197226270458682	0.00422026090001118	0.00255132307976389	0.0104109779630177	0.0128151735736811	0.00679224693693879	0.00603891750642404	0.0193671614704407	0.00414524013747528	0.0246675650464934	0.012456725827263	0.0122580946649843	0.00410598697601566	0.0058392314307273	0.0194774360396799	0.0135101528806278	0.000804858076503437	0.00406878778840692	0.0061416644163192	0.00314413055839862	0.0121219886419253	0.0160827478366602	0.0123968304135999	0.00948988603990304	0.019924355731607	0.0147807159911892	0.00896029222095814	0.00136930343792462	0.00195732410339672	0.00511403798311132	0.00934120087792232	0.0114238978027264	0.00773717055607518	0.0156510936301737
A549_G1_2F_2	0.00331672143236254	0.00479796553600713	0.00175132395194221	0.00819268907588789	0.0124476094944246	0.0038222267787357	0.0010115402445988	0.000887110428488126	0.00466937034668127	0.0242900032910614	0.00310399543926517	0.0432039643083679	0.0173000978260887	0.000944699507590905	0.00431166564233061	0.013767389101046	0.00931066400125183	0.00679441069310683	0.0141140828188128	0.0402855102060652	0.00713003380496323	0.00518960448386079	0.011937340679164	0.0126642912356153	0.00688660804417334	0.0452988052486023	0.00957470220824421	0.00489161352649163	0.00874419352026111	0.0314490565417998	0.0103365167669475	0.0137079902793111	0	0.0143214124589104	0.00751819078883543	0.000128797078008409	0.0132883451827262	0.00672352257700797	0.0168281434292911	0.0134244083359012	0.00359501916302046	0.00457081429060475	0.012602731088899	0.00888675801199877	0.00566012357496554	0.016624802222031	0.0373686351374731	0.0261222744039728	0.025560276200935	0.0174783720483789	0.0118861684814158	0.00589457202906789	0.00470455743322653	0.0134319945872574	0.00969363037136266	0.0134296175644475	0.0153248738552326	0.00802224885360898	0.00553794637059188	0.00575525143223327	0.00558821958197095	0.00905908882969671	0.0280636605789736	0.0122506563738873	0.0123919652209924	0.0149723338012047	0.00993217220799334	0.0212563090813354	0.0239550573613366	0.00602961640372427	0.0033985593326475
A549_G1_2F_3	0.0116508827175935	0.0189608347536181	0.0138878843838907	0.0073039558280159	0.00413505794243498	0.0139221759009623	0.0146550051931852	0.0150096750747901	0.0122696465801849	0.0111004681467827	0.0172816608763181	0.0290522017196172	0.00357672318203078	0.0134234831416335	0.0185153650414894	0.026007518455824	0.0153869232344275	0.0202146548231708	0.00147235137360162	0.0260498434181782	0.00750765185563772	0.0100379131458712	0.025785953006018	0.00862556047545667	0.00888140166729287	0.0323149177516008	0.00820585656567301	0.0106721504076791	0.00668000170395427	0.0189459921126794	0.00518990014014535	0.00466484096836995	0.0143214124589104	0	0.0215389448801752	0.0142874082167023	0.0097624157190448	0.0192570669168484	0.00335978955680764	0.00219209847596921	0.0107278583859455	0.011922116773187	0.00300807619048762	0.00543497902487765	0.0197741378772331	0.00311671097528041	0.023059118875758	0.0129669131841002	0.0146779098407267	0.00754493283969451	0.0100940683655865	0.0201999023871214	0.0125379949737205	0.00541154515137802	0.00649314334102319	0.00194329658516648	0.00237261937801938	0.00998779672427864	0.0150187818349432	0.0110982113438596	0.0116997473840208	0.018440720813977	0.0140795940272861	0.00523077029075971	0.00445490992197684	0.00636586133264	0.00440921275162789	0.00693723431526907	0.0147296458940829	0.00921527763015161	0.0170072064960936
A549_G2_2A_1	0.00990275615659867	0.00468449040429241	0.00765212996666617	0.0147106691887688	0.0199526967894913	0.00804943242028072	0.00695093430634763	0.00711943279681828	0.0116495742949334	0.0307474773455718	0.00441469063545892	0.0500092731301557	0.0246862673703918	0.00828761903138558	0.00470964805669642	0.00758270147685338	0.0147381154139412	0.00675303285001533	0.0211334180484268	0.0475752505617845	0.01407201195478	0.0126779207940362	0.00807981871198254	0.0179330202317669	0.0131451997889722	0.0512228486159945	0.0169805915380684	0.0110862266202765	0.0162611394091428	0.0389592356492784	0.0170159712064929	0.0201139443733588	0.00751819078883543	0.0215389448801752	0	0.0075092964274893	0.0204782762961831	0.00832089559170431	0.023717089779589	0.0203583606720409	0.0109836449511398	0.0116977054931625	0.0200558323743845	0.0161559315061584	0.00466857953095508	0.023536196398212	0.0444507405930611	0.0325058366572687	0.031048882004203	0.0234034910038475	0.0166082540207429	0.00329912371718333	0.0115705256494775	0.019660482525466	0.0160713731737175	0.0208253960065006	0.0222296337396848	0.0152448034658008	0.0109842441649534	0.0129460112418209	0.01069004488484	0.0125741682575332	0.0348405436011387	0.0197674368142171	0.0189259314950231	0.0209736191879219	0.0171351604486013	0.0284200030090541	0.0289272636135712	0.0125295606947517	0.00454018655220704
A549_G2_2A_2	0.00322249283447776	0.00486851647526172	0.00162262921593799	0.00811639045286658	0.0124489735960412	0.00369350238338352	0.000906127559450461	0.000996242482134923	0.00475254471729046	0.0242247214510568	0.00309834212180672	0.0431546510050299	0.01728186990568	0.000881093918131975	0.00437904599828109	0.0137057745779852	0.00942512804968982	0.00689578436847121	0.0140675284236172	0.0402617323927221	0.00707088245806293	0.0052188072518182	0.0120159695801143	0.0125627868202068	0.00679798070526902	0.0452227267631472	0.00961454807446639	0.00479323270308945	0.00875266213467411	0.0314637163851095	0.0102702664796506	0.013635354615262	0.000128797078008409	0.0142874082167023	0.0075092964274893	0	0.0133445857855811	0.00684209375684558	0.0167765447285182	0.0133728929350926	0.00356545406590593	0.00464517668298588	0.0125921262381802	0.00885300782677758	0.005732915857794	0.0165741613315197	0.0373314781021905	0.0260551951740182	0.0254708047196927	0.0173948864085438	0.0117752001889618	0.00594082731835845	0.00479352612465901	0.0133535403399393	0.00961514992089079	0.0134113633250847	0.0152731917352692	0.00808120341771939	0.0056597028930122	0.00582105870389218	0.00546976359090319	0.00918760350562603	0.0280109404208972	0.012263301933174	0.0123224962823398	0.0148889593068685	0.00989408225052394	0.0212211571377524	0.0238557449659617	0.00594670126497892	0.00334367089500011
A549_G2_2A_3	0.0127452273614979	0.0163325170598243	0.0140771101720619	0.0119417145239579	0.00570244703355802	0.0154314316878283	0.0141611417841196	0.0134493208193042	0.00882987369269068	0.0201942972319419	0.0162087907074809	0.035761407392106	0.00972932265587529	0.0128229452266755	0.0160770434133837	0.0270431507606065	0.00808503730427292	0.0162067881675013	0.0109698251449891	0.0306232611976025	0.010703006134416	0.00832190336209333	0.0215157247128196	0.016310351563049	0.0126472973412363	0.0407747474566306	0.00403253894812545	0.0129968895980066	0.0061662466429546	0.019404389374243	0.0115511480888649	0.013543174965067	0.0132883451827262	0.0097624157190448	0.0204782762961831	0.0133445857855811	0	0.0146337641660983	0.0130034332957578	0.0111784278102078	0.0107807959338815	0.00880248066957745	0.00687642239552979	0.00882875798932666	0.0168789727293092	0.0127712944941083	0.0290021951687534	0.0219651738778849	0.0243905517197048	0.0171674074458137	0.0170869545527129	0.0178862510653598	0.00891410678529064	0.0140392331396247	0.0124717881017953	0.00782681470611956	0.0121261494909015	0.00527071672977466	0.0101675798704073	0.00756505467752288	0.0146639381314161	0.0118459034210811	0.0220021954402213	0.00461676706602522	0.0125792717178281	0.0154922964910008	0.00909990380038268	0.0143632741588593	0.0244665099559131	0.0121752234635301	0.0166864315889109
A549_G2_2B_1	0.00991816074935646	0.00385794272749158	0.00838202144355636	0.0144088869102386	0.0162858336489315	0.0103133533423238	0.00733572112561615	0.00585526976291346	0.00701789860911506	0.0299773028730613	0.00639632451100574	0.0482478482017805	0.0215909170234269	0.0075272878412641	0.00410877954605197	0.0159019969946779	0.00724757767297998	0.00179186098445756	0.0194351010133633	0.044386903549253	0.0130592467978107	0.00922991319508658	0.00692003954784631	0.0192445270245339	0.0133382847717784	0.0511999168261505	0.0122190573547316	0.011497632061584	0.0127114423761233	0.0340027222059988	0.0162830010297978	0.0197226270458682	0.00672352257700797	0.0192570669168484	0.00832089559170431	0.00684209375684558	0.0146337641660983	0	0.0222236839083417	0.0189070152389335	0.00935604466616376	0.00734403604730217	0.0168561582943297	0.0141078863668247	0.00365458224739903	0.0219967911027529	0.0420093432795805	0.0318460363745665	0.0318670651850649	0.0236954027948695	0.0185756354845029	0.00502283473122917	0.00676556055042432	0.0195827481170534	0.0159126099844826	0.0178944311545971	0.0207587132829079	0.0101348596062365	0.00457375392287791	0.00830186045874901	0.0123114788976974	0.00432666638636206	0.0333285462047588	0.0156779183546006	0.0183585533488726	0.0212103000344702	0.0151996658471609	0.0260315542322225	0.0304663023828043	0.0124205109979421	0.00769148091122725
A549_G2_2B_2	0.013863236781821	0.0215818095771665	0.016136918127625	0.00902818922742121	0.00747008243113006	0.0158029950807054	0.0170173606201477	0.0175869931734284	0.0153210503175041	0.00783611077184422	0.0196328365298517	0.026390834143231	0.00461785011876147	0.0158965104480035	0.0211135465456297	0.0274549424955994	0.0187065644060224	0.0230576295398844	0.00278915169640951	0.0242034571358984	0.00972842140028134	0.013009327523433	0.0285675429814207	0.0082786969658783	0.0106250944839879	0.0291060613340775	0.0115510601460529	0.0126393423312339	0.00989097337788618	0.0189186992136631	0.00671409542132515	0.00422026090001118	0.0168281434292911	0.00335978955680764	0.023717089779589	0.0167765447285182	0.0130034332957578	0.0222236839083417	0	0.00340408558636097	0.0132966796011615	0.0149513473472515	0.00636394583225155	0.00813344005133097	0.0224221303206841	0.000243890641159885	0.020770154264866	0.0097125666566727	0.0113887042236175	0.00503855834737292	0.0100078462909321	0.0227142041008182	0.015598726168502	0.0049825580634153	0.00778674756216714	0.00527077232220043	0.00150353907980592	0.0132802979932886	0.0181303809459818	0.0142286340207938	0.0133266339011979	0.0216711274705233	0.0112393476833766	0.00855548879025005	0.00499015872916517	0.00497291566614568	0.00703966125283828	0.00512400830948307	0.0117071342898927	0.0111893196767304	0.0191884720387259
A549_G2_2B_3	0.010480420182817	0.0181807327056338	0.012753426205176	0.00573516482940809	0.0054938518742334	0.0125086869514076	0.0136208048612084	0.0141848722356607	0.0120826418109356	0.0110740106574214	0.0162400507878537	0.0297919355196718	0.00564613519179835	0.0124929029311633	0.0177113610537378	0.0243706875280822	0.0158443037137528	0.019692352879149	0.000898216531396273	0.0273863440631129	0.00633103165082095	0.00973527078810011	0.0251833981454241	0.00643367293201016	0.00734457940283368	0.0323299753365162	0.00890587909521391	0.0093045062955552	0.00691590581294678	0.0209759788430434	0.0034450860479122	0.00255132307976389	0.0134244083359012	0.00219209847596921	0.0203583606720409	0.0133728929350926	0.0111784278102078	0.0189070152389335	0.00340408558636097	0	0.00989753712091435	0.0116994146561752	0.00433087277771927	0.00480148514710896	0.0190227201835213	0.00320307239402162	0.0241036245776729	0.012945575869004	0.0137804588120993	0.00602744751639247	0.0079213940121338	0.0193112198841141	0.012365557543841	0.0032538049042992	0.00465485030991278	0.00360035596051728	0.00190068445142204	0.0103943771792353	0.0149251796394851	0.0110693200235695	0.0101133702496526	0.0185902928888042	0.0146425936459933	0.0065634282583405	0.0022847642694852	0.00439966454768828	0.0037139933052172	0.00816487051730912	0.0134044070955557	0.00784382158985649	0.015822742344609
A549_G2_2C_1	0.00201046717803502	0.00828831148448602	0.0035244228415243	0.00505882719216957	0.00901412879274644	0.0046515724850887	0.00403393061048629	0.00429975359043813	0.0038657294194937	0.020865133501557	0.0066171737862302	0.0396531696806638	0.0137296845175286	0.00271768537491314	0.00782503022600103	0.016575418386561	0.00918328931415553	0.00989655053694888	0.0105568918059478	0.0367005336280881	0.00373083677283138	0.00255285325711259	0.0153087233556704	0.0100737360436147	0.00415896675912005	0.0419908477925838	0.00679500751402379	0.00289937449073459	0.00542812991930882	0.0281161134680486	0.00697809274265669	0.0104109779630177	0.00359501916302046	0.0107278583859455	0.0109836449511398	0.00356545406590593	0.0107807959338815	0.00935604466616376	0.0132966796011615	0.00989753712091435	0	0.00349340441365021	0.00907316165959639	0.00529342135290058	0.00912668831524274	0.0130875865286169	0.0337798302283583	0.0227148028968023	0.0225141324315301	0.0143445813113646	0.00970488245262055	0.00947646067687527	0.00410264728055516	0.0102354404023876	0.00655825776429915	0.00986036134706481	0.0117958560522036	0.00581536908357132	0.00633560674869602	0.00406282152901391	0.00446111041116695	0.0103362099975571	0.024532549806014	0.00894596266350914	0.00905837093228672	0.0118558236467393	0.00634651363125052	0.0176639025622914	0.0211653698902764	0.00322578634105311	0.00656200992692239
A549_G2_2C_2	0.00528013147220829	0.00780520358093952	0.00570444793870676	0.00800005882496782	0.00904617417217028	0.00750205241870603	0.00551908299875399	0.00465024970781739	0.000416059804013012	0.022754780276913	0.00740764771050138	0.0409117645155064	0.0142985633918898	0.00430142245257792	0.00747484426994159	0.0183201785174368	0.00569017315929007	0.00843694365074112	0.0121669289115051	0.0372173705658972	0.00644526547095253	0.00197440632844913	0.0140400356339143	0.0132217522089769	0.00746630873914912	0.0440178068358459	0.00537061747461111	0.00639118265446988	0.00538724905822308	0.0275067608579708	0.00943984509858605	0.0128151735736811	0.00457081429060475	0.011922116773187	0.0116977054931625	0.00464517668298588	0.00880248066957745	0.00734403604730217	0.0149513473472515	0.0116994146561752	0.00349340441365021	0	0.00953854997768927	0.00691857728342642	0.00847951821278282	0.0147198460309183	0.034708304956655	0.0246299306039458	0.0250709409727066	0.0168973705921973	0.0130481512844402	0.00929988159046015	0.000701614139470421	0.0128099416010759	0.00938849287227624	0.0105596256211598	0.0135102101298757	0.00354782666267613	0.0032679296548995	0.00124909360805907	0.00790742313017903	0.00717765228335787	0.0259995270339423	0.00856064142129927	0.0114501964064953	0.0144902044635916	0.00799056949894451	0.0186934197449771	0.0240064722830955	0.00656688723143923	0.00794838900623173
A549_G2_2C_3	0.0104145489662498	0.0170014094237829	0.0125041614237019	0.00708615281064541	0.0011740363204037	0.0129680845121716	0.0131065693476044	0.013181754650645	0.00984321819668547	0.0140224115481924	0.015677632727614	0.0314295738140316	0.00477570826493041	0.0117773201740003	0.0165906161951639	0.0252294667475078	0.0124856967384047	0.0179642086008606	0.00409803413866191	0.0277806620501986	0.00663155843831696	0.0078078675385355	0.0235668020075452	0.0101110994048749	0.00843130381988969	0.0351506699485408	0.00527412558223042	0.00979803582743452	0.00415140085173813	0.0192629104356955	0.0056570462403212	0.00679224693693879	0.012602731088899	0.00300807619048762	0.0200558323743845	0.0125921262381802	0.00687642239552979	0.0168561582943297	0.00636394583225155	0.00433087277771927	0.00907316165959639	0.00953854997768927	0	0.00419717542392831	0.017770462478164	0.00612163790913712	0.0251736007744705	0.0158748794341264	0.0176705036789709	0.0102918698934261	0.0112577392050008	0.018350995624183	0.0100913814984455	0.00737904365790654	0.00689117310864254	0.00113206095409865	0.00530670275530857	0.00717108064314695	0.0124571463376184	0.00856764285158501	0.0111451727176969	0.0156766614273097	0.0166962441540398	0.00226901355724422	0.00602455673500229	0.00870827552933452	0.00362037929024461	0.00920510279118138	0.0176028622965057	0.00845594320782497	0.0156084161298986
A549_G2_2D_1	0.00633156669952038	0.0135479510128094	0.00851654333657325	0.00320058722332688	0.0045987648656578	0.00880236964712255	0.00923856036348374	0.00958158429810712	0.00730978521515829	0.0158750399699433	0.0118606615101203	0.0344068910453423	0.00855857548553627	0.0079906323135097	0.0130959114337434	0.0210539115767031	0.0114722752186639	0.0149277899365666	0.00535080435262882	0.0314450383579378	0.00243965179548829	0.00494679281911233	0.0204559141331632	0.00765855463946902	0.00431386147254898	0.037125771240704	0.00532266289152372	0.00560587355798586	0.00290453050139825	0.0234508316444329	0.00298848640106887	0.00603891750642404	0.00888675801199877	0.00543497902487765	0.0161559315061584	0.00885300782677758	0.00882875798932666	0.0141078863668247	0.00813344005133097	0.00480148514710896	0.00529342135290058	0.00691857728342642	0.00419717542392831	0	0.0143708935942266	0.00791176134172093	0.0284892134731953	0.017746535246404	0.0182540503595119	0.0101432088154691	0.0082737100159012	0.0147681711410312	0.00759547129286456	0.00618773067253356	0.0036718813720804	0.00474421612962346	0.0066557422008613	0.00617111651685384	0.0101670680862768	0.00638318944014552	0.00696026530797023	0.0139270219436569	0.019328026921395	0.00506762768670957	0.00471728570580625	0.00786473502735027	0.00109396714842554	0.012371038470295	0.0174347511345097	0.00426211754851428	0.0116425505982417
A549_G2_2D_2	0.00891526145850636	0.00087030317797164	0.0068394491682561	0.0138484894077027	0.0174218512465984	0.00834097171410044	0.00576648627646051	0.00484832488648463	0.00829754663914475	0.0299407464431856	0.00371831058469523	0.0487621762030863	0.0225389897365415	0.00660472275156244	0.00137405058842667	0.0122510810720674	0.0103416226560635	0.00222008046642589	0.0196783781976569	0.0455399652163569	0.012772177141915	0.00997798262698348	0.00629750598908312	0.0181246231163059	0.0124992867487449	0.0509486401698662	0.0138248308502132	0.0104441017981994	0.0136860052532186	0.0359501472373509	0.0159924128466539	0.0193671614704407	0.00566012357496554	0.0197741378772331	0.00466857953095508	0.005732915857794	0.0168789727293092	0.00365458224739903	0.0224221303206841	0.0190227201835213	0.00912668831524274	0.00847951821278282	0.017770462478164	0.0143708935942266	0	0.0222129204736851	0.042809256249327	0.0317763503664716	0.0311444941307882	0.023108309563375	0.0171599569250276	0.00136947211658786	0.00813289346945098	0.0190823888305661	0.0153448126453964	0.0186984852226894	0.0209213220287891	0.011866541007802	0.00684603831529158	0.00967785636102045	0.0107775208486499	0.00791787440849417	0.0336555440949026	0.0170160954400949	0.0180509477421178	0.0206039854603172	0.0154459361618528	0.0266984915587373	0.0294200062142446	0.0116698127044055	0.00493991340199146
A549_G2_2E_2	0.0136741719483496	0.0213739133421334	0.0159477924410249	0.00885722452636353	0.00722977602112212	0.015635320580259	0.016822315798914	0.017380090296441	0.0150885903479304	0.0080749676461299	0.0194398524885308	0.0265902898372411	0.00448171250148109	0.0156944997684385	0.0209068124722424	0.0273220774454301	0.0184631695287288	0.0228375787773056	0.0025631439219911	0.0243426918984757	0.00953268299307788	0.0127798995994618	0.0283518101962743	0.00823944173177527	0.0104575104867324	0.0293430695261857	0.0113071835188673	0.0124627120856957	0.00965049676775395	0.0189197398270096	0.00654323187827614	0.00414524013747528	0.016624802222031	0.00311671097528041	0.023536196398212	0.0165741613315197	0.0127712944941083	0.0219967911027529	0.000243890641159885	0.00320307239402162	0.0130875865286169	0.0147198460309183	0.00612163790913712	0.00791176134172093	0.0222129204736851	0	0.0209407382013483	0.0099511049345332	0.0116210716800726	0.00517276606079365	0.00995720274024456	0.0225128178837202	0.0153658885293203	0.00491980206418315	0.00763505818630107	0.00503024924892605	0.0013081525558786	0.0130375386540733	0.0178955676011691	0.0139923162705262	0.0131711888008647	0.0214311453064741	0.0114466710009476	0.00831618406931596	0.00485918165669978	0.00499268142092793	0.00681833995166218	0.00522181742169606	0.0119106343540718	0.0110098581406648	0.0190053239027349
A549_G2_2E_3	0.0345667114792829	0.0420042844310105	0.0368339471164404	0.0297948541239183	0.0257455578451742	0.0365671756875099	0.0376605377096373	0.0380626150124366	0.0350096632720217	0.0149335018452065	0.0402873011936931	0.00708987521687164	0.0204271196789811	0.0364628686958061	0.0415631994952697	0.0479975467636259	0.0368123916923693	0.0431235623150364	0.0233320771119338	0.00507657152212192	0.0304016441586297	0.0329427588381231	0.0487195284739323	0.0280130578653614	0.0313918302564909	0.0159946756135742	0.02997930635888	0.0333969660584845	0.0293235811795737	0.015053551943734	0.0274815142113792	0.0246675650464934	0.0373686351374731	0.023059118875758	0.0444507405930611	0.0373314781021905	0.0290021951687534	0.0420093432795805	0.020770154264866	0.0241036245776729	0.0337798302283583	0.034708304956655	0.0251736007744705	0.0284892134731953	0.042809256249327	0.0209407382013483	0	0.0137850250089024	0.0187487878059605	0.022494822261717	0.0297643394272992	0.0432488021099416	0.0352536718789329	0.0252806891262652	0.0285332208459024	0.0241710972831229	0.0222428883479635	0.0320548601659868	0.0375488217045431	0.0337133875269094	0.0340709520925811	0.0403918118773087	0.0102092336667711	0.026439993330997	0.0256917979456547	0.0244110930946875	0.0274422049089609	0.0161239593170478	0.0219264692932368	0.0319411431850099	0.0399165054090135
A549_G2_2F_1	0.0229579848938782	0.0309178198391953	0.0251925892588343	0.0179798593471445	0.0168766425561193	0.0244592956159782	0.0261664941042114	0.026933268923787	0.0250066472072723	0.00187719460694201	0.028712967966155	0.0178694675947718	0.0122780690634708	0.0251782032138854	0.0304321307670039	0.0350368789486033	0.0283437004654992	0.0325853401855386	0.0124751483323294	0.0183772393426135	0.0190144322650606	0.0226733641842717	0.0380114094975107	0.014959152989524	0.0194525188332264	0.0194004971773167	0.0211433674740888	0.0215497027762194	0.0195972887851782	0.0193798491948894	0.0157878264638739	0.012456725827263	0.0261222744039728	0.0129669131841002	0.0325058366572687	0.0260551951740182	0.0219651738778849	0.0318460363745665	0.0097125666566727	0.012945575869004	0.0227148028968023	0.0246299306039458	0.0158748794341264	0.017746535246404	0.0317763503664716	0.0099511049345332	0.0137850250089024	0	0.00569988667960688	0.00928050802797474	0.016616687404866	0.0319253196623654	0.0252868364871501	0.0128545105463294	0.0165241162282368	0.0147440406037967	0.0111232190352014	0.0229527940694158	0.0278297667822214	0.0239361997917077	0.0218252144761766	0.0313766463222616	0.00392651910952372	0.0178982419402573	0.0137390917878945	0.0115770610979301	0.0166584390249682	0.00800759144307897	0.00855710767853322	0.0201908806375831	0.0280835555570791
A549_G2_2G_1	0.0222521746160421	0.0302747448094239	0.0243241719250925	0.0174700646261824	0.018812015900542	0.0231649546801398	0.0253831794432312	0.0264294436229434	0.0254777069418465	0.00600445222659944	0.0277391281000621	0.0215737465397627	0.0153323166529217	0.0246340779563187	0.0297713546260142	0.0323904095769563	0.0296028515893382	0.0323067357955172	0.0136699633810492	0.0235964873591753	0.0188258283457052	0.0231081540956203	0.0374363101100576	0.0131440936920285	0.0186752001213649	0.0202853502119892	0.0226612480938772	0.0207048418488814	0.0206796775266177	0.0249114543855084	0.0156544453109652	0.0122580946649843	0.025560276200935	0.0146779098407267	0.031048882004203	0.0254708047196927	0.0243905517197048	0.0318670651850649	0.0113887042236175	0.0137804588120993	0.0225141324315301	0.0250709409727066	0.0176705036789709	0.0182540503595119	0.0311444941307882	0.0116210716800726	0.0187487878059605	0.00569988667960688	0	0.00818867947059793	0.0144648716235491	0.0310477666726694	0.0257662427397756	0.012303704383312	0.015961629419756	0.0166189433324529	0.0123760963703077	0.0241630280809018	0.0283375895449804	0.0246338416207577	0.0205350363503512	0.0321704101706004	0.00955658304265409	0.0199079741677068	0.0136224968585451	0.0106602628707152	0.0172591586324474	0.012112501812956	0.00321222485970719	0.019547343823341	0.0268947628981441
A549_G2_2H_1	0.0141943613698562	0.0222388462547028	0.0163399089862705	0.00932156517250098	0.0114656141296389	0.0153813223329622	0.0173725647562657	0.0183357907759841	0.0173061260835937	0.00769808771555216	0.019819185107046	0.0271268262397372	0.00965310550218543	0.0165423845115017	0.0217392459204983	0.0257745257390428	0.0215859460080649	0.0241813204905179	0.00621186139168802	0.0265920609832452	0.0106426878636094	0.0149405728409864	0.0294019742298957	0.00567909970526814	0.0106111439847901	0.0279087295487083	0.0148639111876087	0.0126843817165158	0.0127197131232612	0.02333974588651	0.00746810976665969	0.00410598697601566	0.0174783720483789	0.00754493283969451	0.0234034910038475	0.0173948864085438	0.0171674074458137	0.0236954027948695	0.00503855834737292	0.00602744751639247	0.0143445813113646	0.0168973705921973	0.0102918698934261	0.0101432088154691	0.023108309563375	0.00517276606079365	0.022494822261717	0.00928050802797474	0.00818867947059793	0	0.00735627988694438	0.0231016477451699	0.0175947449965497	0.00411668127041433	0.00780993784659645	0.009401621585498	0.00521652895180944	0.0161896803289988	0.0201630150263784	0.0165011242175484	0.0127287709798785	0.0240231039081578	0.0123061049637659	0.0125536148960273	0.00545536139009025	0.00250635178722153	0.00919724625773633	0.00902915834482031	0.00739365356010079	0.0114492911387289	0.0190752497916361
A549_G2_2H_2	0.00866744718145837	0.0163045817093814	0.0103749520310872	0.00539255829100761	0.0121705279006683	0.00888961899861707	0.011466680843659	0.0127713244643071	0.0134529857629042	0.0150530589211002	0.0135645043417942	0.0344743887004391	0.0135456444515447	0.0110496629110553	0.0158001937638407	0.018425468198913	0.018597433023046	0.0186369744174474	0.00876887886047773	0.033691714753106	0.00693929899496037	0.0114120486089786	0.0233733931097867	0.00177684374834728	0.00558312891964577	0.0347140994531989	0.0135263145204613	0.00710462525541027	0.0111081223675657	0.0287611182312993	0.00565344652145451	0.0058392314307273	0.0118861684814158	0.0100940683655865	0.0166082540207429	0.0117752001889618	0.0170869545527129	0.0185756354845029	0.0100078462909321	0.0079213940121338	0.00970488245262055	0.0130481512844402	0.0112577392050008	0.0082737100159012	0.0171599569250276	0.00995720274024456	0.0297643394272992	0.016616687404866	0.0144648716235491	0.00735627988694438	0	0.0168704534262379	0.0137170435539403	0.00504496033775974	0.00461577327817466	0.0110339361953682	0.0089760683293425	0.0139268905629324	0.0160400459428112	0.0131911126131916	0.00638744503649524	0.0200391899317775	0.0196183091674619	0.0129708178982027	0.00564036169816538	0.00540079651542308	0.0080460981998362	0.0150826475903884	0.0123631560718385	0.00649642545557959	0.0125956318468758
A549_G2_3A_1	0.00897133111584843	0.00156879869434469	0.00676517702282976	0.0139497145164579	0.0180796252720448	0.00798207917052786	0.00576174684671683	0.00519604326434848	0.00916503868769398	0.0301086178144607	0.0033158585212586	0.0490891799843965	0.0230954508945522	0.00681965856392932	0.0018257272450464	0.010881682386506	0.0116107110953559	0.00351212999340439	0.0200073017277708	0.0461009817639697	0.0129979166500266	0.0106328092548222	0.00652751486270459	0.017947097682484	0.0125168381243062	0.0509889631320102	0.0146701541607097	0.01042585447958	0.0143355402244733	0.0368000943745341	0.016164023539869	0.0194774360396799	0.00589457202906789	0.0201999023871214	0.00329912371718333	0.00594082731835845	0.0178862510653598	0.00502283473122917	0.0227142041008182	0.0193112198841141	0.00947646067687527	0.00929988159046015	0.018350995624183	0.0147681711410312	0.00136947211658786	0.0225128178837202	0.0432488021099416	0.0319253196623654	0.0310477666726694	0.0231016477451699	0.0168704534262379	0	0.00903026103569928	0.0191400143165624	0.0154195274437487	0.0192331147375993	0.0212110113651575	0.0127763936414378	0.00800160759655097	0.0105306263882774	0.0105436410315472	0.00928279430211808	0.0339448221026181	0.0177435406707334	0.0181920758281461	0.020607696013335	0.0158215633125679	0.0271353724366117	0.0292029976349872	0.0117414328920229	0.00433650812205864
A549_G2_3A_2	0.0057991420309082	0.00750353323670988	0.00599961507584943	0.00869632806192399	0.00954805387416949	0.00788516256503688	0.00569145760808905	0.00465060017670133	0.000288663909005611	0.0234110177658527	0.00737074781053756	0.0414941838164684	0.0148339108636855	0.00457184033320335	0.00720712885840705	0.0183623417560468	0.00511810586794321	0.00794031175509417	0.0128178991049376	0.0377047837867138	0.00714478163577579	0.00266164851229411	0.0135331730070158	0.0139125852183475	0.00813419122397283	0.04467653308854	0.00569873255283661	0.00698617694191206	0.00594667159292733	0.0278212141053108	0.0101393228935587	0.0135101528806278	0.00470455743322653	0.0125379949737205	0.0115705256494775	0.00479352612465901	0.00891410678529064	0.00676556055042432	0.015598726168502	0.012365557543841	0.00410264728055516	0.000701614139470421	0.0100913814984455	0.00759547129286456	0.00813289346945098	0.0153658885293203	0.0352536718789329	0.0252868364871501	0.0257662427397756	0.0175947449965497	0.0137170435539403	0.00903026103569928	0	0.0135094822523233	0.010088919827486	0.0111314747737776	0.014165505366122	0.00374686103059064	0.00257595537225839	0.00157518171898241	0.0084604166128923	0.00647642155518885	0.0266143107067312	0.00900687506433259	0.0121460253047351	0.015190272607457	0.00866165858508897	0.0192709527862214	0.024707866000653	0.0072273087655063	0.00801723150668972
A549_G2_3D_1	0.010182650812868	0.018215020905802	0.0123806360755164	0.00524312930470908	0.00848915322448252	0.0116133581618144	0.0133848038247655	0.0142781221597597	0.0132210655628663	0.0110910029785668	0.0158916204464693	0.0304483949333241	0.00864967632722719	0.012490777940275	0.0177193372819061	0.0227371229065221	0.0176560235712296	0.0200943034768371	0.00396600181282526	0.0289742050334803	0.00652668474636505	0.0108646626902884	0.0253673804848526	0.00336799430039716	0.00662580702236962	0.0318813358879206	0.0112270852599464	0.00872238330000113	0.00893631442066917	0.0237393531386918	0.0033703800162373	0.000804858076503437	0.0134319945872574	0.00541154515137802	0.019660482525466	0.0133535403399393	0.0140392331396247	0.0195827481170534	0.0049825580634153	0.0032538049042992	0.0102354404023876	0.0128099416010759	0.00737904365790654	0.00618773067253356	0.0190823888305661	0.00491980206418315	0.0252806891262652	0.0128545105463294	0.012303704383312	0.00411668127041433	0.00504496033775974	0.0191400143165624	0.0135094822523233	0	0.00373863046142532	0.0067998676795616	0.00394755928030698	0.0123397540758951	0.0160713341917928	0.012467399866214	0.00899215871529775	0.019959588333759	0.0153250038419018	0.00949376752639302	0.00150857887337153	0.00168766753398981	0.00535218617956422	0.0100919879630668	0.0112606011039846	0.00741565296589123	0.0152330001725659
A549_G2_3D_2	0.00645223134106741	0.0144777104991418	0.00867121759500705	0.00151167997505662	0.00769076114301304	0.00806586732052935	0.00965943894745432	0.0105411554306844	0.00980446605281168	0.0147263323953896	0.012191553553486	0.0339528863229833	0.0100668167968325	0.00875262828885627	0.0139825951716952	0.0197282484273233	0.0146002941675774	0.0163729235093177	0.00553980052876468	0.0319684034338824	0.00294810476999615	0.00752166706647313	0.0216296705260381	0.00405993582418989	0.00293560068652473	0.0356164704134107	0.00897232421990781	0.00502890670231863	0.00654695617360166	0.025426299993546	0.00131681459071425	0.00406878778840692	0.00969363037136266	0.00649314334102319	0.0160713731737175	0.00961514992089079	0.0124717881017953	0.0159126099844826	0.00778674756216714	0.00465485030991278	0.00655825776429915	0.00938849287227624	0.00689117310864254	0.0036718813720804	0.0153448126453964	0.00763505818630107	0.0285332208459024	0.0165241162282368	0.015961629419756	0.00780993784659645	0.00461577327817466	0.0154195274437487	0.010088919827486	0.00373863046142532	0	0.00689533532611186	0.00636367413020988	0.00958135426855251	0.0126045411655521	0.00923749159799889	0.00554215816489718	0.0165639583985398	0.0187801119779606	0.00841752202450043	0.00285978152442461	0.00530920563535102	0.00346448855359888	0.012778459319314	0.0146569914259063	0.00368175215817465	0.0115904968920517
A549_G2_3D_3	0.0110672921910989	0.0179149416984678	0.0132194849397668	0.0073264258161873	0.00219970102542526	0.0135378170206836	0.0138795517151294	0.014045702158056	0.0108771588781203	0.0128928748885878	0.0164769603211045	0.0303704893189337	0.00387095514718825	0.012577102899874	0.0174929014435274	0.0257717432015796	0.0136174300266463	0.0189633791553919	0.00319477123918586	0.026879316894812	0.00710909750873505	0.00877586788260383	0.024562171225214	0.00975256626577957	0.00878100409374873	0.0340205744810028	0.00640614706151217	0.0103176434750642	0.00518587833619344	0.0187886808691601	0.00559848504121937	0.0061416644163192	0.0134296175644475	0.00194329658516648	0.0208253960065006	0.0134113633250847	0.00782681470611956	0.0178944311545971	0.00527077232220043	0.00360035596051728	0.00986036134706481	0.0105596256211598	0.00113206095409865	0.00474421612962346	0.0186984852226894	0.00503024924892605	0.0241710972831229	0.0147440406037967	0.0166189433324529	0.009401621585498	0.0110339361953682	0.0192331147375993	0.0111314747737776	0.0067998676795616	0.00689533532611186	0	0.00429952063650514	0.00829204996753927	0.0135308196080032	0.00962640589842964	0.0115612904372364	0.0167940722554459	0.0155870218160619	0.00329049900169713	0.00556604825109778	0.00799413063564572	0.003952040934096	0.00814077232918043	0.0166480085159074	0.00891947455068601	0.016340275122386
A549_G2_3E_1	0.0123661499252472	0.0200801620458938	0.0146398208168286	0.00755809113862523	0.00646391149953384	0.0143380505713155	0.0155159110979293	0.0160847916456633	0.0138855450894325	0.00924686611900886	0.018132721944691	0.0278934475855725	0.00482358522738759	0.0143931290596769	0.0196113094184701	0.0260767282732578	0.017426426423042	0.0215720718828078	0.00136388564002006	0.0256076014749767	0.00822637904214618	0.0115580533922191	0.0270739020785514	0.00731510974803173	0.00916129151246193	0.0305203930180353	0.0103373463730326	0.011158434981556	0.00854460061755496	0.0197935567124007	0.00524538698935129	0.00314413055839862	0.0153248738552326	0.00237261937801938	0.0222296337396848	0.0152731917352692	0.0121261494909015	0.0207587132829079	0.00150353907980592	0.00190068445142204	0.0117958560522036	0.0135102101298757	0.00530670275530857	0.0066557422008613	0.0209213220287891	0.0013081525558786	0.0222428883479635	0.0111232190352014	0.0123760963703077	0.00521652895180944	0.0089760683293425	0.0212110113651575	0.014165505366122	0.00394755928030698	0.00636367413020988	0.00429952063650514	0	0.0119799708962081	0.0167100620065705	0.0128233196352417	0.0118895910095959	0.0203040413928351	0.0127421472670891	0.0075641371636272	0.00364601108583154	0.0044012264173904	0.00556210321647738	0.00642902002249189	0.0123572488568597	0.00970408244545926	0.0176980008059508
A549_G2_3E_2	0.00782573276570035	0.0112495319069834	0.00889586835672179	0.0085367188679389	0.0063721218086764	0.0104129144307991	0.00891061180452807	0.00818377747411462	0.00361954687093031	0.0210846486588349	0.0109447490353372	0.0384767790481187	0.011695728869831	0.00759236845139123	0.0109525999937991	0.0217855309108225	0.00545288039998488	0.0115068916111295	0.0106220594007044	0.0342813438115596	0.00699857374145079	0.00326301140301977	0.0170336860724613	0.013640173627417	0.00867591987449474	0.0422862822760501	0.00209208295389492	0.00841421643725123	0.00348451203212067	0.0240961097145008	0.00914075453850946	0.0121219886419253	0.00802224885360898	0.00998779672427864	0.0152448034658008	0.00808120341771939	0.00527071672977466	0.0101348596062365	0.0132802979932886	0.0103943771792353	0.00581536908357132	0.00354782666267613	0.00717108064314695	0.00617111651685384	0.011866541007802	0.0130375386540733	0.0320548601659868	0.0229527940694158	0.0241630280809018	0.0161896803289988	0.0139268905629324	0.0127763936414378	0.00374686103059064	0.0123397540758951	0.00958135426855251	0.00829204996753927	0.0119799708962081	0	0.00556989435391584	0.00230145521452806	0.0100898549030277	0.0085075929076695	0.023861370737201	0.00561741094935021	0.0108482980841086	0.0140027888957845	0.00700929760305263	0.0163136961757711	0.0235444391297569	0.00796861687337698	0.0114205274072164
A549_G2_3E_3	0.00769542672179738	0.00643730679156209	0.00719655498193602	0.011179900820772	0.0118093454532198	0.00925646719922959	0.0065251961553232	0.00506036658057978	0.00286390367912284	0.0259533710496159	0.00732861570682016	0.043877688764327	0.0171386048380611	0.00583592326509751	0.00629916534592692	0.0182654004847003	0.00391064100624508	0.00604822535446767	0.0153571161781503	0.039844272776273	0.00965666543883881	0.00523747910056219	0.0114895176705747	0.0163501229421546	0.0104821310189651	0.0472192821278325	0.00765944904099452	0.009085065003559	0.00836165691979312	0.0294765953015952	0.0127021800220777	0.0160827478366602	0.00553794637059188	0.0150187818349432	0.0109842441649534	0.0056597028930122	0.0101675798704073	0.00457375392287791	0.0181303809459818	0.0149251796394851	0.00633560674869602	0.0032679296548995	0.0124571463376184	0.0101670680862768	0.00684603831529158	0.0178955676011691	0.0375488217045431	0.0278297667822214	0.0283375895449804	0.0201630150263784	0.0160400459428112	0.00800160759655097	0.00257595537225839	0.0160713341917928	0.0126045411655521	0.0135308196080032	0.0167100620065705	0.00556989435391584	0	0.00392114644147491	0.0103835832482298	0.0040033685016633	0.0290781387994876	0.0111491301900579	0.0147175820147413	0.0177490782686525	0.0112281999805692	0.0216608425815591	0.0272465629613259	0.00955404643387103	0.00830941682547019
A549_G2_3F_1	0.00601343929932665	0.00902376021465833	0.00675629817061065	0.00794967631449734	0.00798869849051489	0.00843115038931048	0.0066729971329016	0.00588476697840508	0.00138131204686058	0.0220594473646432	0.00864515274584302	0.0399891369691423	0.013290489101312	0.00539605338742673	0.00870498153425639	0.019520816854873	0.00541131957572992	0.00951290878701498	0.0114650827827231	0.0361360875687197	0.00635942493215945	0.00177986574145137	0.0151017162631756	0.0131965284066819	0.00766576345294834	0.0433264874596581	0.00414852121660376	0.00690865921970799	0.00444606292245745	0.0262858741244875	0.00911519758597363	0.0123968304135999	0.00575525143223327	0.0110982113438596	0.0129460112418209	0.00582105870389218	0.00756505467752288	0.00830186045874901	0.0142286340207938	0.0110693200235695	0.00406282152901391	0.00124909360805907	0.00856764285158501	0.00638318944014552	0.00967785636102045	0.0139923162705262	0.0337133875269094	0.0239361997917077	0.0246338416207577	0.0165011242175484	0.0131911126131916	0.0105306263882774	0.00157518171898241	0.012467399866214	0.00923749159799889	0.00962640589842964	0.0128233196352417	0.00230145521452806	0.00392114644147491	0	0.0085175801164377	0.00754500832494195	0.0251594982333242	0.00743239294336719	0.0110492048598131	0.0141549262959888	0.00740814827859826	0.0177645370592888	0.0237193176565824	0.00682375584526119	0.00914861120945367
A549_G2_3G_1	0.00269370804505017	0.00991972379928704	0.00399753299460909	0.00440637731878165	0.0115253789955909	0.00265300995721723	0.00508842844645513	0.0064602724725743	0.00825152717374761	0.0200794149669843	0.00722791215223808	0.0394186702091	0.0151775165978599	0.00483500324678582	0.00941486183228324	0.014310008242139	0.0135777029457508	0.0122694584602545	0.0109675742585501	0.0374857421309683	0.0045210071857306	0.00690283939453209	0.0170155621429837	0.00740722086980632	0.00281938441525265	0.0406054469317807	0.0106398360201403	0.0016831465053191	0.00866360991194796	0.0303457180737401	0.006668648836929	0.00948988603990304	0.00558821958197095	0.0116997473840208	0.01069004488484	0.00546976359090319	0.0146639381314161	0.0123114788976974	0.0133266339011979	0.0101133702496526	0.00446111041116695	0.00790742313017903	0.0111451727176969	0.00696026530797023	0.0107775208486499	0.0131711888008647	0.0340709520925811	0.0218252144761766	0.0205350363503512	0.0127287709798785	0.00638744503649524	0.0105436410315472	0.0084604166128923	0.00899215871529775	0.00554215816489718	0.0115612904372364	0.0118895910095959	0.0100898549030277	0.0103835832482298	0.0085175801164377	0	0.0142752410476666	0.0242675612972478	0.0118359924976992	0.00838526741450187	0.0102856915921635	0.00761012253745862	0.0182759139815432	0.0186684229139578	0.00270719718063119	0.00636820357998601
A549_G2_3G_2	0.0116105188513909	0.00795186456583768	0.0108023295680912	0.0151592473317857	0.0148615629607391	0.012879637684035	0.00995487517002789	0.00837804031167831	0.00676209858042351	0.0295025490818589	0.00995173354360693	0.0469123158698658	0.0201552200243516	0.00955641188871069	0.00807216844452707	0.0201494696340952	0.00377608307219915	0.00608690892654915	0.018940841945615	0.0423443138712014	0.0136183233884422	0.00909711424665265	0.0102421002981405	0.020347041412032	0.0144851516616621	0.050740614090029	0.0105027445692573	0.0130491338385514	0.0117825763602772	0.0311455067287243	0.0165918241588984	0.019924355731607	0.00905908882969671	0.018440720813977	0.0125741682575332	0.00918760350562603	0.0118459034210811	0.00432666638636206	0.0216711274705233	0.0185902928888042	0.0103362099975571	0.00717765228335787	0.0156766614273097	0.0139270219436569	0.00791787440849417	0.0214311453064741	0.0403918118773087	0.0313766463222616	0.0321704101706004	0.0240231039081578	0.0200391899317775	0.00928279430211808	0.00647642155518885	0.019959588333759	0.0165639583985398	0.0167940722554459	0.0203040413928351	0.0085075929076695	0.0040033685016633	0.00754500832494195	0.0142752410476666	0	0.0323660261412041	0.0140331602961889	0.0185688305387101	0.0216441583996078	0.0149507240850037	0.0248059916241962	0.0311770647385427	0.0135566913050656	0.0111536938107103
A549_G2_3H_1	0.0250577368475088	0.0328168854022553	0.0273277587904052	0.0201411051370425	0.0175313023353739	0.0268404681671284	0.0282330106884686	0.0288236186593702	0.0263468622773053	0.00474245478808999	0.0308377656113476	0.0151833075815133	0.0123793254081535	0.0271306834788147	0.0323493365905002	0.037954605365017	0.0290734387076593	0.0342411086201721	0.0139872914109511	0.0145781507226999	0.0209534428667048	0.0241045474451974	0.0397768097578039	0.0178839025738859	0.0217001050273361	0.018790051192287	0.0218996718333397	0.0237654280844715	0.0207201009387187	0.016093914164638	0.0178500704437935	0.0147807159911892	0.0280636605789736	0.0140795940272861	0.0348405436011387	0.0280109404208972	0.0220021954402213	0.0333285462047588	0.0112393476833766	0.0146425936459933	0.024532549806014	0.0259995270339423	0.0166962441540398	0.019328026921395	0.0336555440949026	0.0114466710009476	0.0102092336667711	0.00392651910952372	0.00955658304265409	0.0123061049637659	0.0196183091674619	0.0339448221026181	0.0266143107067312	0.0153250038419018	0.0187801119779606	0.0155870218160619	0.0127421472670891	0.023861370737201	0.0290781387994876	0.0251594982333242	0.0242675612972478	0.0323660261412041	0	0.0184391504499396	0.0159218278085688	0.0143173475252699	0.0182394785478653	0.00766857184138513	0.0124818334483221	0.0223404298923064	0.0303379223521588
A549_G2_3H_2	0.0105977128709198	0.0163045152438581	0.0124697320848705	0.00825167094763998	0.00110036386373086	0.0132834787483998	0.0129013528434231	0.0127029645473793	0.00879549518072019	0.0160685863480676	0.0153533728684772	0.0328927217344117	0.00612632018741825	0.011525148261159	0.0159360470953062	0.0254736113088664	0.0106389226247331	0.016943901569412	0.00636685636758598	0.0287207540380277	0.00739133075539375	0.00712955161386558	0.0225255994951775	0.0119943687624908	0.0093417851589549	0.0370540730572155	0.00354462102682039	0.0103124433549997	0.00352494465253747	0.0192056420987226	0.00732114726148541	0.00896029222095814	0.0122506563738873	0.00523077029075971	0.0197674368142171	0.012263301933174	0.00461676706602522	0.0156779183546006	0.00855548879025005	0.0065634282583405	0.00894596266350914	0.00856064142129927	0.00226901355724422	0.00506762768670957	0.0170160954400949	0.00831618406931596	0.026439993330997	0.0178982419402573	0.0199079741677068	0.0125536148960273	0.0129708178982027	0.0177435406707334	0.00900687506433259	0.00949376752639302	0.00841752202450043	0.00329049900169713	0.0075641371636272	0.00561741094935021	0.0111491301900579	0.00743239294336719	0.0118359924976992	0.0140331602961889	0.0184391504499396	0	0.00807043747860406	0.0109000894200264	0.00495412859537834	0.0108091580634528	0.0198715005033382	0.0091426325059054	0.015473300229478
A549_G2_3H_3	0.00922624720642286	0.0171894185114098	0.0114750440360029	0.00425222599477455	0.0070974328320899	0.0109254202787974	0.0124335760737987	0.0132137111923217	0.0118573992648882	0.0119199960990807	0.0149983476536942	0.0310973235531564	0.00792724679800831	0.0114473295055921	0.0167011305347569	0.0224664119700313	0.0161884277446273	0.0189529204700478	0.00315249689025088	0.0291913227042635	0.00532802686992171	0.00948876230857928	0.0243090325652939	0.004208396619747	0.00578226956491475	0.0329451693501613	0.00971865867397192	0.00786166676831461	0.00743220513421324	0.0232311382864401	0.00208062890574013	0.00136930343792462	0.0123919652209924	0.00445490992197684	0.0189259314950231	0.0123224962823398	0.0125792717178281	0.0183585533488726	0.00499015872916517	0.0022847642694852	0.00905837093228672	0.0114501964064953	0.00602455673500229	0.00471728570580625	0.0180509477421178	0.00485918165669978	0.0256917979456547	0.0137390917878945	0.0136224968585451	0.00545536139009025	0.00564036169816538	0.0181920758281461	0.0121460253047351	0.00150857887337153	0.00285978152442461	0.00556604825109778	0.00364601108583154	0.0108482980841086	0.0147175820147413	0.0110492048598131	0.00838526741450187	0.0185688305387101	0.0159218278085688	0.00807043747860406	0	0.00315482337613157	0.00384927457789702	0.0100651639973415	0.0127182540018685	0.00646622712971788	0.0144345054800722
A549_G2_4A_1	0.011689895451089	0.0197346266852611	0.0138439638515592	0.00682054182071903	0.00985578443573337	0.0129343290266614	0.0148720981938246	0.0158298659999874	0.0149019982156028	0.00988753442403576	0.0173317190544689	0.0293302894880361	0.00922090608260314	0.0140363054143674	0.0192353727762812	0.0236433951093624	0.0193357676177795	0.0216789820447241	0.00489883524269348	0.0282943220073304	0.0081705461538467	0.0125486340057519	0.0268974790070191	0.00362660581687505	0.00810770804313702	0.0303961718849625	0.0128340303435967	0.0101856618987112	0.0105786356959376	0.0238847559552552	0.00505327251548001	0.00195732410339672	0.0149723338012047	0.00636586133264	0.0209736191879219	0.0148889593068685	0.0154922964910008	0.0212103000344702	0.00497291566614568	0.00439966454768828	0.0118558236467393	0.0144902044635916	0.00870827552933452	0.00786473502735027	0.0206039854603172	0.00499268142092793	0.0244110930946875	0.0115770610979301	0.0106602628707152	0.00250635178722153	0.00540079651542308	0.020607696013335	0.015190272607457	0.00168766753398981	0.00530920563535102	0.00799413063564572	0.0044012264173904	0.0140027888957845	0.0177490782686525	0.0141549262959888	0.0102856915921635	0.0216441583996078	0.0143173475252699	0.0109000894200264	0.00315482337613157	0	0.0070000076987703	0.00984498528111185	0.00957509144575024	0.00894307564884337	0.0166101066275644
A549_G2_4A_2	0.0072610930183903	0.0146189450998751	0.00948456421091211	0.00346656142895937	0.00427254903076734	0.00963030218835553	0.0102466137704573	0.0106432648219977	0.00837735960551652	0.0147860096360855	0.0128740169385037	0.0333283817478027	0.00766321019128419	0.00902536779297872	0.0141631837983631	0.0218361662372013	0.0123898333547018	0.0160205716888768	0.00425822148605467	0.0304522994055183	0.00317958802697912	0.00602311862888014	0.0215446640754655	0.00721422024829118	0.00484270903762706	0.0360418975327484	0.00591023956995007	0.00639075814256509	0.00358428646958977	0.0227381625983816	0.00245165767704168	0.00511403798311132	0.00993217220799334	0.00440921275162789	0.0171351604486013	0.00989408225052394	0.00909990380038268	0.0151996658471609	0.00703966125283828	0.0037139933052172	0.00634651363125052	0.00799056949894451	0.00362037929024461	0.00109396714842554	0.0154459361618528	0.00681833995166218	0.0274422049089609	0.0166584390249682	0.0172591586324474	0.00919724625773633	0.0080460981998362	0.0158215633125679	0.00866165858508897	0.00535218617956422	0.00346448855359888	0.003952040934096	0.00556210321647738	0.00700929760305263	0.0112281999805692	0.00740814827859826	0.00761012253745862	0.0149507240850037	0.0182394785478653	0.00495412859537834	0.00384927457789702	0.0070000076987703	0	0.0113320610935417	0.016537223036858	0.00497401932587149	0.012607382295008
A549_G2_4A_3	0.018519763302203	0.025890136158588	0.0207759383710948	0.0138972132545578	0.00994633462394872	0.0206587236104803	0.0215721511300527	0.0219453761935876	0.0190154643157964	0.00651801620949576	0.0242003479639559	0.0222322985279241	0.00471377959212164	0.0203551557530997	0.0254475848754332	0.032499709032854	0.0214447366234898	0.0270712410392752	0.007329070150405	0.0192265449158214	0.0143518728029257	0.016874667899334	0.0326599853020092	0.0133295464641081	0.0155066279990868	0.0264210584200743	0.01430872748231	0.0174343993746825	0.0133263953131303	0.0143212413675736	0.0116081870654352	0.00934120087792232	0.0212563090813354	0.00693723431526907	0.0284200030090541	0.0212211571377524	0.0143632741588593	0.0260315542322225	0.00512400830948307	0.00816487051730912	0.0176639025622914	0.0186934197449771	0.00920510279118138	0.012371038470295	0.0266984915587373	0.00522181742169606	0.0161239593170478	0.00800759144307897	0.012112501812956	0.00902915834482031	0.0150826475903884	0.0271353724366117	0.0192709527862214	0.0100919879630668	0.012778459319314	0.00814077232918043	0.00642902002249189	0.0163136961757711	0.0216608425815591	0.0177645370592888	0.0182759139815432	0.0248059916241962	0.00766857184138513	0.0108091580634528	0.0100651639973415	0.00984498528111185	0.0113320610935417	0	0.0136733120475211	0.0159694220699954	0.0238819966304476
A549Root1_2	0.0206435904039677	0.0285554555927186	0.0225859477089724	0.0161228175177206	0.0187747129549117	0.0212352864861761	0.0236680695467125	0.024838401529893	0.0244208221993227	0.00837219430230685	0.0258900133361501	0.0247459902552724	0.0161024688572774	0.0230561283986966	0.0280497560600538	0.0297445275974796	0.0289040726825448	0.0307464118485135	0.0135054614633405	0.0267339233302744	0.0175992026832964	0.0220869303689737	0.0356773225729413	0.011303079431117	0.0171354317752641	0.0228653194551807	0.0222557547265436	0.019064495425781	0.020089202688587	0.0272377333669311	0.0146061242215435	0.0114238978027264	0.0239550573613366	0.0147296458940829	0.0289272636135712	0.0238557449659617	0.0244665099559131	0.0304663023828043	0.0117071342898927	0.0134044070955557	0.0211653698902764	0.0240064722830955	0.0176028622965057	0.0174347511345097	0.0294200062142446	0.0119106343540718	0.0219264692932368	0.00855710767853322	0.00321222485970719	0.00739365356010079	0.0123631560718385	0.0292029976349872	0.024707866000653	0.0112606011039846	0.0146569914259063	0.0166480085159074	0.0123572488568597	0.0235444391297569	0.0272465629613259	0.0237193176565824	0.0186684229139578	0.0311770647385427	0.0124818334483221	0.0198715005033382	0.0127182540018685	0.00957509144575024	0.016537223036858	0.0136733120475211	0	0.0180490964513841	0.0249524220352661
A549Root2_1	0.00277109274570371	0.0108016002451092	0.00500898871014475	0.00221410541898177	0.00881831325955688	0.00470854390435736	0.00598000651904474	0.00688949011382234	0.00696728297790618	0.0183817843226006	0.00853249652514634	0.0375174560746973	0.0126140179664672	0.00509448578743409	0.0103049643390008	0.0168641850150483	0.012183921230352	0.0127645623096765	0.00864531413248173	0.0351848575883965	0.00182450878697268	0.0050584311903176	0.0179602794277336	0.00686785163818182	0.000935175972296095	0.0392928741474882	0.0081967052898328	0.00146532663338618	0.00606855907946523	0.0276886954744591	0.00449241066139283	0.00773717055607518	0.00602961640372427	0.00921527763015161	0.0125295606947517	0.00594670126497892	0.0121752234635301	0.0124205109979421	0.0111893196767304	0.00784382158985649	0.00322578634105311	0.00656688723143923	0.00845594320782497	0.00426211754851428	0.0116698127044055	0.0110098581406648	0.0319411431850099	0.0201908806375831	0.019547343823341	0.0114492911387289	0.00649642545557959	0.0117414328920229	0.0072273087655063	0.00741565296589123	0.00368175215817465	0.00891947455068601	0.00970408244545926	0.00796861687337698	0.00955404643387103	0.00682375584526119	0.00270719718063119	0.0135566913050656	0.0223404298923064	0.0091426325059054	0.00646622712971788	0.00894307564884337	0.00497401932587149	0.0159694220699954	0.0180490964513841	0	0.00800505513804303
A549Root2_2	0.0053634138664591	0.00420341770910762	0.00312617645489896	0.0101997080009591	0.0155754218797471	0.00373168381626267	0.00258303372819795	0.00339065774325361	0.00801404190497741	0.0263042242658254	0.00130142635254706	0.0455113557337471	0.0201907142515097	0.00396543038755856	0.00376709973725932	0.0103737132543177	0.0122156852015747	0.00692445424505786	0.016594583814962	0.0430477572197637	0.00953228828211005	0.00852863472795276	0.0108611894548783	0.0137562759738642	0.00865566382365116	0.0469622344291623	0.0129451333787873	0.0065754652837441	0.0119488014981875	0.0346643325955363	0.0124966495016762	0.0156510936301737	0.0033985593326475	0.0170072064960936	0.00454018655220704	0.00334367089500011	0.0166864315889109	0.00769148091122725	0.0191884720387259	0.015822742344609	0.00656200992692239	0.00794838900623173	0.0156084161298986	0.0116425505982417	0.00493991340199146	0.0190053239027349	0.0399165054090135	0.0280835555570791	0.0268947628981441	0.0190752497916361	0.0125956318468758	0.00433650812205864	0.00801723150668972	0.0152330001725659	0.0115904968920517	0.016340275122386	0.0176980008059508	0.0114205274072164	0.00830941682547019	0.00914861120945367	0.00636820357998601	0.0111536938107103	0.0303379223521588	0.015473300229478	0.0144345054800722	0.0166101066275644	0.012607382295008	0.0238819966304476	0.0249524220352661	0.00800505513804303	0
