	HMEC_4_1_1	HMEC_4_1_2	HMEC_4_1_3	HMEC_4_2_1	HMEC_4_2_2	HMEC_4_2_3	HMEC_4_G2_3E_1	HMEC_4_G2_3E_2	HMEC_4_G2_3F_1	HMEC_4_G2_3F_2	HMEC_4_G2_3F_3	HMEC_4_G2_3G_2	HMEC_4_G2_3G_3	HMEC_4_G2_4A_1	HMEC_4_G2_4A_2	HMEC_4_G2_4A_3	HMEC_4_G2_4B_1	HMEC_4_G2_4B_2	HMEC_4_G2_4B_3	HMEC_4_G2_4C_1	HMEC_4_G2_4C_2	HMEC_4_G2_4C_3	HMEC_4_G2_4D_1	HMEC_4_G2_4D_2	HMEC_4_G2_4D_3	HMEC_5_1_1	HMEC_5_1_2	HMEC_5_1_3	HMEC_5_2_1	HMEC_5_2_2	HMEC_5_2_3	HMEC_5_3_1	HMEC_5_3_2	HMEC_5_3_3	HMEC_5_4_1	HMEC_5_4_2	HMEC_5_4_3	HMEC_5_5_1	HMEC_5_5_2	HMEC_5_5_3	HMEC_5_6_1	HMEC_5_6_2	HMEC_5_6_3	HMEC_5_7_2	HMEC_5_7_3	HMEC_5_8_1	HMEC_5_8_2	HMEC_5_8_3	HMEC_5_9_1	HMEC_5_9_2	HMEC_5_9_3	HMEC_Root1_1	HMEC_Root1_2	HMEC_Root1_3	HMEC_Root2_1	HMEC_Root2_2	HMEC_Root2_3	HMEC_STAT_2_1	HMEC_STAT_2_2	HMEC_STAT_2_3	HMEC_STAT_3_1	HMEC_STAT_3_2	HMEC_STAT_3_3	HMEC_STAT_4_1	HMEC_STAT_4_2	HMEC_STAT_4_3	HMEC_STAT_G2_3B_1	HMEC_STAT_G2_3B_2	HMEC_STAT_G2_3B_3	HMEC_STAT_G2_3C_1	HMEC_STAT_G2_3C_2	HMEC_STAT_G2_3C_3
HMEC_4_1_1	0	0.0122519913976236	0.0213329519721906	0.0343124186961835	0.0318512963180903	0.0458767160198373	0.0278597010598335	0.0191878800384523	0.0985471768670373	0.0830803800795992	0.0806395800053304	0.0496231562643944	0.0401456786830769	0.00936222646341019	0.00248157616932327	0.00980585515350407	0.0383608971919564	0.0351092566733191	0.0435027290862588	0.0345389636449733	0.0645567842983363	0.0314397746967966	0.0436056610377901	0.0470706376062008	0.0391774048699251	0.0276396470132934	0.0319346587535961	0.0412486464165905	0.177843683274031	0.178740713871772	0.175957818197037	0.0434769516196008	0.0266465575583608	0.0304007520345981	0.00988423468275987	0.0226311856947927	0.0226166018388115	0.0291432552338413	0.0328426489732571	0.0345499128430516	0.0193302094536313	0.018844193455954	0.0160033273840749	0.00796523845685066	0.00672163983371315	0.042338212178302	0.0424154331360774	0.0293585677246401	0.0387327363788511	0.0192654584842575	0.045569223986093	0.0446313686548582	0.032189683667335	0.0427737614060734	0.0379595649789158	0.0279494064292147	0.0412049059689961	0.0884711162132005	0.086119179065895	0.088885449693429	0.0444294363123422	0.0172457006686334	0.0317368155783013	0.0393518010678644	0.0275866813410246	0.0409271011098418	0.0391582963518056	0.0255346245343272	0.0460460324509676	0.0744488239964501	0.0582158895075462	0.0154783633821581
HMEC_4_1_2	0.0122519913976236	0	0.0102994754052544	0.0464973284515998	0.0440936378140151	0.05799358628006	0.0400991602082995	0.0310637514163415	0.110706409288843	0.0952428147106917	0.0928209240364825	0.0618544142924645	0.0523835669809987	0.0198434592296688	0.014707525537375	0.0133976896479663	0.0504537951698692	0.0472612523581539	0.0555664820806429	0.046712833588572	0.0767049413448389	0.0435582631698738	0.0558412664102363	0.0592795765405266	0.0512038317277144	0.0397354174992591	0.0439676662986241	0.0534324533893237	0.189754967012698	0.190681552738478	0.187916156535219	0.055593263806385	0.0388910011210825	0.0424830553596866	0.00238941173517683	0.0110708539684387	0.0107997449299082	0.0413532201203461	0.0450502406555446	0.046788738424883	0.00711417663110828	0.00693539507174875	0.00826348446724376	0.0197791038247595	0.00992380349411882	0.054573375030193	0.0545065538584525	0.0414958822779419	0.0509598749138598	0.0314416094087804	0.0577797804029397	0.0568472866327203	0.0443754015242119	0.0550098529283835	0.0499951123784995	0.0401532115004691	0.0533576327817901	0.10064973163883	0.098311646432443	0.10105701961954	0.0566606823271287	0.0293796191252998	0.0439616972220987	0.0514340136237723	0.0396769070197379	0.053006522468645	0.0513001245284883	0.0375484887512713	0.058218549904828	0.0865994301263168	0.0704304259433625	0.0273072667000803
HMEC_4_1_3	0.0213329519721906	0.0102994754052544	0	0.0545072035576497	0.0526208663894622	0.0656663263984	0.0487499119982185	0.0405119878766998	0.118674049691295	0.103102164096915	0.100804208165219	0.0702439294705425	0.0608106540690311	0.029816182310748	0.0235819096732227	0.017912681068149	0.0595657089159263	0.0551354718110674	0.0630920525183997	0.0556406351668689	0.0844441210312906	0.0513621372732858	0.0642739513039013	0.0673597004255958	0.0586688694677686	0.0475274185901988	0.051537179770703	0.0613918842066882	0.197195497366361	0.198300604475132	0.195595658930744	0.063279325922081	0.0473819135097897	0.0501986494566356	0.0121104874819603	0.00201250301696824	0.00291728737536557	0.0495262155213755	0.0531802182519046	0.0551705732752892	0.00730048538364386	0.00405507994121453	0.00681660288519455	0.0277866873526887	0.0164443843268485	0.0630709338440091	0.0621206941945127	0.0493834566582864	0.0591952585017254	0.0396141454013277	0.0658730215821949	0.0649806499535892	0.0524069211768367	0.0634556114280386	0.0574962427238411	0.0483071779010765	0.0611873889264696	0.108687183396841	0.106592491006308	0.109028520185505	0.064952482773826	0.0374760876743893	0.052205500159746	0.0590476638929013	0.0474550534226215	0.0605981621336184	0.0602965917598805	0.0451818671644489	0.066104271268195	0.094359831110881	0.078579246108905	0.0349136716251753
HMEC_4_2_1	0.0343124186961835	0.0464973284515998	0.0545072035576497	0	0.00468419915841211	0.0117052133110232	0.00788692926879085	0.0186412701590484	0.0644752452821736	0.0488894436126097	0.0464964450729713	0.0160055128923644	0.00710466616562149	0.0297198580438367	0.0318353348120605	0.0372447740510005	0.0112254723402043	0.00126065610370733	0.00967834969086583	0.00804256494783086	0.0302874723343073	0.00341708419711499	0.0103096920347222	0.0128788818212689	0.00612779940638537	0.00707128800760371	0.00423750642578926	0.00694541626349714	0.144192781295461	0.145114545077189	0.142317955641349	0.00934499961871949	0.00823076007234156	0.00469701108591709	0.0441125011250967	0.0561203816104695	0.0563188534872446	0.00522293880053774	0.00167407967939278	0.00306551000535938	0.0535960812665829	0.0527487479090257	0.0480707365959173	0.0268564197774537	0.0380817090037449	0.0094130072108523	0.00845934031171523	0.00516125263042825	0.00496560350525976	0.0150687173380215	0.0113889357664247	0.0105058819707905	0.00212460172197967	0.00958168426588769	0.00508309194025223	0.00638131783185626	0.00694746614859328	0.0543967343204512	0.0522719127061808	0.0547707660016986	0.0106414868625175	0.0171511944393118	0.00303008777115203	0.00567985032459524	0.00715684886946211	0.00713892663398938	0.0105426907620613	0.00952993796503384	0.0117450833198191	0.0402046532266025	0.0241305463358255	0.0196275973450326
HMEC_4_2_2	0.0318512963180903	0.0440936378140151	0.0526208663894622	0.00468419915841211	0	0.0153770301203035	0.00406821914468084	0.0147524498315459	0.0669092055209023	0.0515099257841805	0.0489805918600444	0.0177915015878398	0.00831055393325704	0.0263186870464431	0.0294085307908607	0.0359089433890521	0.0087881087117085	0.00594317030555969	0.0137983646587972	0.00462378735276814	0.0332304806901364	0.00560457175856038	0.0117655682678128	0.015538005343788	0.0107268583905899	0.00718021815189712	0.007211267137474	0.0102862989997598	0.146840709097537	0.147627366132248	0.144792301976797	0.013184208523731	0.00524583686978313	0.00641092998724592	0.041726946115731	0.054135417665786	0.0542495579327333	0.00402310941613409	0.00328248830311025	0.00289913691174205	0.0511463668323235	0.050575453961416	0.0463980206054622	0.0248606670275308	0.0362532654614497	0.0104993366425666	0.0125386380501884	0.00564816865640384	0.00718855829956886	0.0131084141691606	0.0140526829231248	0.0130714348159777	0.00391595013146911	0.0109317662095891	0.00974394581047777	0.00503547250658626	0.0106879920203771	0.0567843644331987	0.0543588524050429	0.0572341479847418	0.0126643413988036	0.0152579867779479	0.00230139840954591	0.0101125141969254	0.00729120488466092	0.0114172053136385	0.00873629412968589	0.00942218570010656	0.0149461121687026	0.0430047313342047	0.0264869265816036	0.0182051660395866
HMEC_4_2_3	0.0458767160198373	0.05799358628006	0.0656663263984	0.0117052133110232	0.0153770301203035	0	0.019269355787522	0.0300827541996005	0.0533007443078645	0.0375980856391697	0.0353529743175143	0.00831315228628123	0.00871258838236523	0.0413859939307485	0.0433981205059398	0.0481027459936587	0.0158226320215995	0.0107966272924925	0.00282352095309516	0.0158213921029728	0.0188402902754037	0.014457800203102	0.00745076004403448	0.00413534853604544	0.00713969724957252	0.0182868382188871	0.0141565926595629	0.00510697499257425	0.132882678648873	0.133891998932384	0.131117105279103	0.00240526687440663	0.0198783332780432	0.0155498686807221	0.0556086079161934	0.0673417343467332	0.0675955725011711	0.0169239696173219	0.0133073688144954	0.0125044891818651	0.0650924960851938	0.064103044924295	0.0591050166843742	0.03827025339695	0.0492992646925756	0.0083837092692478	0.00356827541361348	0.016532150245098	0.00842421204814387	0.0266304438064247	0.00393062071078821	0.00438357749814295	0.013796434616218	0.00776606207044733	0.00824327424778067	0.0180601219293339	0.00477314576539658	0.0433069682073997	0.0415454507913719	0.0436019927388246	0.0059358617567575	0.0286526607753847	0.0145817521701767	0.00663476870356566	0.0183478577258501	0.00509691526347834	0.0143373322247334	0.0205462774283713	0.00198840243615145	0.0288014146761834	0.0136637734006681	0.0308539897363871
HMEC_4_G2_3E_1	0.0278597010598335	0.0400991602082995	0.0487499119982185	0.00788692926879085	0.00406821914468084	0.019269355787522	0	0.0108250798340308	0.0709477387718714	0.0555674191246845	0.053032415920802	0.0218190009281621	0.0123575286435032	0.0222682604993474	0.0254297504659633	0.03228449630285	0.0114975825254296	0.00907847348750796	0.0174899976397283	0.00721164839441837	0.0372877104049622	0.00698332140427434	0.0157952967754296	0.0195990961902334	0.0139688363415803	0.00615987843963246	0.00854975315113286	0.0142242965377115	0.15083343423475	0.151612185350176	0.148777178597714	0.0170045649439859	0.00178105889293345	0.00706680176212903	0.037738276303092	0.0502340038264198	0.0503249988655672	0.00374903115162992	0.00621625185436918	0.00693022587671066	0.0471389900113018	0.0466273025265644	0.0426068836547807	0.0210311690510506	0.0324319786512858	0.0145010263683882	0.0162459751511341	0.00568274706748062	0.011230224660148	0.00948784386817371	0.0181105550456544	0.0171320965158005	0.00619388410000347	0.0149589981721817	0.0128508600323866	0.00370103461825286	0.0145212519795241	0.0608244468174626	0.0583644065633791	0.0612802469183515	0.0167281670144716	0.0116033147916976	0.00485728472525664	0.013565120325003	0.00625334732223021	0.0149975428225957	0.0118684876250102	0.00758994812918381	0.018948068401923	0.0470669053910764	0.0305453548348111	0.0147254579985894
HMEC_4_G2_3E_2	0.0191878800384523	0.0310637514163415	0.0405119878766998	0.0186412701590484	0.0147524498315459	0.0300827541996005	0.0108250798340308	0	0.0810004087488603	0.0658322757907218	0.063210064511567	0.0319586211634973	0.0227388556256061	0.0119041557357966	0.0170183597373204	0.0259995604077862	0.0195417254876711	0.0197791118817891	0.0282938441692743	0.0161421962252676	0.0478357481952638	0.0169923820983273	0.0260353609099924	0.0301862655426136	0.0246074350279568	0.014248351762619	0.0182477006548561	0.0250196158324939	0.160838908828851	0.16149502209209	0.158632234266923	0.027826266663163	0.0105102670136332	0.0165280023899173	0.0288014191298079	0.0417734495997197	0.04170298950087	0.013766538019949	0.0169693929337751	0.0176508018977012	0.0378823333533439	0.0378812111607048	0.0349829833106644	0.0143674604929916	0.0249451900275908	0.0246651666257205	0.0270560701813826	0.0150729386227262	0.0219230646240581	0.00866422839494012	0.0287239079016338	0.0277340241099503	0.0167655442256859	0.0252049078096076	0.0234382195670914	0.0129343746288598	0.0253427209020837	0.0708845363307006	0.0681790199493978	0.0713994404536995	0.0271566719905726	0.00912264040948359	0.0156260308462325	0.0243077469263457	0.0142716641982775	0.0257768777368989	0.0205224962309044	0.0136463073069154	0.0296923289879785	0.0574897393771432	0.0408294686945321	0.0118782383648363
HMEC_4_G2_3F_1	0.0985471768670373	0.110706409288843	0.118674049691295	0.0644752452821736	0.0669092055209023	0.0533007443078645	0.0709477387718714	0.0810004087488603	0	0.0157639181650908	0.0180168524517386	0.0492051365850642	0.0586255662834706	0.0928287582424642	0.0960951927565612	0.101244701035387	0.0619224111151626	0.0637996907561434	0.0559500886962683	0.0649229782006334	0.0345350493336171	0.0675618490011711	0.0552043282259176	0.0516513237639381	0.0603762071802925	0.0713928579709555	0.0674072175693593	0.0575617605902744	0.0807998198221438	0.0814401837903977	0.0785454043328617	0.0556746738909541	0.0720443376137642	0.0687200149230146	0.108341247669217	0.120308049501434	0.120522097603925	0.069562637305481	0.0658767060533784	0.0641556933107308	0.117743945815347	0.116979802580618	0.112183340850408	0.0912314516735159	0.102360840135071	0.0565257936731452	0.05686004340015	0.0695564730794563	0.0599617325920503	0.079471294996342	0.0531498799275959	0.0540768400027827	0.0665880399964985	0.0560399255682062	0.0615155686855404	0.0707667236825234	0.0577407588312066	0.0101618122553003	0.0134136352255551	0.0097293247149548	0.0542911152272356	0.0815632192703514	0.0669483267701294	0.0599184706766255	0.071463393792422	0.0583858438404153	0.0607379618295996	0.0737275996760391	0.0528248460557338	0.024633837002276	0.0404887982153972	0.0839711510170561
HMEC_4_G2_3F_2	0.0830803800795992	0.0952428147106917	0.103102164096915	0.0488894436126097	0.0515099257841805	0.0375980856391697	0.0555674191246845	0.0658322757907218	0.0157639181650908	0	0.00300237524597801	0.0339242661379854	0.0432483602546551	0.0776313845354297	0.0806172407882948	0.0855963196988953	0.0470713782379175	0.0481755353797693	0.040229218246724	0.049797503835398	0.0187889376187491	0.0519292535963355	0.03987102417037	0.0361049691304044	0.0446618958710785	0.0557670191087126	0.0517322408026632	0.0419557964409453	0.0959684951989875	0.0968091016152335	0.0939723988212067	0.0399827362546632	0.0565955847751911	0.0530734049220936	0.0928692751861595	0.104756211109759	0.104988072901514	0.0540224205184503	0.0503276285059334	0.0487094622011093	0.102305742902314	0.101465412973944	0.0965739996451229	0.0756725578158369	0.0867717035732733	0.0412247778510926	0.0411569639996052	0.0539455389175948	0.044468615990667	0.063924651077883	0.0376071114802067	0.0385534289630253	0.0510091513257911	0.0407057227545722	0.0458099875236561	0.0552200794979656	0.0420923668634236	0.00622852471260049	0.00750562646165544	0.00618584616620146	0.0388644013958791	0.0660042908062572	0.0514352385946845	0.0442255427078372	0.05583525143353	0.0426837865943241	0.0458003156812049	0.0580829127051823	0.0371858906553533	0.00887414326688719	0.0250681142620249	0.0683558194227129
HMEC_4_G2_3F_3	0.0806395800053304	0.0928209240364825	0.100804208165219	0.0464964450729713	0.0489805918600444	0.0353529743175143	0.053032415920802	0.063210064511567	0.0180168524517386	0.00300237524597801	0	0.0313075860805847	0.0406955718870503	0.0750358839806224	0.0781806234327138	0.0833671657651543	0.0443209347901064	0.0458230800572311	0.0380350580747049	0.0471384245280132	0.0166783292589457	0.0495927162928609	0.0372897908488296	0.0336599981606161	0.0424585768273961	0.0534282764660129	0.0494576843854248	0.039574729642525	0.0985049678677127	0.0992601482934562	0.09639801451075	0.0377191339028934	0.0541035208506636	0.0507572736234694	0.0904494408547505	0.102437810795646	0.102650171507081	0.0515947306160183	0.0479025280962938	0.0462054948620149	0.0998780984322575	0.0990992602440354	0.0943108444512151	0.0732961456119915	0.084451789180494	0.0386290973986562	0.0389181803087969	0.0515863288845725	0.041991558182104	0.0615169714382917	0.0351608038935094	0.0360922511931207	0.0486122643844495	0.0381261373359544	0.0435861042286738	0.0527995510597913	0.0397623036171798	0.00796632820971709	0.00743108252159894	0.00828935248952505	0.036335211042982	0.0636110872007435	0.0489821385738772	0.0419705769593125	0.0534994819250582	0.0404453860971981	0.0430727166184118	0.0557731068766887	0.034837832463563	0.00713988049408839	0.0225146070169907	0.066027256261333
HMEC_4_G2_3G_2	0.0496231562643944	0.0618544142924645	0.0702439294705425	0.0160055128923644	0.0177915015878398	0.00831315228628123	0.0218190009281621	0.0319586211634973	0.0492051365850642	0.0339242661379854	0.0313075860805847	0	0.0094893110055936	0.0437987935033678	0.0471776438999703	0.0531875640445359	0.0136771054900955	0.0156582284550511	0.010726077157277	0.015922719951468	0.0163384861201156	0.0193712182011288	0.00602694653955413	0.00425590483534738	0.0140552625744913	0.0230684112699051	0.0197073664571615	0.00966429176941122	0.12944821109859	0.130166534340207	0.127303010093011	0.00957422584498046	0.0229990700631974	0.0206341044615825	0.0594879642994594	0.0717981419354185	0.0719409596913043	0.0207741564965812	0.0171683619136435	0.0151185499051532	0.0689020257717774	0.0682971262807273	0.0639113100267616	0.0425094496090884	0.0538458398683942	0.00733532653420853	0.010784582628865	0.0211490149373327	0.0111207504618994	0.0306755357283324	0.00524651780814948	0.00580486729934254	0.018026082118821	0.00686212565326756	0.0148003884545253	0.0219955527692561	0.0103715633707939	0.0390598349024769	0.0365930879092316	0.0395408668174619	0.00536469876841447	0.0328141723642412	0.0180797136881741	0.0130741381266589	0.0231562875111162	0.0119891789918646	0.0122515771251185	0.0255329897321915	0.00646024175426141	0.0256582377346872	0.00891082033952717	0.0355065892535036
HMEC_4_G2_3G_3	0.0401456786830769	0.0523835669809987	0.0608106540690311	0.00710466616562149	0.00831055393325704	0.00871258838236523	0.0123575286435032	0.0227388556256061	0.0586255662834706	0.0432483602546551	0.0406955718870503	0.0094893110055936	0	0.0344903256562247	0.0376982457909947	0.0438690916311865	0.00729285308214928	0.0072061892050861	0.00849784616027805	0.00728641390618772	0.0251201857684565	0.0105052104120334	0.00347220473346032	0.00753162298468934	0.008395470751741	0.0139425078842133	0.0112528222610771	0.00435467719648495	0.138693862617319	0.139460210620815	0.136614881213807	0.00729134132828208	0.0135116279641608	0.0117823581338262	0.0500151809843988	0.0623523639006925	0.0624865312730319	0.0113976180480398	0.00793791301206709	0.00565132224565159	0.0594383369070716	0.0588333365520753	0.0545142186911422	0.0330542615293625	0.04441512950597	0.00234002818468644	0.00745167752983341	0.0120244056187591	0.00233964594321909	0.0212286851037285	0.00614313674978331	0.00515927788073535	0.0088963828657788	0.00265107838927567	0.00836567279353247	0.012613653677345	0.00543074946325436	0.0484921362015174	0.046071883278628	0.048948350892117	0.0044198266331764	0.023374027286988	0.00869086186202262	0.00719857409932638	0.0140392932296008	0.00734583554040503	0.00590392299262688	0.0164231396845531	0.00756076560384007	0.0348012661660356	0.0181994308972934	0.0261465624464188
HMEC_4_G2_4A_1	0.00936222646341019	0.0198434592296688	0.029816182310748	0.0297198580438367	0.0263186870464431	0.0413859939307485	0.0222682604993474	0.0119041557357966	0.0928287582424642	0.0776313845354297	0.0750358839806224	0.0437987935033678	0.0344903256562247	0	0.00824427864610922	0.0186487226745834	0.0313901635133068	0.0307368312725575	0.0393535215833193	0.0280395570234546	0.0595121597835351	0.0274499505596359	0.0378412586784516	0.0418436871440504	0.0353375037264299	0.0240086718938946	0.0283732978019147	0.0364255179350571	0.172467203951191	0.173145315705586	0.170296562733103	0.0390520984726765	0.0215193804871887	0.0266737713618882	0.0177509716740319	0.0308462215365854	0.0306355795306937	0.0245509802473363	0.0280933195873056	0.0291953465173235	0.0263623524918189	0.026772856942031	0.025114763141577	0.0101963332846978	0.0160554072209368	0.0364864028661716	0.0381589207832593	0.0253632928825106	0.0334929807016927	0.0158841508204299	0.0403616237894431	0.0393803359284856	0.0276828819886944	0.0370070881276036	0.0341217769255332	0.0234949406765886	0.036617695136371	0.0827248594166824	0.0800421643556874	0.0832289924708623	0.0389000289752209	0.0145287619863274	0.0268166945029551	0.0352373242281692	0.0239909472910959	0.0367760347836142	0.0324085689113979	0.0224887343925429	0.0411853709355331	0.069233395297741	0.052637114484158	0.014669021731594
HMEC_4_G2_4A_2	0.00248157616932327	0.014707525537375	0.0235819096732227	0.0318353348120605	0.0294085307908607	0.0433981205059398	0.0254297504659633	0.0170183597373204	0.0960951927565612	0.0806172407882948	0.0781806234327138	0.0471776438999703	0.0376982457909947	0.00824427864610922	0	0.0104066174406259	0.036029302532372	0.032629814428279	0.0410251098299627	0.0321633000132835	0.0620836213240232	0.0289596586732873	0.0411609067361334	0.0446022756123673	0.0367019661935258	0.0251602385137311	0.0294592126703363	0.0387730094533882	0.175421429227981	0.176323286172465	0.173540107435499	0.0409980271870733	0.0241947352482634	0.0279219670738109	0.012330909684491	0.024943728660766	0.0249687705980386	0.026669351977357	0.0303691635078563	0.032094364284318	0.0217973471205366	0.0212271025678299	0.0179860116814598	0.00561114019074036	0.00815158684479545	0.0398994566132101	0.0399367368668368	0.0268781448714058	0.0362687597733398	0.0167849017674134	0.0431007948763978	0.0421645571077159	0.0297122514959933	0.0403298148818489	0.03548350719747	0.0254738436710586	0.0387264897988718	0.0860182265558928	0.0836813552957081	0.0864293986075727	0.0419728492746158	0.0147651156707394	0.0292686754422075	0.0368731748364518	0.0251075662935012	0.0384486724112984	0.0367988593727254	0.0230623677915843	0.0435701872066533	0.0719794180357131	0.0557563846041868	0.0130517180326019
HMEC_4_G2_4A_3	0.00980585515350407	0.0133976896479663	0.017912681068149	0.0372447740510005	0.0359089433890521	0.0481027459936587	0.03228449630285	0.0259995604077862	0.101244701035387	0.0855963196988953	0.0833671657651543	0.0531875640445359	0.0438690916311865	0.0186487226745834	0.0104066174406259	0	0.0436011750221348	0.03776247506065	0.0454635174997351	0.0394353089202222	0.0668766869235555	0.0339773103186057	0.0473049052810181	0.0500524119428889	0.0410297576056946	0.0301837212218936	0.0339988231689123	0.0440306669043237	0.179837146115721	0.181003791084644	0.178306120441117	0.0457327037358561	0.0307382260350775	0.0327654861600401	0.0116017700086976	0.019759132482476	0.0202292626195086	0.0324798613060321	0.0360372812230901	0.03824984214729	0.0195259895923498	0.0173040844951027	0.0111427059663133	0.011706177802448	0.0041664059601019	0.0461825664180501	0.0445402616179639	0.0320867458441043	0.0420798356393399	0.0228285555382155	0.0485842902284337	0.0477295350783649	0.0351875211392294	0.0465076474064318	0.0398802861259369	0.0312642959504239	0.0437382676842719	0.0912873919420914	0.0893611009815191	0.0915894548256106	0.0478394626424104	0.0206920931526605	0.0351852789057986	0.0414819273816494	0.0301020191209271	0.043012855045522	0.0441201215963807	0.0277591358878153	0.0486654409058203	0.0768000481717972	0.0612789239588137	0.0177381004770911
HMEC_4_G2_4B_1	0.0383608971919564	0.0504537951698692	0.0595657089159263	0.0112254723402043	0.0087881087117085	0.0158226320215995	0.0114975825254296	0.0195417254876711	0.0619224111151626	0.0470713782379175	0.0443209347901064	0.0136771054900955	0.00729285308214928	0.0313901635133068	0.036029302532372	0.0436011750221348	0	0.0120576638406805	0.0157890737810872	0.00432532787054399	0.0300035030786166	0.0138119249225005	0.00885394575775363	0.0136609028034465	0.0150868900900318	0.0159667006108084	0.015183027029241	0.0116235480289571	0.142049145301465	0.142578482739654	0.139670340814013	0.014577467019082	0.0132084829068441	0.0148748557421997	0.0481487208154016	0.0609457289631423	0.060951196585451	0.0128088049286173	0.0109061586596148	0.00823352807983341	0.057347613820461	0.0571761345729878	0.053644468287303	0.0321315703991883	0.0434581488253483	0.00759696743953324	0.0147203390783783	0.014361751505175	0.008765651425487	0.0209355055331	0.0125976721092379	0.0117431073827334	0.0119113047497188	0.00825920291397326	0.014704760649555	0.0137642305842306	0.0126574840430453	0.051820848027588	0.0488956216432663	0.052405995217458	0.0104308892212346	0.0230119684340083	0.0106988780774226	0.0139724432755108	0.0160776279467412	0.0144509465392584	0.00152347469517983	0.0181847386999425	0.0143852917388277	0.0391168522547648	0.0224369158364829	0.0261958530910337
HMEC_4_G2_4B_2	0.0351092566733191	0.0472612523581539	0.0551354718110674	0.00126065610370733	0.00594317030555969	0.0107966272924925	0.00907847348750796	0.0197791118817891	0.0637996907561434	0.0481755353797693	0.0458230800572311	0.0156582284550511	0.0072061892050861	0.0307368312725575	0.032629814428279	0.03776247506065	0.0120576638406805	0	0.00862359410748788	0.00912216244759944	0.0295123845163969	0.00378901425591579	0.0101803887154436	0.0123028488109182	0.00489722311538675	0.0076192482641495	0.00410889908367342	0.0062774171652152	0.143438409547	0.144395770223317	0.141609669580525	0.00840540744559795	0.00931388177716363	0.00501157065253044	0.0448750557619516	0.0567716248587148	0.056990834931632	0.00618924927748384	0.00287337139280574	0.00410838880451624	0.0543638408164805	0.0534497755660357	0.0486532402134946	0.0275658532589347	0.0387193230285508	0.00942874550235251	0.00743604847630931	0.00578069324854014	0.00491539603811092	0.0158502875801182	0.0108388098758755	0.0100096137389648	0.00305753996785476	0.00951074334028183	0.00382782232162482	0.00728436848759128	0.00610572569241022	0.0537416222569706	0.0517016351655043	0.0540944924626423	0.0103224797654228	0.017896144119371	0.00423005923254149	0.00453657402186062	0.00769291210272127	0.00604847664917841	0.0112573728570364	0.0100096469040966	0.0110032997348639	0.0394514704386752	0.0235485270410262	0.0202433586517288
HMEC_4_G2_4B_3	0.0435027290862588	0.0555664820806429	0.0630920525183997	0.00967834969086583	0.0137983646587972	0.00282352095309516	0.0174899976397283	0.0282938441692743	0.0559500886962683	0.040229218246724	0.0380350580747049	0.010726077157277	0.00849784616027805	0.0393535215833193	0.0410251098299627	0.0454635174997351	0.0157890737810872	0.00862359410748788	0	0.0150175273339779	0.0214520337950031	0.0120998186192797	0.00838975046060693	0.00647183341029038	0.0044386107379051	0.0158752716238186	0.0116255507523857	0.00419402230100489	0.135355559345736	0.136412361085069	0.1336536630702	0.00137805121756494	0.0179058329345208	0.0131132571250227	0.0531820819842433	0.0647873522580489	0.0650610807645201	0.014812091424088	0.0113404510125538	0.0110436815265915	0.0626648695962498	0.0616007171109617	0.0564980408645226	0.0358164800547068	0.0467529595523858	0.00893284514955456	0.00126159255328979	0.0142032740251155	0.00746077831532765	0.0242947337612875	0.00571983293589293	0.00570601836419407	0.0116797172596612	0.00842816448243391	0.00560927337909669	0.0158907859935249	0.0033029891377216	0.0459919739737021	0.0443021583485288	0.0462648747949796	0.00716133005957319	0.0262707943111934	0.0126737644270084	0.00416495796182215	0.0159281371311702	0.00259356216605092	0.0143929242246006	0.0180493608757893	0.00429221432419715	0.0314030269579001	0.01648370199935	0.0283470934015253
HMEC_4_G2_4C_1	0.0345389636449733	0.046712833588572	0.0556406351668689	0.00804256494783086	0.00462378735276814	0.0158213921029728	0.00721164839441837	0.0161421962252676	0.0649229782006334	0.049797503835398	0.0471384245280132	0.015922719951468	0.00728641390618772	0.0280395570234546	0.0321633000132835	0.0394353089202222	0.00432532787054399	0.00912216244759944	0.0150175273339779	0	0.0320826076114819	0.0100250279335474	0.0101813682402551	0.014746954768006	0.0131342622997873	0.0117683363838305	0.0115368936607686	0.0109151687379719	0.145008279464664	0.145647417064122	0.142770102952333	0.0140432774240572	0.0088975526387734	0.0109603750560775	0.0443817948419356	0.0570667101827846	0.0571088158112053	0.00859302314635974	0.00726893695394413	0.0050138529445712	0.0536749269585285	0.0533633035828772	0.0496171856821326	0.0280569106104028	0.0394290237255205	0.0087807783623068	0.0138027044053956	0.0102710949950468	0.00756171241575014	0.0166879554234426	0.0134088379922648	0.0124341536117201	0.00817540632039119	0.00938736958389906	0.0124504814524622	0.00948940183097928	0.0117150769627627	0.0547932316947919	0.0520807936895096	0.0553197375718726	0.011513975282612	0.018787182428811	0.00675148587814696	0.0121980445076027	0.0118792856997508	0.013101779444038	0.00469302563145684	0.0139170823360621	0.0148284982018292	0.0415624912305263	0.0248303018583121	0.0219346061900595
HMEC_4_G2_4C_2	0.0645567842983363	0.0767049413448389	0.0844441210312906	0.0302874723343073	0.0332304806901364	0.0188402902754037	0.0372877104049622	0.0478357481952638	0.0345350493336171	0.0187889376187491	0.0166783292589457	0.0163384861201156	0.0251201857684565	0.0595121597835351	0.0620836213240232	0.0668766869235555	0.0300035030786166	0.0295123845163969	0.0214520337950031	0.0320826076114819	0	0.033243149055868	0.0219178107626508	0.0176990370189723	0.0258887643550547	0.0370825370586697	0.032991211629221	0.0233532126804307	0.114331534473897	0.115298638598732	0.112503978502766	0.0212357762380893	0.0381889390778102	0.034365664460069	0.0743241586934171	0.0861161545631056	0.0863650608758138	0.0354746257892943	0.0317824382833605	0.03036663417308	0.0837902108683299	0.0828640019387421	0.0778846091124932	0.0570431513682785	0.0680993233906443	0.0233146274774557	0.0223942266239082	0.0352862971570746	0.0260740910160311	0.0453335884914186	0.0191864521521018	0.0201653181120442	0.0324098903991115	0.022729330932161	0.0270424311456889	0.036656752034274	0.0234099055214356	0.0246317583725384	0.0233660030925807	0.0248573007573989	0.02070568778686	0.0473911491892946	0.0329473390211576	0.025471341071404	0.0371475063551788	0.0239208733875054	0.0285858893016821	0.0393706164891689	0.0185472212608855	0.0099647900982208	0.00777680035780356	0.0496671490049375
HMEC_4_G2_4C_3	0.0314397746967966	0.0435582631698738	0.0513621372732858	0.00341708419711499	0.00560457175856038	0.014457800203102	0.00698332140427434	0.0169923820983273	0.0675618490011711	0.0519292535963355	0.0495927162928609	0.0193712182011288	0.0105052104120334	0.0274499505596359	0.0289596586732873	0.0339773103186057	0.0138119249225005	0.00378901425591579	0.0120998186192797	0.0100250279335474	0.033243149055868	0	0.0137248151433781	0.0160897948988682	0.00790481696027572	0.00384491364109503	0.0016512102544017	0.0100661236006	0.147101131096145	0.148081246850288	0.145304105074787	0.0120532178440797	0.00656496148901198	0.00127999124312406	0.0411712677558313	0.0530054312622136	0.0532325146277255	0.00332051448210527	0.00293060191961821	0.00570090038241658	0.0506636384709408	0.0497048218435131	0.0448704755896304	0.0238300562415614	0.0349471653332969	0.012823326999279	0.0109876377727726	0.00210878237986649	0.0083809730711961	0.0122002538430155	0.0146218567298143	0.0137799051951763	0.00190203418602236	0.012998547945816	0.00668253565024914	0.00406517533137007	0.00985091401636092	0.0575135471703388	0.0554842316224811	0.0578602392617675	0.0140133297921737	0.0142010852416217	0.00331436445680964	0.00793533423260519	0.00391384811118158	0.00951027348266134	0.0133710878287907	0.0062213537335708	0.0147715691447903	0.0431893077682543	0.02733607585939	0.016468000815319
HMEC_4_G2_4D_1	0.0436056610377901	0.0558412664102363	0.0642739513039013	0.0103096920347222	0.0117655682678128	0.00745076004403448	0.0157952967754296	0.0260353609099924	0.0552043282259176	0.03987102417037	0.0372897908488296	0.00602694653955413	0.00347220473346032	0.0378412586784516	0.0411609067361334	0.0473049052810181	0.00885394575775363	0.0101803887154436	0.00838975046060693	0.0101813682402551	0.0219178107626508	0.0137248151433781	0	0.0048110206134441	0.00997204393806886	0.017290579143512	0.0142889219517335	0.00520445575359615	0.135346404923069	0.136088235539297	0.133234202263682	0.00701375659918902	0.016979414031754	0.015003817211827	0.0534746888111046	0.0658166701341238	0.0659508358938388	0.0148403724838848	0.0113110915744546	0.00912064348563702	0.0628905134254513	0.0622972393470732	0.0579711455780069	0.036523137723018	0.0478794705128154	0.00140088847060037	0.0077401858079516	0.0153663728289651	0.0053442739899445	0.0246962406565806	0.00380410036345297	0.0030826500832522	0.0122276300233547	0.000837473161547811	0.0103350428611758	0.0160594676111856	0.00627763780291068	0.0450651419348838	0.0426116933228821	0.0455339794744623	0.00160252491846527	0.0268402983538494	0.0121349538245975	0.00879793304008173	0.0173839618784375	0.00830419314581569	0.00733062069764002	0.0197703922482527	0.00572856068700808	0.0314915253224713	0.0148152207161834	0.0295916203369115
HMEC_4_G2_4D_2	0.0470706376062008	0.0592795765405266	0.0673597004255958	0.0128788818212689	0.015538005343788	0.00413534853604544	0.0195990961902334	0.0301862655426136	0.0516513237639381	0.0361049691304044	0.0336599981606161	0.00425590483534738	0.00753162298468934	0.0418436871440504	0.0446022756123673	0.0500524119428889	0.0136609028034465	0.0123028488109182	0.00647183341029038	0.014746954768006	0.0176990370189723	0.0160897948988682	0.0048110206134441	0	0.010003472380572	0.0198993179096263	0.0161904515556713	0.00603913919131696	0.131647845361487	0.132506615362401	0.129684920364803	0.00535324425188477	0.0205398467351103	0.017308790518566	0.0568999406664092	0.0689701245699423	0.0691629692457475	0.017955263295735	0.0142581428883375	0.0126775557818876	0.0663629142789707	0.0655821373273981	0.0609167067953738	0.0397115279631671	0.0509464618941235	0.00613724926706345	0.00659542349031242	0.0180177728620603	0.00839262059584269	0.0278961866146993	0.0015035781822259	0.00246771578585332	0.0149873187036352	0.00547903655597538	0.0108586633988764	0.0191623473057554	0.00650131167729372	0.0415496784313278	0.0394211115383124	0.0419404561879454	0.00327836756093526	0.0299999508567643	0.0153498849125428	0.00911872639983639	0.0199774963982105	0.00789223780853527	0.0121382133143759	0.022309893645887	0.00221245649778278	0.0275077339417034	0.0112569521381606	0.0324967729754858
HMEC_4_G2_4D_3	0.0391774048699251	0.0512038317277144	0.0586688694677686	0.00612779940638537	0.0107268583905899	0.00713969724957252	0.0139688363415803	0.0246074350279568	0.0603762071802925	0.0446618958710785	0.0424585768273961	0.0140552625744913	0.008395470751741	0.0353375037264299	0.0367019661935258	0.0410297576056946	0.0150868900900318	0.00489722311538675	0.0044386107379051	0.0131342622997873	0.0258887643550547	0.00790481696027572	0.00997204393806886	0.010003472380572	0	0.0115769127859336	0.00725021882166863	0.00477704987011652	0.139708434214493	0.140778169421835	0.138025605518546	0.00487201517627097	0.0141055739799509	0.0088133904730044	0.0488200666588936	0.06036942120082	0.06064924770545	0.0108853883172506	0.00777046254346095	0.00838611265476441	0.0583015183142385	0.0572004627326496	0.0520680855447796	0.0314439602696853	0.0423351123382352	0.0098813988722483	0.00360095852952013	0.0100090385187073	0.00637353333895722	0.0200264642004547	0.00881079088209611	0.00833167931193173	0.00784583727972491	0.00962853656586792	0.00122626768411866	0.0118668181266113	0.0037877819076572	0.0504126443282273	0.0486766905907175	0.050691540534159	0.00934096220124545	0.0219587980976099	0.00912684991659046	0.00120707684616003	0.0116217884042045	0.00212908476690732	0.0139319280604435	0.0136717050058824	0.00810048236445615	0.0358384590601642	0.0207282153790848	0.0239495906211045
HMEC_5_1_1	0.0276396470132934	0.0397354174992591	0.0475274185901988	0.00707128800760371	0.00718021815189712	0.0182868382188871	0.00615987843963246	0.014248351762619	0.0713928579709555	0.0557670191087126	0.0534282764660129	0.0230684112699051	0.0139425078842133	0.0240086718938946	0.0251602385137311	0.0301837212218936	0.0159667006108084	0.0076192482641495	0.0158752716238186	0.0117683363838305	0.0370825370586697	0.00384491364109503	0.017290579143512	0.0198993179096263	0.0115769127859336	0	0.00439075619559106	0.0138919364970216	0.150873658585936	0.151859845409631	0.149086654823935	0.0158820496343403	0.00483158141870246	0.00276597428563759	0.0373481113471393	0.0491675920869224	0.0493933472255772	0.00317631246693608	0.00600633457113667	0.00857744498107746	0.0468421569273216	0.0458661021953774	0.0410471648135688	0.0199929974846577	0.0311070031033618	0.0162822168629084	0.0147929441367588	0.00192477665558372	0.0119763513686288	0.00845223979213943	0.0184218609935017	0.0175594764270771	0.00506362320901307	0.0165268201114854	0.0103521590895732	0.00250894590671942	0.0136954874380421	0.0613446994213096	0.0592925858590053	0.0616942109866362	0.0177051416198364	0.0103985178444493	0.00550119139144489	0.0117210746120356	0.000111026951555435	0.0132976762310288	0.0158383835960016	0.00248152615975941	0.018614054691721	0.0470279249391041	0.0311508023361555	0.0126261328671617
HMEC_5_1_2	0.0319346587535961	0.0439676662986241	0.051537179770703	0.00423750642578926	0.007211267137474	0.0141565926595629	0.00854975315113286	0.0182477006548561	0.0674072175693593	0.0517322408026632	0.0494576843854248	0.0197073664571615	0.0112528222610771	0.0283732978019147	0.0294592126703363	0.0339988231689123	0.015183027029241	0.00410889908367342	0.0116255507523857	0.0115368936607686	0.032991211629221	0.0016512102544017	0.0142889219517335	0.0161904515556713	0.00725021882166863	0.00439075619559106	0	0.0101622605875606	0.14679013681378	0.147826118888274	0.14506630842037	0.011765108650672	0.00797178263770258	0.00172921814044511	0.0415824626647921	0.0532159038711266	0.0534763973527106	0.00482179190515923	0.00429771646295561	0.00696938232198655	0.0510696172792087	0.0500000146664618	0.044979267678002	0.024202648768059	0.0351607153484081	0.0135135433493692	0.0106081124355379	0.00317700850016799	0.00900287571049902	0.0128249381521784	0.0147655439814122	0.0139895921126135	0.00336389958733323	0.0136143183623314	0.00603583355297983	0.0053592637702207	0.00976605902763102	0.0573965939888601	0.0554884710909669	0.0577123013982957	0.0143992042692764	0.0147218150186911	0.00491032304812243	0.00752530560132104	0.0044224093137695	0.00908684686261873	0.014642085879312	0.00642646647838211	0.0146898051045139	0.042946634304159	0.02736926857402	0.0167260962705291
HMEC_5_1_3	0.0412486464165905	0.0534324533893237	0.0613918842066882	0.00694541626349714	0.0102862989997598	0.00510697499257425	0.0142242965377115	0.0250196158324939	0.0575617605902744	0.0419557964409453	0.039574729642525	0.00966429176941122	0.00435467719648495	0.0364255179350571	0.0387730094533882	0.0440306669043237	0.0116235480289571	0.0062774171652152	0.00419402230100489	0.0109151687379719	0.0233532126804307	0.0100661236006	0.00520445575359615	0.00603913919131696	0.00477704987011652	0.0138919364970216	0.0101622605875606	0	0.137359440839766	0.138279110962534	0.135478435808369	0.00312837742943244	0.0149345115546745	0.0112751110951711	0.0510485985839767	0.0630192786301945	0.0632287660166771	0.0121291354531797	0.0084396347377406	0.00740344283558782	0.0605279385404506	0.0596717992530848	0.0549206535692719	0.0337885847108589	0.0449775113915737	0.00526178429598588	0.00309880974993114	0.0120299927796799	0.00337686303862126	0.0220127067049726	0.00460381393821639	0.00386750022630625	0.00906978841348591	0.00492287933864878	0.00525795218894851	0.0133115390960984	0.00113408513000802	0.0474882068510397	0.0454338787986286	0.047851652179995	0.00462016048212323	0.0240919296295744	0.00964389341562058	0.00362585128169112	0.0139672585501918	0.00317430819804174	0.0102568020021226	0.0162851873960717	0.00481080113206299	0.0332666380348244	0.017274100891182	0.0265095063793247
HMEC_5_2_1	0.177843683274031	0.189754967012698	0.197195497366361	0.144192781295461	0.146840709097537	0.132882678648873	0.15083343423475	0.160838908828851	0.0807998198221438	0.0959684951989875	0.0985049678677127	0.12944821109859	0.138693862617319	0.172467203951191	0.175421429227981	0.179837146115721	0.142049145301465	0.143438409547	0.135355559345736	0.145008279464664	0.114331534473897	0.147101131096145	0.135346404923069	0.131647845361487	0.139708434214493	0.150873658585936	0.14679013681378	0.137359440839766	0	0.00520273542370726	0.00692573361292109	0.135251731472668	0.151846651632961	0.148188535216693	0.18742440934918	0.198872620876938	0.199149695547981	0.149277369044426	0.145640010397537	0.144084853953485	0.196687157299997	0.195761625757338	0.190696137381811	0.170483472038813	0.181252888365331	0.136667655051394	0.136355384192103	0.149117966377634	0.139902261170002	0.158991719305103	0.133128868808552	0.134068001505055	0.146281894118749	0.136170521746279	0.140878272131048	0.15044859886949	0.137429265067335	0.0908715422870014	0.0938167368607025	0.0903463975835706	0.13438044287146	0.161015848932933	0.146751054564802	0.139392765753726	0.150935447754034	0.137849429518983	0.140890462174439	0.153092329040023	0.132631245102846	0.104506633481119	0.120754167437856	0.163211086471408
HMEC_5_2_2	0.178740713871772	0.190681552738478	0.198300604475132	0.145114545077189	0.147627366132248	0.133891998932384	0.151612185350176	0.16149502209209	0.0814401837903977	0.0968091016152335	0.0992601482934562	0.130166534340207	0.139460210620815	0.173145315705586	0.176323286172465	0.181003791084644	0.142578482739654	0.144395770223317	0.136412361085069	0.145647417064122	0.115298638598732	0.148081246850288	0.136088235539297	0.132506615362401	0.140778169421835	0.151859845409631	0.147826118888274	0.138279110962534	0.00520273542370726	0	0.00327103205752934	0.13625727879154	0.152673911184021	0.149190287980843	0.188353306817371	0.199951027684483	0.200200843918733	0.1501719767968	0.146533217594785	0.144898572930366	0.197606354276517	0.196770454155969	0.191839500445208	0.171458374516882	0.182310703519219	0.137393698624553	0.137383842729584	0.150080663507228	0.140740948517515	0.159917889719155	0.1339883948065	0.134916403300777	0.147203275493324	0.136912990139813	0.141936606219442	0.151351821566726	0.138390687057041	0.0915262789408899	0.0942714690563717	0.0910588138390707	0.13517077114286	0.161960575694394	0.147617531316557	0.140420558497774	0.15192467838172	0.138884241023961	0.141455438162052	0.154111899868394	0.133565440163306	0.105444993841719	0.121531668707334	0.164231486966667
HMEC_5_2_3	0.175957818197037	0.187916156535219	0.195595658930744	0.142317955641349	0.144792301976797	0.131117105279103	0.148777178597714	0.158632234266923	0.0785454043328617	0.0939723988212067	0.09639801451075	0.127303010093011	0.136614881213807	0.170296562733103	0.173540107435499	0.178306120441117	0.139670340814013	0.141609669580525	0.1336536630702	0.142770102952333	0.112503978502766	0.145304105074787	0.133234202263682	0.129684920364803	0.138025605518546	0.149086654823935	0.14506630842037	0.135478435808369	0.00692573361292109	0.00327103205752934	0	0.133482232073581	0.149853507080214	0.146420462251124	0.185586848788047	0.197238943400511	0.197480467171364	0.147369980939697	0.143728785039704	0.142069800063415	0.194844094377949	0.194034427685051	0.18914194534627	0.168693793806665	0.179579173815391	0.134535858663649	0.134616539328149	0.14729924432537	0.137917270408503	0.157131130397312	0.131167597287373	0.132092730143528	0.144407688266029	0.134059551870146	0.139180937955016	0.148553075733986	0.135602864296308	0.0886346291019802	0.0913253485600923	0.0881838139539005	0.132330197909511	0.159180686446495	0.144805733143231	0.137654451791014	0.149152466292364	0.136119639246938	0.138555937895625	0.151350366094283	0.130767029384899	0.102639317910972	0.118681537685112	0.161476250491294
HMEC_5_3_1	0.0434769516196008	0.055593263806385	0.063279325922081	0.00934499961871949	0.013184208523731	0.00240526687440663	0.0170045649439859	0.027826266663163	0.0556746738909541	0.0399827362546632	0.0377191339028934	0.00957422584498046	0.00729134132828208	0.0390520984726765	0.0409980271870733	0.0457327037358561	0.014577467019082	0.00840540744559795	0.00137805121756494	0.0140432774240572	0.0212357762380893	0.0120532178440797	0.00701375659918902	0.00535324425188477	0.00487201517627097	0.0158820496343403	0.011765108650672	0.00312837742943244	0.135251731472668	0.13625727879154	0.133482232073581	0	0.0175490822844026	0.0131460100326148	0.0532079100001148	0.0649512665002425	0.0652021785271143	0.0145544526455435	0.0109675364726562	0.0103524569867349	0.0626933908682606	0.0617057079809009	0.056725146430548	0.0358672402819848	0.0469049671495605	0.00758688348783867	0.00128541015269923	0.0141296503667309	0.00649681364423013	0.0242303766235919	0.00444694606263156	0.00435410394916377	0.0114211954887655	0.00706840312827903	0.00591122785229228	0.0156799465154455	0.00249645154562411	0.0456688194869213	0.0438539342749549	0.0459738124056498	0.00578920970989675	0.0262497332134384	0.0122627907889135	0.00425605907390538	0.0159431658525762	0.00276331641017073	0.013155989817786	0.0181460160727886	0.0032813494866031	0.031195657972445	0.0158581535760235	0.0284537938857703
HMEC_5_3_2	0.0266465575583608	0.0388910011210825	0.0473819135097897	0.00823076007234156	0.00524583686978313	0.0198783332780432	0.00178105889293345	0.0105102670136332	0.0720443376137642	0.0565955847751911	0.0541035208506636	0.0229990700631974	0.0135116279641608	0.0215193804871887	0.0241947352482634	0.0307382260350775	0.0132084829068441	0.00931388177716363	0.0179058329345208	0.0088975526387734	0.0381889390778102	0.00656496148901198	0.016979414031754	0.0205398467351103	0.0141055739799509	0.00483158141870246	0.00797178263770258	0.0149345115546745	0.151846651632961	0.152673911184021	0.149853507080214	0.0175490822844026	0	0.00632878410925365	0.0365192932999833	0.04889783450636	0.04901548980417	0.00327169446390896	0.00658391260228027	0.00791334046871494	0.0459578401643309	0.0453471390970355	0.0411686812391449	0.0196181687889239	0.0310150255611815	0.0157341366622545	0.0166892813325533	0.0048558701280989	0.0121514259553068	0.00791235179253211	0.0190394777485735	0.018078659759518	0.00627263724676698	0.01614951041044	0.0129309712626161	0.00265643732567609	0.0151061914166333	0.0619313267266397	0.0595596320739802	0.0623632860600541	0.0178025621464206	0.0100538383446746	0.00530025527140741	0.0138498755480233	0.00491014080446315	0.015351625836761	0.0135085433046667	0.005932440725822	0.0197235375253784	0.0480277029628906	0.0316201355763645	0.0130962346830852
HMEC_5_3_3	0.0304007520345981	0.0424830553596866	0.0501986494566356	0.00469701108591709	0.00641092998724592	0.0155498686807221	0.00706680176212903	0.0165280023899173	0.0687200149230146	0.0530734049220936	0.0507572736234694	0.0206341044615825	0.0117823581338262	0.0266737713618882	0.0279219670738109	0.0327654861600401	0.0148748557421997	0.00501157065253044	0.0131132571250227	0.0109603750560775	0.034365664460069	0.00127999124312406	0.015003817211827	0.017308790518566	0.0088133904730044	0.00276597428563759	0.00172921814044511	0.0112751110951711	0.148188535216693	0.149190287980843	0.146420462251124	0.0131460100326148	0.00632878410925365	0	0.0400962884576709	0.0518541408589679	0.0520930346925774	0.00332270135541176	0.00409969245030263	0.00687292023149971	0.049588410757456	0.0485837911347319	0.0436851093117305	0.0227320681236566	0.0337929377062581	0.0141021746330929	0.0120406018460209	0.00147880185527696	0.00966024516681564	0.0112143947295379	0.015848962804072	0.0150194009814953	0.00305345485790665	0.0142784011027477	0.00758801863871172	0.00368452138442865	0.0110090614425625	0.0586839131754572	0.0566888729735827	0.0590208187862056	0.0152796158471252	0.0131626317605984	0.00421267441240126	0.0089635625947356	0.00281575082528214	0.0105395062660721	0.0145022733042913	0.00502493764989646	0.0159404711321514	0.0443167618052484	0.0285449242913591	0.0153191392504437
HMEC_5_4_1	0.00988423468275987	0.00238941173517683	0.0121104874819603	0.0441125011250967	0.041726946115731	0.0556086079161934	0.037738276303092	0.0288014191298079	0.108341247669217	0.0928692751861595	0.0904494408547505	0.0594879642994594	0.0500151809843988	0.0177509716740319	0.012330909684491	0.0116017700086976	0.0481487208154016	0.0448750557619516	0.0531820819842433	0.0443817948419356	0.0743241586934171	0.0411712677558313	0.0534746888111046	0.0568999406664092	0.0488200666588936	0.0373481113471393	0.0415824626647921	0.0510485985839767	0.18742440934918	0.188353306817371	0.185586848788047	0.0532079100001148	0.0365192932999833	0.0400962884576709	0	0.0131021019546412	0.0129377474984139	0.0389702113407808	0.0426674142396466	0.0444155618896009	0.00950348560292021	0.00909170633721756	0.0087540399425297	0.0173931288476187	0.0078540508611556	0.0522100414465629	0.0521213225259988	0.0391087652938814	0.0485823175138258	0.0290550582863635	0.0554000356098396	0.0544683955301658	0.0419903645972753	0.0526436503609248	0.047610790462007	0.0377693155496406	0.0509722982721035	0.0982827366003254	0.0959537537341145	0.0986882020428605	0.0542874984099108	0.0269915780884305	0.0415817617505132	0.049048499844089	0.0372896595022265	0.0506213064450677	0.0489801458434044	0.0351628618977925	0.0558348194793266	0.0842215943487741	0.0680565174684652	0.0249262555385767
HMEC_5_4_2	0.0226311856947927	0.0110708539684387	0.00201250301696824	0.0561203816104695	0.054135417665786	0.0673417343467332	0.0502340038264198	0.0417734495997197	0.120308049501434	0.104756211109759	0.102437810795646	0.0717981419354185	0.0623523639006925	0.0308462215365854	0.024943728660766	0.019759132482476	0.0609457289631423	0.0567716248587148	0.0647873522580489	0.0570667101827846	0.0861161545631056	0.0530054312622136	0.0658166701341238	0.0689701245699423	0.06036942120082	0.0491675920869224	0.0532159038711266	0.0630192786301945	0.198872620876938	0.199951027684483	0.197238943400511	0.0649512665002425	0.04889783450636	0.0518541408589679	0.0131021019546412	0	0.0011162311163869	0.0511054721314021	0.0547713003159096	0.0567168081926476	0.00666066515503218	0.00421744866224723	0.00874020196945654	0.0293377673530966	0.0180783147030327	0.0645997438144484	0.0638025455861806	0.0510110176138641	0.0607726652217385	0.0411770302223282	0.0674803607912935	0.0665803961475642	0.054014246724702	0.0649952271740976	0.0591907481636319	0.0498882521128101	0.062835696944936	0.110310839157224	0.108171879974316	0.110663457846938	0.0665230931692024	0.039047248799869	0.0537750023403879	0.0607272923217166	0.049097274729435	0.0622822071855285	0.0617081289748607	0.0468424704040103	0.0677467292251424	0.0960296587738487	0.0801817100805941	0.0365552009660066
HMEC_5_4_3	0.0226166018388115	0.0107997449299082	0.00291728737536557	0.0563188534872446	0.0542495579327333	0.0675955725011711	0.0503249988655672	0.04170298950087	0.120522097603925	0.104988072901514	0.102650171507081	0.0719409596913043	0.0624865312730319	0.0306355795306937	0.0249687705980386	0.0202292626195086	0.060951196585451	0.056990834931632	0.0650610807645201	0.0571088158112053	0.0863650608758138	0.0532325146277255	0.0659508358938388	0.0691629692457475	0.06064924770545	0.0493933472255772	0.0534763973527106	0.0632287660166771	0.199149695547981	0.200200843918733	0.197480467171364	0.0652021785271143	0.04901548980417	0.0520930346925774	0.0129377474984139	0.0011162311163869	0	0.0512757934351017	0.0549505345768919	0.0568565393929571	0.00578428740008391	0.00386469691320352	0.00935864727659094	0.029502135203759	0.0183405920939589	0.0647224456356481	0.0640632676432386	0.0512244157793142	0.0609379909514806	0.041338862564529	0.0676706917484099	0.0667640886281501	0.0542081933134104	0.0651269506017535	0.0594648717283657	0.0500607038062053	0.063064607151904	0.110514317483191	0.108334945292507	0.110877527357687	0.0666810949902001	0.0392178106543376	0.0539357565785637	0.0609865149015245	0.0493249517380246	0.0625453754259757	0.0617373904507108	0.0470883412406157	0.0679692027843319	0.0962764174317849	0.0803659280342286	0.0367901852115386
HMEC_5_5_1	0.0291432552338413	0.0413532201203461	0.0495262155213755	0.00522293880053774	0.00402310941613409	0.0169239696173219	0.00374903115162992	0.013766538019949	0.069562637305481	0.0540224205184503	0.0515947306160183	0.0207741564965812	0.0113976180480398	0.0245509802473363	0.026669351977357	0.0324798613060321	0.0128088049286173	0.00618924927748384	0.014812091424088	0.00859302314635974	0.0354746257892943	0.00332051448210527	0.0148403724838848	0.017955263295735	0.0108853883172506	0.00317631246693608	0.00482179190515923	0.0121291354531797	0.149277369044426	0.1501719767968	0.147369980939697	0.0145544526455435	0.00327169446390896	0.00332270135541176	0.0389702113407808	0.0511054721314021	0.0512757934351017	0	0.00370159618750446	0.00579911415178632	0.048447758597417	0.0476702436345136	0.0431675516200492	0.0217914082095499	0.0331013024171543	0.0137177970067213	0.0136218251582581	0.00200793791490047	0.00968458622226323	0.00995125006883574	0.0164536593011303	0.0155289033918645	0.00313743083469883	0.0140390224638808	0.00969604327074528	0.0012217270943199	0.0121701035962714	0.0594704345091035	0.0572469381028892	0.059865642554999	0.0154537698085043	0.0120719606710854	0.0027069688731703	0.0107003625076865	0.00328717149663124	0.0122330552394669	0.0127345577013924	0.00541377342663474	0.0169387155515573	0.0453724503067115	0.0291642731737806	0.0147546152915329
HMEC_5_5_2	0.0328426489732571	0.0450502406555446	0.0531802182519046	0.00167407967939278	0.00328248830311025	0.0133073688144954	0.00621625185436918	0.0169693929337751	0.0658767060533784	0.0503276285059334	0.0479025280962938	0.0171683619136435	0.00793791301206709	0.0280933195873056	0.0303691635078563	0.0360372812230901	0.0109061586596148	0.00287337139280574	0.0113404510125538	0.00726893695394413	0.0317824382833605	0.00293060191961821	0.0113110915744546	0.0142581428883375	0.00777046254346095	0.00600633457113667	0.00429771646295561	0.0084396347377406	0.145640010397537	0.146533217594785	0.143728785039704	0.0109675364726562	0.00658391260228027	0.00409969245030263	0.0426674142396466	0.0547713003159096	0.0549505345768919	0.00370159618750446	0	0.00277620283149136	0.052143819091728	0.0513550216214111	0.0467905111259509	0.0254714019789818	0.0367538890503191	0.0102778376231038	0.0101143624617653	0.0040937854652797	0.00604878844534423	0.0136419235385812	0.0127573757364832	0.0118388321745534	0.0010462479134215	0.0105354116349864	0.00668728420879195	0.0049050316423455	0.00853648017063703	0.0557842169127501	0.0535858928586853	0.0561759319538145	0.0118209737228183	0.0157522695278044	0.00135960947355895	0.00735336447442598	0.00610413599646139	0.00881002046665005	0.0104407742532128	0.00848633223748685	0.0132498849032584	0.0416773764951176	0.0254794792489467	0.0183499016763618
HMEC_5_5_3	0.0345499128430516	0.046788738424883	0.0551705732752892	0.00306551000535938	0.00289913691174205	0.0125044891818651	0.00693022587671066	0.0176508018977012	0.0641556933107308	0.0487094622011093	0.0462054948620149	0.0151185499051532	0.00565132224565159	0.0291953465173235	0.032094364284318	0.03824984214729	0.00823352807983341	0.00410838880451624	0.0110436815265915	0.0050138529445712	0.03036663417308	0.00570090038241658	0.00912064348563702	0.0126775557818876	0.00838611265476441	0.00857744498107746	0.00696938232198655	0.00740344283558782	0.144084853953485	0.144898572930366	0.142069800063415	0.0103524569867349	0.00791334046871494	0.00687292023149971	0.0444155618896009	0.0567168081926476	0.0568565393929571	0.00579911415178632	0.00277620283149136	0	0.0538571500697481	0.0532109967876948	0.0488727718823131	0.0274079484071818	0.0387690031880591	0.00794388921703827	0.00978255764894778	0.00672285714752656	0.00430036126532503	0.0155783863530174	0.0111851717001609	0.0102102147054085	0.00382121102754926	0.00830232128642141	0.00756984119580811	0.0070015744493483	0.00786077584373468	0.0540353936010633	0.0516817526967049	0.0544688366393425	0.00989036347689133	0.0177240664722725	0.00311804204290881	0.00760145299267045	0.0086817683386975	0.00876917810863128	0.00768390511097058	0.0110252881128499	0.0120474201252471	0.0401678476903456	0.0237111965322462	0.0205191374697006
HMEC_5_6_1	0.0193302094536313	0.00711417663110828	0.00730048538364386	0.0535960812665829	0.0511463668323235	0.0650924960851938	0.0471389900113018	0.0378823333533439	0.117743945815347	0.102305742902314	0.0998780984322575	0.0689020257717774	0.0594383369070716	0.0263623524918189	0.0217973471205366	0.0195259895923498	0.057347613820461	0.0543638408164805	0.0626648695962498	0.0536749269585285	0.0837902108683299	0.0506636384709408	0.0628905134254513	0.0663629142789707	0.0583015183142385	0.0468421569273216	0.0510696172792087	0.0605279385404506	0.196687157299997	0.197606354276517	0.194844094377949	0.0626933908682606	0.0459578401643309	0.049588410757456	0.00950348560292021	0.00666066515503218	0.00578428740008391	0.048447758597417	0.052143819091728	0.0538571500697481	0	0.00360865137919964	0.0105615657141446	0.0268864910889027	0.0166102922288734	0.0616144707004548	0.061606820211346	0.048601496645433	0.0580388088507742	0.0385464015692518	0.0648635877729267	0.0639289064530921	0.0514749150623501	0.0620583151119328	0.0570942246550505	0.0472501921174891	0.0604574064941246	0.107693393450852	0.105329874325627	0.108105864809155	0.0637271357002446	0.0364884653590606	0.0510479519757493	0.0585354173488015	0.0467835747373541	0.0601070516906813	0.0582312462297194	0.0446522924942206	0.0653133448143928	0.0936754836541083	0.0774967695977231	0.0344034031282824
HMEC_5_6_2	0.018844193455954	0.00693539507174875	0.00405507994121453	0.0527487479090257	0.050575453961416	0.064103044924295	0.0466273025265644	0.0378812111607048	0.116979802580618	0.101465412973944	0.0990992602440354	0.0682971262807273	0.0588333365520753	0.026772856942031	0.0212271025678299	0.0173040844951027	0.0571761345729878	0.0534497755660357	0.0616007171109617	0.0533633035828772	0.0828640019387421	0.0497048218435131	0.0622972393470732	0.0655821373273981	0.0572004627326496	0.0458661021953774	0.0500000146664618	0.0596717992530848	0.195761625757338	0.196770454155969	0.194034427685051	0.0617057079809009	0.0453471390970355	0.0485837911347319	0.00909170633721756	0.00421744866224723	0.00386469691320352	0.0476702436345136	0.0513550216214111	0.0532109967876948	0.00360865137919964	0	0.00730959747185107	0.0259126906941732	0.0149642367513722	0.0610559679020263	0.0605824177595318	0.0476778704517806	0.057322725790397	0.0377290316169257	0.0640866773625133	0.0631714107793113	0.0506327592062697	0.0614706269716718	0.0560072578052199	0.0464585483070648	0.0595355934033603	0.106953700839401	0.104721646928468	0.107331537254952	0.0630557850243033	0.0356216079351194	0.0503168281477215	0.0575043606393353	0.0458006232795501	0.0590688938710596	0.0579808440478864	0.0435936362108855	0.0644297347865014	0.0927735583112991	0.0767734809229271	0.0332909442031655
HMEC_5_6_3	0.0160033273840749	0.00826348446724376	0.00681660288519455	0.0480707365959173	0.0463980206054622	0.0591050166843742	0.0426068836547807	0.0349829833106644	0.112183340850408	0.0965739996451229	0.0943108444512151	0.0639113100267616	0.0545142186911422	0.025114763141577	0.0179860116814598	0.0111427059663133	0.053644468287303	0.0486532402134946	0.0564980408645226	0.0496171856821326	0.0778846091124932	0.0448704755896304	0.0579711455780069	0.0609167067953738	0.0520680855447796	0.0410471648135688	0.044979267678002	0.0549206535692719	0.190696137381811	0.191839500445208	0.18914194534627	0.056725146430548	0.0411686812391449	0.0436851093117305	0.0087540399425297	0.00874020196945654	0.00935864727659094	0.0431675516200492	0.0467905111259509	0.0488727718823131	0.0105615657141446	0.00730959747185107	0	0.0215875516734697	0.0101991858005075	0.0567993319995265	0.0555498737255337	0.0429253455371943	0.0528257271282135	0.0333178061114769	0.0594370544013342	0.0585602604148807	0.0459850581623128	0.0571603502756772	0.0509062555250986	0.0419470385977738	0.0546770039696928	0.10221222848154	0.10019833501304	0.102533932888336	0.0585907715169928	0.0311689277786796	0.0458627271923193	0.052482378090341	0.0409708851869755	0.0540243400612198	0.0542973652727857	0.03866553355334	0.0596015853300716	0.0878042827014431	0.072145749123517	0.0284601501991161
HMEC_5_7_2	0.00796523845685066	0.0197791038247595	0.0277866873526887	0.0268564197774537	0.0248606670275308	0.03827025339695	0.0210311690510506	0.0143674604929916	0.0912314516735159	0.0756725578158369	0.0732961456119915	0.0425094496090884	0.0330542615293625	0.0101963332846978	0.00561114019074036	0.011706177802448	0.0321315703991883	0.0275658532589347	0.0358164800547068	0.0280569106104028	0.0570431513682785	0.0238300562415614	0.036523137723018	0.0397115279631671	0.0314439602696853	0.0199929974846577	0.024202648768059	0.0337885847108589	0.170483472038813	0.171458374516882	0.168693793806665	0.0358672402819848	0.0196181687889239	0.0227320681236566	0.0173931288476187	0.0293377673530966	0.029502135203759	0.0217914082095499	0.0254714019789818	0.0274079484071818	0.0268864910889027	0.0259126906941732	0.0215875516734697	0	0.0114055513589082	0.0353164748410294	0.034765173227655	0.0217873361090479	0.0314681801824817	0.0118472535579424	0.0382150142933961	0.0373034364340254	0.0247386261394004	0.0357026013367969	0.0302348928758204	0.0205747623620311	0.0336642122530418	0.0811755957678937	0.078977788472681	0.0815520601712219	0.0372247603087894	0.00972168172601889	0.0244585759176389	0.0316863631342661	0.0199311000320973	0.0332590232330238	0.0327452189777512	0.0177781389680861	0.0385576977033579	0.0669701361114594	0.0509314786097583	0.00756021371004514
HMEC_5_7_3	0.00672163983371315	0.00992380349411882	0.0164443843268485	0.0380817090037449	0.0362532654614497	0.0492992646925756	0.0324319786512858	0.0249451900275908	0.102360840135071	0.0867717035732733	0.084451789180494	0.0538458398683942	0.04441512950597	0.0160554072209368	0.00815158684479545	0.0041664059601019	0.0434581488253483	0.0387193230285508	0.0467529595523858	0.0394290237255205	0.0680993233906443	0.0349471653332969	0.0478794705128154	0.0509464618941235	0.0423351123382352	0.0311070031033618	0.0351607153484081	0.0449775113915737	0.181252888365331	0.182310703519219	0.179579173815391	0.0469049671495605	0.0310150255611815	0.0337929377062581	0.0078540508611556	0.0180783147030327	0.0183405920939589	0.0331013024171543	0.0367538890503191	0.0387690031880591	0.0166102922288734	0.0149642367513722	0.0101991858005075	0.0114055513589082	0	0.0466882095479608	0.0457587135948166	0.0329578231665235	0.0427771173151778	0.0231979623205215	0.049457657030252	0.0485637949609695	0.0359789437916248	0.0470632028000179	0.0411502941343103	0.0318809249531506	0.0447859999833289	0.0923446005274274	0.090235472656334	0.0926939383629333	0.0485415553092686	0.0210537979545361	0.0357865799541072	0.0426792394338359	0.0310359698098089	0.0442378851177747	0.044110563998601	0.0287774382819931	0.0497039707735639	0.0780299126410867	0.0621784411420086	0.0184850978764554
HMEC_5_8_1	0.042338212178302	0.054573375030193	0.0630709338440091	0.0094130072108523	0.0104993366425666	0.0083837092692478	0.0145010263683882	0.0246651666257205	0.0565257936731452	0.0412247778510926	0.0386290973986562	0.00733532653420853	0.00234002818468644	0.0364864028661716	0.0398994566132101	0.0461825664180501	0.00759696743953324	0.00942874550235251	0.00893284514955456	0.0087807783623068	0.0233146274774557	0.012823326999279	0.00140088847060037	0.00613724926706345	0.0098813988722483	0.0162822168629084	0.0135135433493692	0.00526178429598588	0.136667655051394	0.137393698624553	0.134535858663649	0.00758688348783867	0.0157341366622545	0.0141021746330929	0.0522100414465629	0.0645997438144484	0.0647224456356481	0.0137177970067213	0.0102778376231038	0.00794388921703827	0.0616144707004548	0.0610559679020263	0.0567993319995265	0.0353164748410294	0.0466882095479608	0	0.00811946224889957	0.0143638265066619	0.00451384540875964	0.0235071063640325	0.00500223952284326	0.00415600387667642	0.01123434932151	0.000664228148244001	0.010079562976068	0.0149306409540393	0.00639169343664855	0.0463857786632184	0.0438874405723805	0.0468645838922248	0.00286318965941637	0.0256550733139022	0.0110126283804901	0.00867861579640892	0.0163789180079683	0.00843599039282257	0.00607757741001242	0.018762808528683	0.00681442586777929	0.0328701452114245	0.0161762928125601	0.0284580041023433
HMEC_5_8_2	0.0424154331360774	0.0545065538584525	0.0621206941945127	0.00845934031171523	0.0125386380501884	0.00356827541361348	0.0162459751511341	0.0270560701813826	0.05686004340015	0.0411569639996052	0.0389181803087969	0.010784582628865	0.00745167752983341	0.0381589207832593	0.0399367368668368	0.0445402616179639	0.0147203390783783	0.00743604847630931	0.00126159255328979	0.0138027044053956	0.0223942266239082	0.0109876377727726	0.0077401858079516	0.00659542349031242	0.00360095852952013	0.0147929441367588	0.0106081124355379	0.00309880974993114	0.136355384192103	0.137383842729584	0.134616539328149	0.00128541015269923	0.0166892813325533	0.0120406018460209	0.0521213225259988	0.0638025455861806	0.0640632676432386	0.0136218251582581	0.0101143624617653	0.00978255764894778	0.061606820211346	0.0605824177595318	0.0555498737255337	0.034765173227655	0.0457587135948166	0.00811946224889957	0	0.0130819882383971	0.0062605791029648	0.0231846634533713	0.00559084996152008	0.00535873487322636	0.0104854457160189	0.00766976497526118	0.0046765249999679	0.0147171822009365	0.00210401120943389	0.0468707597754636	0.0450929259639491	0.0471647132933698	0.00668068780755155	0.0251813421116189	0.0114407096912671	0.00308449772994231	0.0148499037484174	0.00152907022564447	0.013354824862123	0.0170151813983391	0.00456176978708292	0.0323534838432836	0.0171294504014357	0.0273233972993221
HMEC_5_8_3	0.0293585677246401	0.0414958822779419	0.0493834566582864	0.00516125263042825	0.00564816865640384	0.016532150245098	0.00568274706748062	0.0150729386227262	0.0695564730794563	0.0539455389175948	0.0515863288845725	0.0211490149373327	0.0120244056187591	0.0253632928825106	0.0268781448714058	0.0320867458441043	0.014361751505175	0.00578069324854014	0.0142032740251155	0.0102710949950468	0.0352862971570746	0.00210878237986649	0.0153663728289651	0.0180177728620603	0.0100090385187073	0.00192477665558372	0.00317700850016799	0.0120299927796799	0.149117966377634	0.150080663507228	0.14729924432537	0.0141296503667309	0.0048558701280989	0.00147880185527696	0.0391087652938814	0.0510110176138641	0.0512244157793142	0.00200793791490047	0.0040937854652797	0.00672285714752656	0.048601496645433	0.0476778704517806	0.0429253455371943	0.0217873361090479	0.0329578231665235	0.0143638265066619	0.0130819882383971	0	0.01005222796506	0.0101060789511323	0.0165346446441983	0.0156622791737139	0.00313903686587926	0.0146038048656685	0.00878522195654428	0.00220652628278106	0.0118831196086391	0.0594964643527789	0.0574122108089885	0.0598556735526497	0.0157861068179376	0.0121267117807553	0.00371747529245025	0.0100387530888412	0.00201795860762225	0.0116121660773933	0.0141349034431528	0.0044048259708469	0.0167818599543435	0.0452246940930341	0.0292712210006551	0.0144855483786499
HMEC_5_9_1	0.0387327363788511	0.0509598749138598	0.0591952585017254	0.00496560350525976	0.00718855829956886	0.00842421204814387	0.011230224660148	0.0219230646240581	0.0599617325920503	0.044468615990667	0.041991558182104	0.0111207504618994	0.00233964594321909	0.0334929807016927	0.0362687597733398	0.0420798356393399	0.008765651425487	0.00491539603811092	0.00746077831532765	0.00756171241575014	0.0260740910160311	0.0083809730711961	0.0053442739899445	0.00839262059584269	0.00637353333895722	0.0119763513686288	0.00900287571049902	0.00337686303862126	0.139902261170002	0.140740948517515	0.137917270408503	0.00649681364423013	0.0121514259553068	0.00966024516681564	0.0485823175138258	0.0607726652217385	0.0609379909514806	0.00968458622226323	0.00604878844534423	0.00430036126532503	0.0580388088507742	0.057322725790397	0.0528257271282135	0.0314681801824817	0.0427771173151778	0.00451384540875964	0.0062605791029648	0.01005222796506	0	0.0196259699394835	0.00689480969548337	0.00592852941544849	0.00691751674377666	0.0046266880381532	0.00617489941398715	0.0109048286970539	0.00416162602894892	0.0498481757279599	0.0475804109279159	0.0502635756952738	0.00577460272445516	0.0217531303275406	0.00701718802006929	0.00522463584103289	0.0120673875028635	0.00573540550194458	0.00756348320831099	0.0144520864441653	0.00778312213277654	0.0358943237755309	0.0195128093283567	0.0243958338344871
HMEC_5_9_2	0.0192654584842575	0.0314416094087804	0.0396141454013277	0.0150687173380215	0.0131084141691606	0.0266304438064247	0.00948784386817371	0.00866422839494012	0.079471294996342	0.063924651077883	0.0615169714382917	0.0306755357283324	0.0212286851037285	0.0158841508204299	0.0167849017674134	0.0228285555382155	0.0209355055331	0.0158502875801182	0.0242947337612875	0.0166879554234426	0.0453335884914186	0.0122002538430155	0.0246962406565806	0.0278961866146993	0.0200264642004547	0.00845223979213943	0.0128249381521784	0.0220127067049726	0.158991719305103	0.159917889719155	0.157131130397312	0.0242303766235919	0.00791235179253211	0.0112143947295379	0.0290550582863635	0.0411770302223282	0.041338862564529	0.00995125006883574	0.0136419235385812	0.0155783863530174	0.0385464015692518	0.0377290316169257	0.0333178061114769	0.0118472535579424	0.0231979623205215	0.0235071063640325	0.0231846634533713	0.0101060789511323	0.0196259699394835	0	0.0263963982865586	0.0254764780386391	0.0129446250613686	0.0238790009310457	0.0188013222768421	0.00873813030751493	0.0219504535234494	0.069392729757344	0.0671677640574606	0.0697818510734089	0.0253837470918605	0.00215087682099604	0.0126133422363921	0.020132543391719	0.0084108787490649	0.0217079923918296	0.0213549398713128	0.00663838710344727	0.026806344422779	0.0552498888969498	0.0391086825541675	0.00526958120424442
HMEC_5_9_3	0.045569223986093	0.0577797804029397	0.0658730215821949	0.0113889357664247	0.0140526829231248	0.00393062071078821	0.0181105550456544	0.0287239079016338	0.0531498799275959	0.0376071114802067	0.0351608038935094	0.00524651780814948	0.00614313674978331	0.0403616237894431	0.0431007948763978	0.0485842902284337	0.0125976721092379	0.0108388098758755	0.00571983293589293	0.0134088379922648	0.0191864521521018	0.0146218567298143	0.00380410036345297	0.0015035781822259	0.00881079088209611	0.0184218609935017	0.0147655439814122	0.00460381393821639	0.133128868808552	0.1339883948065	0.131167597287373	0.00444694606263156	0.0190394777485735	0.015848962804072	0.0554000356098396	0.0674803607912935	0.0676706917484099	0.0164536593011303	0.0127573757364832	0.0111851717001609	0.0648635877729267	0.0640866773625133	0.0594370544013342	0.0382150142933961	0.049457657030252	0.00500223952284326	0.00559084996152008	0.0165346446441983	0.00689480969548337	0.0263963982865586	0	0.000993254422854042	0.0134935471235095	0.00433902045590257	0.00958567029653486	0.0176616023298588	0.0051713974651153	0.0430473985346297	0.0409009259636572	0.0434404060607615	0.00220206659184207	0.0285019521919065	0.0138465145520875	0.00785080701943862	0.018501184675322	0.00674451587430766	0.0110767980860523	0.0208408621547505	0.0020097008154608	0.0290067315487563	0.0127437280053638	0.0310112615505839
HMEC_Root1_1	0.0446313686548582	0.0568472866327203	0.0649806499535892	0.0105058819707905	0.0130714348159777	0.00438357749814295	0.0171320965158005	0.0277340241099503	0.0540768400027827	0.0385534289630253	0.0360922511931207	0.00580486729934254	0.00515927788073535	0.0393803359284856	0.0421645571077159	0.0477295350783649	0.0117431073827334	0.0100096137389648	0.00570601836419407	0.0124341536117201	0.0201653181120442	0.0137799051951763	0.0030826500832522	0.00246771578585332	0.00833167931193173	0.0175594764270771	0.0139895921126135	0.00386750022630625	0.134068001505055	0.134916403300777	0.132092730143528	0.00435410394916377	0.018078659759518	0.0150194009814953	0.0544683955301658	0.0665803961475642	0.0667640886281501	0.0155289033918645	0.0118388321745534	0.0102102147054085	0.0639289064530921	0.0631714107793113	0.0585602604148807	0.0373034364340254	0.0485637949609695	0.00415600387667642	0.00535873487322636	0.0156622791737139	0.00592852941544849	0.0254764780386391	0.000993254422854042	0	0.0125983630750132	0.00350253447348674	0.00901351663765885	0.0167405919508893	0.0045870087520921	0.0439684838285911	0.0417827792896011	0.0443701496117236	0.00155739956319519	0.0275880247986902	0.0129055134179395	0.00729999669560087	0.017640900914638	0.00634086662254669	0.0102276529495207	0.0199921920888184	0.00266490906660304	0.0299709609754961	0.0136438726277023	0.0301283302788358
HMEC_Root1_2	0.032189683667335	0.0443754015242119	0.0524069211768367	0.00212460172197967	0.00391595013146911	0.013796434616218	0.00619388410000347	0.0167655442256859	0.0665880399964985	0.0510091513257911	0.0486122643844495	0.018026082118821	0.0088963828657788	0.0276828819886944	0.0297122514959933	0.0351875211392294	0.0119113047497188	0.00305753996785476	0.0116797172596612	0.00817540632039119	0.0324098903991115	0.00190203418602236	0.0122276300233547	0.0149873187036352	0.00784583727972491	0.00506362320901307	0.00336389958733323	0.00906978841348591	0.146281894118749	0.147203275493324	0.144407688266029	0.0114211954887655	0.00627263724676698	0.00305345485790665	0.0419903645972753	0.054014246724702	0.0542081933134104	0.00313743083469883	0.0010462479134215	0.00382121102754926	0.0514749150623501	0.0506327592062697	0.0459850581623128	0.0247386261394004	0.0359789437916248	0.01123434932151	0.0104854457160189	0.00313903686587926	0.00691751674377666	0.0129446250613686	0.0134935471235095	0.0125983630750132	0	0.0114663072797312	0.00669106344114521	0.00426719650569411	0.0090536697693565	0.0565082760256144	0.0543635496184248	0.0568855355978253	0.0126658051385178	0.0150296902565898	0.00164878464736757	0.00758570575571288	0.00515686832417109	0.00910579959930931	0.011475118923446	0.00754367783912645	0.0138690091589624	0.0423268351224517	0.0262331535647136	0.0175369769419052
HMEC_Root1_3	0.0427737614060734	0.0550098529283835	0.0634556114280386	0.00958168426588769	0.0109317662095891	0.00776606207044733	0.0149589981721817	0.0252049078096076	0.0560399255682062	0.0407057227545722	0.0381261373359544	0.00686212565326756	0.00265107838927567	0.0370070881276036	0.0403298148818489	0.0465076474064318	0.00825920291397326	0.00951074334028183	0.00842816448243391	0.00938736958389906	0.022729330932161	0.012998547945816	0.000837473161547811	0.00547903655597538	0.00962853656586792	0.0165268201114854	0.0136143183623314	0.00492287933864878	0.136170521746279	0.136912990139813	0.134059551870146	0.00706840312827903	0.01614951041044	0.0142784011027477	0.0526436503609248	0.0649952271740976	0.0651269506017535	0.0140390224638808	0.0105354116349864	0.00830232128642141	0.0620583151119328	0.0614706269716718	0.0571603502756772	0.0357026013367969	0.0470632028000179	0.000664228148244001	0.00766976497526118	0.0146038048656685	0.0046266880381532	0.0238790009310457	0.00433902045590257	0.00350253447348674	0.0114663072797312	0	0.00990330129532946	0.0152567331859978	0.00603728553955952	0.0459013205795687	0.0434437555654836	0.0463701784181349	0.00220224421663365	0.0260242250688938	0.0113324843809998	0.00843531050915199	0.0166214049754744	0.00808343065732784	0.0067389944367732	0.0190077530902356	0.00616487608282863	0.0323194430882527	0.0156502090253182	0.028789764773668
HMEC_Root2_1	0.0379595649789158	0.0499951123784995	0.0574962427238411	0.00508309194025223	0.00974394581047777	0.00824327424778067	0.0128508600323866	0.0234382195670914	0.0615155686855404	0.0458099875236561	0.0435861042286738	0.0148003884545253	0.00836567279353247	0.0341217769255332	0.03548350719747	0.0398802861259369	0.014704760649555	0.00382782232162482	0.00560927337909669	0.0124504814524622	0.0270424311456889	0.00668253565024914	0.0103350428611758	0.0108586633988764	0.00122626768411866	0.0103521590895732	0.00603583355297983	0.00525795218894851	0.140878272131048	0.141936606219442	0.139180937955016	0.00591122785229228	0.0129309712626161	0.00758801863871172	0.047610790462007	0.0591907481636319	0.0594648717283657	0.00969604327074528	0.00668728420879195	0.00756984119580811	0.0570942246550505	0.0560072578052199	0.0509062555250986	0.0302348928758204	0.0411502941343103	0.010079562976068	0.0046765249999679	0.00878522195654428	0.00617489941398715	0.0188013222768421	0.00958567029653486	0.00901351663765885	0.00669106344114521	0.00990330129532946	0	0.0106598032695591	0.00442962867723574	0.0515375987524608	0.0497568750341579	0.0518265827445527	0.00987795647995457	0.0207370895776368	0.00803351622058889	0.00174009234544424	0.0103976319799414	0.00315235454750526	0.013635321483507	0.0124609305671278	0.00906098156303309	0.0369963260237724	0.0217482910229185	0.0227485055312906
HMEC_Root2_2	0.0279494064292147	0.0401532115004691	0.0483071779010765	0.00638131783185626	0.00503547250658626	0.0180601219293339	0.00370103461825286	0.0129343746288598	0.0707667236825234	0.0552200794979656	0.0527995510597913	0.0219955527692561	0.012613653677345	0.0234949406765886	0.0254738436710586	0.0312642959504239	0.0137642305842306	0.00728436848759128	0.0158907859935249	0.00948940183097928	0.036656752034274	0.00406517533137007	0.0160594676111856	0.0191623473057554	0.0118668181266113	0.00250894590671942	0.0053592637702207	0.0133115390960984	0.15044859886949	0.151351821566726	0.148553075733986	0.0156799465154455	0.00265643732567609	0.00368452138442865	0.0377693155496406	0.0498882521128101	0.0500607038062053	0.0012217270943199	0.0049050316423455	0.0070015744493483	0.0472501921174891	0.0464585483070648	0.0419470385977738	0.0205747623620311	0.0318809249531506	0.0149306409540393	0.0147171822009365	0.00220652628278106	0.0109048286970539	0.00873813030751493	0.0176616023298588	0.0167405919508893	0.00426719650569411	0.0152567331859978	0.0106598032695591	0	0.0133204666367936	0.0606780120616348	0.0584633636702728	0.0610700228570775	0.0166747589144399	0.0108544751995078	0.00392495149572383	0.0117533427684372	0.00261069838678254	0.0133027669941134	0.0137709793690295	0.00442800776612504	0.0181184180695424	0.0465612120432956	0.0303775982889836	0.0135361054550715
HMEC_Root2_3	0.0412049059689961	0.0533576327817901	0.0611873889264696	0.00694746614859328	0.0106879920203771	0.00477314576539658	0.0145212519795241	0.0253427209020837	0.0577407588312066	0.0420923668634236	0.0397623036171798	0.0103715633707939	0.00543074946325436	0.036617695136371	0.0387264897988718	0.0437382676842719	0.0126574840430453	0.00610572569241022	0.0033029891377216	0.0117150769627627	0.0234099055214356	0.00985091401636092	0.00627763780291068	0.00650131167729372	0.0037877819076572	0.0136954874380421	0.00976605902763102	0.00113408513000802	0.137429265067335	0.138390687057041	0.135602864296308	0.00249645154562411	0.0151061914166333	0.0110090614425625	0.0509722982721035	0.062835696944936	0.063064607151904	0.0121701035962714	0.00853648017063703	0.00786077584373468	0.0604574064941246	0.0595355934033603	0.0546770039696928	0.0336642122530418	0.0447859999833289	0.00639169343664855	0.00210401120943389	0.0118831196086391	0.00416162602894892	0.0219504535234494	0.0051713974651153	0.0045870087520921	0.0090536697693565	0.00603728553955952	0.00442962867723574	0.0133204666367936	0	0.0476944206539004	0.0457381979251447	0.0480325999179875	0.00555492988873578	0.0240001875135962	0.00980955518997319	0.00271388278536501	0.0137639858946803	0.00204697529217152	0.0113172769732204	0.0160333699389169	0.00493429107816271	0.0333539821231666	0.0176080484708658	0.0263140289980493
HMEC_STAT_2_1	0.0884711162132005	0.10064973163883	0.108687183396841	0.0543967343204512	0.0567843644331987	0.0433069682073997	0.0608244468174626	0.0708845363307006	0.0101618122553003	0.00622852471260049	0.00796632820971709	0.0390598349024769	0.0484921362015174	0.0827248594166824	0.0860182265558928	0.0912873919420914	0.051820848027588	0.0537416222569706	0.0459919739737021	0.0547932316947919	0.0246317583725384	0.0575135471703388	0.0450651419348838	0.0415496784313278	0.0504126443282273	0.0613446994213096	0.0573965939888601	0.0474882068510397	0.0908715422870014	0.0915262789408899	0.0886346291019802	0.0456688194869213	0.0619313267266397	0.0586839131754572	0.0982827366003254	0.110310839157224	0.110514317483191	0.0594704345091035	0.0557842169127501	0.0540353936010633	0.107693393450852	0.106953700839401	0.10221222848154	0.0811755957678937	0.0923446005274274	0.0463857786632184	0.0468707597754636	0.0594964643527789	0.0498481757279599	0.069392729757344	0.0430473985346297	0.0439684838285911	0.0565082760256144	0.0459013205795687	0.0515375987524608	0.0606780120616348	0.0476944206539004	0	0.00460228717998974	0.00113699276492931	0.0441614804545042	0.0714924621425182	0.0568452364853317	0.0499187807249513	0.0614169371859814	0.0483970578227259	0.0506225759138607	0.0636973204669025	0.04276897008065	0.0149032974306313	0.0303566829565477	0.0739354865230435
HMEC_STAT_2_2	0.086119179065895	0.098311646432443	0.106592491006308	0.0522719127061808	0.0543588524050429	0.0415454507913719	0.0583644065633791	0.0681790199493978	0.0134136352255551	0.00750562646165544	0.00743108252159894	0.0365930879092316	0.046071883278628	0.0800421643556874	0.0836813552957081	0.0893611009815191	0.0488956216432663	0.0517016351655043	0.0443021583485288	0.0520807936895096	0.0233660030925807	0.0554842316224811	0.0426116933228821	0.0394211115383124	0.0486766905907175	0.0592925858590053	0.0554884710909669	0.0454338787986286	0.0938167368607025	0.0942714690563717	0.0913253485600923	0.0438539342749549	0.0595596320739802	0.0566888729735827	0.0959537537341145	0.108171879974316	0.108334945292507	0.0572469381028892	0.0535858928586853	0.0516817526967049	0.105329874325627	0.104721646928468	0.10019833501304	0.078977788472681	0.090235472656334	0.0438874405723805	0.0450929259639491	0.0574122108089885	0.0475804109279159	0.0671677640574606	0.0409009259636572	0.0417827792896011	0.0543635496184248	0.0434437555654836	0.0497568750341579	0.0584633636702728	0.0457381979251447	0.00460228717998974	0	0.00572238806906984	0.0418310078727054	0.0692898794718728	0.05458278031754	0.0480900159769544	0.0593704001140178	0.0466092518982217	0.0477674252760935	0.0616922400389448	0.0408191163484408	0.0144332819788038	0.0281741473009466	0.0718562569264973
HMEC_STAT_2_3	0.088885449693429	0.10105701961954	0.109028520185505	0.0547707660016986	0.0572341479847418	0.0436019927388246	0.0612802469183515	0.0713994404536995	0.0097293247149548	0.00618584616620146	0.00828935248952505	0.0395408668174619	0.048948350892117	0.0832289924708623	0.0864293986075727	0.0915894548256106	0.052405995217458	0.0540944924626423	0.0462648747949796	0.0553197375718726	0.0248573007573989	0.0578602392617675	0.0455339794744623	0.0419404561879454	0.050691540534159	0.0616942109866362	0.0577123013982957	0.047851652179995	0.0903463975835706	0.0910588138390707	0.0881838139539005	0.0459738124056498	0.0623632860600541	0.0590208187862056	0.0986882020428605	0.110663457846938	0.110877527357687	0.059865642554999	0.0561759319538145	0.0544688366393425	0.108105864809155	0.107331537254952	0.102533932888336	0.0815520601712219	0.0926939383629333	0.0468645838922248	0.0471647132933698	0.0598556735526497	0.0502635756952738	0.0697818510734089	0.0434404060607615	0.0443701496117236	0.0568855355978253	0.0463701784181349	0.0518265827445527	0.0610700228570775	0.0480325999179875	0.00113699276492931	0.00572238806906984	0	0.0445999027238523	0.0718746190222679	0.0572526256875689	0.0502218255587118	0.0617649577557436	0.0486915529016045	0.0511901980535127	0.0640330204648836	0.0431124691882646	0.0150202279620078	0.0307855830976527	0.0742843132321137
HMEC_STAT_3_1	0.0444294363123422	0.0566606823271287	0.064952482773826	0.0106414868625175	0.0126643413988036	0.0059358617567575	0.0167281670144716	0.0271566719905726	0.0542911152272356	0.0388644013958791	0.036335211042982	0.00536469876841447	0.0044198266331764	0.0389000289752209	0.0419728492746158	0.0478394626424104	0.0104308892212346	0.0103224797654228	0.00716133005957319	0.011513975282612	0.02070568778686	0.0140133297921737	0.00160252491846527	0.00327836756093526	0.00934096220124545	0.0177051416198364	0.0143992042692764	0.00462016048212323	0.13438044287146	0.13517077114286	0.132330197909511	0.00578920970989675	0.0178025621464206	0.0152796158471252	0.0542874984099108	0.0665230931692024	0.0666810949902001	0.0154537698085043	0.0118209737228183	0.00989036347689133	0.0637271357002446	0.0630557850243033	0.0585907715169928	0.0372247603087894	0.0485415553092686	0.00286318965941637	0.00668068780755155	0.0157861068179376	0.00577460272445516	0.0253837470918605	0.00220206659184207	0.00155739956319519	0.0126658051385178	0.00220224421663365	0.00987795647995457	0.0166747589144399	0.00555492988873578	0.0441614804545042	0.0418310078727054	0.0445999027238523	0	0.0275154611696135	0.0127729913025547	0.00822838157444153	0.0177928651485899	0.0074796656243117	0.008907826756821	0.0201697204800517	0.00414864829971312	0.0303893151353281	0.0138287222285403	0.0301672220173132
HMEC_STAT_3_2	0.0172457006686334	0.0293796191252998	0.0374760876743893	0.0171511944393118	0.0152579867779479	0.0286526607753847	0.0116033147916976	0.00912264040948359	0.0815632192703514	0.0660042908062572	0.0636110872007435	0.0328141723642412	0.023374027286988	0.0145287619863274	0.0147651156707394	0.0206920931526605	0.0230119684340083	0.017896144119371	0.0262707943111934	0.018787182428811	0.0473911491892946	0.0142010852416217	0.0268402983538494	0.0299999508567643	0.0219587980976099	0.0103985178444493	0.0147218150186911	0.0240919296295744	0.161015848932933	0.161960575694394	0.159180686446495	0.0262497332134384	0.0100538383446746	0.0131626317605984	0.0269915780884305	0.039047248799869	0.0392178106543376	0.0120719606710854	0.0157522695278044	0.0177240664722725	0.0364884653590606	0.0356216079351194	0.0311689277786796	0.00972168172601889	0.0210537979545361	0.0256550733139022	0.0251813421116189	0.0121267117807553	0.0217531303275406	0.00215087682099604	0.0285019521919065	0.0275880247986902	0.0150296902565898	0.0260242250688938	0.0207370895776368	0.0108544751995078	0.0240001875135962	0.0714924621425182	0.0692898794718728	0.0718746190222679	0.0275154611696135	0	0.0147458390380187	0.022115526715616	0.0103471727481019	0.0236919175274058	0.0234636678045061	0.00837909215104772	0.0288754818973342	0.0573148445928681	0.0412218435411771	0.00331745021598394
HMEC_STAT_3_3	0.0317368155783013	0.0439616972220987	0.052205500159746	0.00303008777115203	0.00230139840954591	0.0145817521701767	0.00485728472525664	0.0156260308462325	0.0669483267701294	0.0514352385946845	0.0489821385738772	0.0180797136881741	0.00869086186202262	0.0268166945029551	0.0292686754422075	0.0351852789057986	0.0106988780774226	0.00423005923254149	0.0126737644270084	0.00675148587814696	0.0329473390211576	0.00331436445680964	0.0121349538245975	0.0153498849125428	0.00912684991659046	0.00550119139144489	0.00491032304812243	0.00964389341562058	0.146751054564802	0.147617531316557	0.144805733143231	0.0122627907889135	0.00530025527140741	0.00421267441240126	0.0415817617505132	0.0537750023403879	0.0539357565785637	0.0027069688731703	0.00135960947355895	0.00311804204290881	0.0510479519757493	0.0503168281477215	0.0458627271923193	0.0244585759176389	0.0357865799541072	0.0110126283804901	0.0114407096912671	0.00371747529245025	0.00701718802006929	0.0126133422363921	0.0138465145520875	0.0129055134179395	0.00164878464736757	0.0113324843809998	0.00803351622058889	0.00392495149572383	0.00980955518997319	0.0568452364853317	0.05458278031754	0.0572526256875689	0.0127729913025547	0.0147458390380187	0	0.00870960467139459	0.0056080558894982	0.0101561289351861	0.0104220565687306	0.00792456178276034	0.0144436902487868	0.0428184409725834	0.0265236028836547	0.0174604490603989
HMEC_STAT_4_1	0.0393518010678644	0.0514340136237723	0.0590476638929013	0.00567985032459524	0.0101125141969254	0.00663476870356566	0.013565120325003	0.0243077469263457	0.0599184706766255	0.0442255427078372	0.0419705769593125	0.0130741381266589	0.00719857409932638	0.0352373242281692	0.0368731748364518	0.0414819273816494	0.0139724432755108	0.00453657402186062	0.00416495796182215	0.0121980445076027	0.025471341071404	0.00793533423260519	0.00879793304008173	0.00911872639983639	0.00120707684616003	0.0117210746120356	0.00752530560132104	0.00362585128169112	0.139392765753726	0.140420558497774	0.137654451791014	0.00425605907390538	0.0138498755480233	0.0089635625947356	0.049048499844089	0.0607272923217166	0.0609865149015245	0.0107003625076865	0.00735336447442598	0.00760145299267045	0.0585354173488015	0.0575043606393353	0.052482378090341	0.0316863631342661	0.0426792394338359	0.00867861579640892	0.00308449772994231	0.0100387530888412	0.00522463584103289	0.020132543391719	0.00785080701943862	0.00729999669560087	0.00758570575571288	0.00843531050915199	0.00174009234544424	0.0117533427684372	0.00271388278536501	0.0499187807249513	0.0480900159769544	0.0502218255587118	0.00822838157444153	0.022115526715616	0.00870960467139459	0	0.0117761199553987	0.0015769336908445	0.0127877413842393	0.0139313276498986	0.00734161626023249	0.0354299853238419	0.0200440862800914	0.0242401877388599
HMEC_STAT_4_2	0.0275866813410246	0.0396769070197379	0.0474550534226215	0.00715684886946211	0.00729120488466092	0.0183478577258501	0.00625334732223021	0.0142716641982775	0.071463393792422	0.05583525143353	0.0534994819250582	0.0231562875111162	0.0140392932296008	0.0239909472910959	0.0251075662935012	0.0301020191209271	0.0160776279467412	0.00769291210272127	0.0159281371311702	0.0118792856997508	0.0371475063551788	0.00391384811118158	0.0173839618784375	0.0199774963982105	0.0116217884042045	0.000111026951555435	0.0044224093137695	0.0139672585501918	0.150935447754034	0.15192467838172	0.149152466292364	0.0159431658525762	0.00491014080446315	0.00281575082528214	0.0372896595022265	0.049097274729435	0.0493249517380246	0.00328717149663124	0.00610413599646139	0.0086817683386975	0.0467835747373541	0.0458006232795501	0.0409708851869755	0.0199311000320973	0.0310359698098089	0.0163789180079683	0.0148499037484174	0.00201795860762225	0.0120673875028635	0.0084108787490649	0.018501184675322	0.017640900914638	0.00515686832417109	0.0166214049754744	0.0103976319799414	0.00261069838678254	0.0137639858946803	0.0614169371859814	0.0593704001140178	0.0617649577557436	0.0177928651485899	0.0103471727481019	0.0056080558894982	0.0117761199553987	0	0.0133524954358925	0.0159483902284562	0.00238688076321711	0.0186845541047313	0.0470936887533836	0.0312283411327277	0.0125548587970902
HMEC_STAT_4_3	0.0409271011098418	0.053006522468645	0.0605981621336184	0.00713892663398938	0.0114172053136385	0.00509691526347834	0.0149975428225957	0.0257768777368989	0.0583858438404153	0.0426837865943241	0.0404453860971981	0.0119891789918646	0.00734583554040503	0.0367760347836142	0.0384486724112984	0.043012855045522	0.0144509465392584	0.00604847664917841	0.00259356216605092	0.013101779444038	0.0239208733875054	0.00951027348266134	0.00830419314581569	0.00789223780853527	0.00212908476690732	0.0132976762310288	0.00908684686261873	0.00317430819804174	0.137849429518983	0.138884241023961	0.136119639246938	0.00276331641017073	0.015351625836761	0.0105395062660721	0.0506213064450677	0.0622822071855285	0.0625453754259757	0.0122330552394669	0.00881002046665005	0.00876917810863128	0.0601070516906813	0.0590688938710596	0.0540243400612198	0.0332590232330238	0.0442378851177747	0.00843599039282257	0.00152907022564447	0.0116121660773933	0.00573540550194458	0.0217079923918296	0.00674451587430766	0.00634086662254669	0.00910579959930931	0.00808343065732784	0.00315235454750526	0.0133027669941134	0.00204697529217152	0.0483970578227259	0.0466092518982217	0.0486915529016045	0.0074796656243117	0.0236919175274058	0.0101561289351861	0.0015769336908445	0.0133524954358925	0	0.0131667943723609	0.0155004029226499	0.00597160913546873	0.0338791947929558	0.0186174671228933	0.0258072248103416
HMEC_STAT_G2_3B_1	0.0391582963518056	0.0513001245284883	0.0602965917598805	0.0105426907620613	0.00873629412968589	0.0143373322247334	0.0118684876250102	0.0205224962309044	0.0607379618295996	0.0458003156812049	0.0430727166184118	0.0122515771251185	0.00590392299262688	0.0324085689113979	0.0367988593727254	0.0441201215963807	0.00152347469517983	0.0112573728570364	0.0143929242246006	0.00469302563145684	0.0285858893016821	0.0133710878287907	0.00733062069764002	0.0121382133143759	0.0139319280604435	0.0158383835960016	0.014642085879312	0.0102568020021226	0.140890462174439	0.141455438162052	0.138555937895625	0.013155989817786	0.0135085433046667	0.0145022733042913	0.0489801458434044	0.0617081289748607	0.0617373904507108	0.0127345577013924	0.0104407742532128	0.00768390511097058	0.0582312462297194	0.0579808440478864	0.0542973652727857	0.0327452189777512	0.044110563998601	0.00607757741001242	0.013354824862123	0.0141349034431528	0.00756348320831099	0.0213549398713128	0.0110767980860523	0.0102276529495207	0.011475118923446	0.0067389944367732	0.013635321483507	0.0137709793690295	0.0113172769732204	0.0506225759138607	0.0477674252760935	0.0511901980535127	0.008907826756821	0.0234636678045061	0.0104220565687306	0.0127877413842393	0.0159483902284562	0.0131667943723609	0	0.0181469757904438	0.0128745786559888	0.0377744695092616	0.021064025109964	0.0265870720746463
HMEC_STAT_G2_3B_2	0.0255346245343272	0.0375484887512713	0.0451818671644489	0.00952993796503384	0.00942218570010656	0.0205462774283713	0.00758994812918381	0.0136463073069154	0.0737275996760391	0.0580829127051823	0.0557731068766887	0.0255329897321915	0.0164231396845531	0.0224887343925429	0.0230623677915843	0.0277591358878153	0.0181847386999425	0.0100096469040966	0.0180493608757893	0.0139170823360621	0.0393706164891689	0.0062213537335708	0.0197703922482527	0.022309893645887	0.0136717050058824	0.00248152615975941	0.00642646647838211	0.0162851873960717	0.153092329040023	0.154111899868394	0.151350366094283	0.0181460160727886	0.005932440725822	0.00502493764989646	0.0351628618977925	0.0468424704040103	0.0470883412406157	0.00541377342663474	0.00848633223748685	0.0110252881128499	0.0446522924942206	0.0435936362108855	0.03866553355334	0.0177781389680861	0.0287774382819931	0.018762808528683	0.0170151813983391	0.0044048259708469	0.0144520864441653	0.00663838710344727	0.0208408621547505	0.0199921920888184	0.00754367783912645	0.0190077530902356	0.0124609305671278	0.00442800776612504	0.0160333699389169	0.0636973204669025	0.0616922400389448	0.0640330204648836	0.0201697204800517	0.00837909215104772	0.00792456178276034	0.0139313276498986	0.00238688076321711	0.0155004029226499	0.0181469757904438	0	0.0209644097002523	0.0493210923121212	0.03355352955056	0.0103120435815454
HMEC_STAT_G2_3B_3	0.0460460324509676	0.058218549904828	0.066104271268195	0.0117450833198191	0.0149461121687026	0.00198840243615145	0.018948068401923	0.0296923289879785	0.0528248460557338	0.0371858906553533	0.034837832463563	0.00646024175426141	0.00756076560384007	0.0411853709355331	0.0435701872066533	0.0486654409058203	0.0143852917388277	0.0110032997348639	0.00429221432419715	0.0148284982018292	0.0185472212608855	0.0147715691447903	0.00572856068700808	0.00221245649778278	0.00810048236445615	0.018614054691721	0.0146898051045139	0.00481080113206299	0.132631245102846	0.133565440163306	0.130767029384899	0.0032813494866031	0.0197235375253784	0.0159404711321514	0.0558348194793266	0.0677467292251424	0.0679692027843319	0.0169387155515573	0.0132498849032584	0.0120474201252471	0.0653133448143928	0.0644297347865014	0.0596015853300716	0.0385576977033579	0.0497039707735639	0.00681442586777929	0.00456176978708292	0.0167818599543435	0.00778312213277654	0.026806344422779	0.0020097008154608	0.00266490906660304	0.0138690091589624	0.00616487608282863	0.00906098156303309	0.0181184180695424	0.00493429107816271	0.04276897008065	0.0408191163484408	0.0431124691882646	0.00414864829971312	0.0288754818973342	0.0144436902487868	0.00734161626023249	0.0186845541047313	0.00597160913546873	0.0128745786559888	0.0209644097002523	0	0.0284718512416567	0.012712429096535	0.0312350844328295
HMEC_STAT_G2_3C_1	0.0744488239964501	0.0865994301263168	0.094359831110881	0.0402046532266025	0.0430047313342047	0.0288014146761834	0.0470669053910764	0.0574897393771432	0.024633837002276	0.00887414326688719	0.00713988049408839	0.0256582377346872	0.0348012661660356	0.069233395297741	0.0719794180357131	0.0768000481717972	0.0391168522547648	0.0394514704386752	0.0314030269579001	0.0415624912305263	0.0099647900982208	0.0431893077682543	0.0314915253224713	0.0275077339417034	0.0358384590601642	0.0470279249391041	0.042946634304159	0.0332666380348244	0.104506633481119	0.105444993841719	0.102639317910972	0.031195657972445	0.0480277029628906	0.0443167618052484	0.0842215943487741	0.0960296587738487	0.0962764174317849	0.0453724503067115	0.0416773764951176	0.0401678476903456	0.0936754836541083	0.0927735583112991	0.0878042827014431	0.0669701361114594	0.0780299126410867	0.0328701452114245	0.0323534838432836	0.0452246940930341	0.0358943237755309	0.0552498888969498	0.0290067315487563	0.0299709609754961	0.0423268351224517	0.0323194430882527	0.0369963260237724	0.0465612120432956	0.0333539821231666	0.0149032974306313	0.0144332819788038	0.0150202279620078	0.0303893151353281	0.0573148445928681	0.0428184409725834	0.0354299853238419	0.0470936887533836	0.0338791947929558	0.0377744695092616	0.0493210923121212	0.0284718512416567	0	0.0167528164834826	0.0596100244597456
HMEC_STAT_G2_3C_2	0.0582158895075462	0.0704304259433625	0.078579246108905	0.0241305463358255	0.0264869265816036	0.0136637734006681	0.0305453548348111	0.0408294686945321	0.0404887982153972	0.0250681142620249	0.0225146070169907	0.00891082033952717	0.0181994308972934	0.052637114484158	0.0557563846041868	0.0612789239588137	0.0224369158364829	0.0235485270410262	0.01648370199935	0.0248303018583121	0.00777680035780356	0.02733607585939	0.0148152207161834	0.0112569521381606	0.0207282153790848	0.0311508023361555	0.02736926857402	0.017274100891182	0.120754167437856	0.121531668707334	0.118681537685112	0.0158581535760235	0.0316201355763645	0.0285449242913591	0.0680565174684652	0.0801817100805941	0.0803659280342286	0.0291642731737806	0.0254794792489467	0.0237111965322462	0.0774967695977231	0.0767734809229271	0.072145749123517	0.0509314786097583	0.0621784411420086	0.0161762928125601	0.0171294504014357	0.0292712210006551	0.0195128093283567	0.0391086825541675	0.0127437280053638	0.0136438726277023	0.0262331535647136	0.0156502090253182	0.0217482910229185	0.0303775982889836	0.0176080484708658	0.0303566829565477	0.0281741473009466	0.0307855830976527	0.0138287222285403	0.0412218435411771	0.0265236028836547	0.0200440862800914	0.0312283411327277	0.0186174671228933	0.021064025109964	0.03355352955056	0.012712429096535	0.0167528164834826	0	0.0437439232489943
HMEC_STAT_G2_3C_3	0.0154783633821581	0.0273072667000803	0.0349136716251753	0.0196275973450326	0.0182051660395866	0.0308539897363871	0.0147254579985894	0.0118782383648363	0.0839711510170561	0.0683558194227129	0.066027256261333	0.0355065892535036	0.0261465624464188	0.014669021731594	0.0130517180326019	0.0177381004770911	0.0261958530910337	0.0202433586517288	0.0283470934015253	0.0219346061900595	0.0496671490049375	0.016468000815319	0.0295916203369115	0.0324967729754858	0.0239495906211045	0.0126261328671617	0.0167260962705291	0.0265095063793247	0.163211086471408	0.164231486966667	0.161476250491294	0.0284537938857703	0.0130962346830852	0.0153191392504437	0.0249262555385767	0.0365552009660066	0.0367901852115386	0.0147546152915329	0.0183499016763618	0.0205191374697006	0.0344034031282824	0.0332909442031655	0.0284601501991161	0.00756021371004514	0.0184850978764554	0.0284580041023433	0.0273233972993221	0.0144855483786499	0.0243958338344871	0.00526958120424442	0.0310112615505839	0.0301283302788358	0.0175369769419052	0.028789764773668	0.0227485055312906	0.0135361054550715	0.0263140289980493	0.0739354865230435	0.0718562569264973	0.0742843132321137	0.0301672220173132	0.00331745021598394	0.0174604490603989	0.0242401877388599	0.0125548587970902	0.0258072248103416	0.0265870720746463	0.0103120435815454	0.0312350844328295	0.0596100244597456	0.0437439232489943	0
