Sample	JSDistance_OM4_B_B	S1038_OM4_0.01_selected	S1038_OM4_0.01_JSD	S1050_OM4_0.01_selected	S1050_OM4_0.01_JSD	S1062_OM4_0.01_selected	S1062_OM4_0.01_JSD	S1070_OM4_0.01_selected	S1070_OM4_0.01_JSD	S1074_OM4_0.01_selected	S1074_OM4_0.01_JSD	S1149_OM4_0.01_selected	S1149_OM4_0.01_JSD	S1163_OM4_0.01_selected	S1163_OM4_0.01_JSD	S1181_OM4_0.01_selected	S1181_OM4_0.01_JSD	S1230_OM4_0.01_selected	S1230_OM4_0.01_JSD	S1292_OM4_0.01_selected	S1292_OM4_0.01_JSD	S1316_OM4_0.01_selected	S1316_OM4_0.01_JSD	S1322_OM4_0.01_selected	S1322_OM4_0.01_JSD	S1330_OM4_0.01_selected	S1330_OM4_0.01_JSD	S1334_OM4_0.01_selected	S1334_OM4_0.01_JSD	S1377_OM4_0.01_selected	S1377_OM4_0.01_JSD	S1411_OM4_0.01_selected	S1411_OM4_0.01_JSD	S293_OM4_0.01_selected	S293_OM4_0.01_JSD	S321_OM4_0.01_selected	S321_OM4_0.01_JSD	S438_OM4_0.01_selected	S438_OM4_0.01_JSD	S498_OM4_0.01_selected	S498_OM4_0.01_JSD	S506_OM4_0.01_selected	S506_OM4_0.01_JSD	S538_OM4_0.01_selected	S538_OM4_0.01_JSD	S542_OM4_0.01_selected	S542_OM4_0.01_JSD	S574_OM4_0.01_selected	S574_OM4_0.01_JSD	S598_OM4_0.01_selected	S598_OM4_0.01_JSD	S600_OM4_0.01_selected	S600_OM4_0.01_JSD	S644_OM4_0.01_selected	S644_OM4_0.01_JSD	S686_OM4_0.01_selected	S686_OM4_0.01_JSD	S771_OM4_0.01_selected	S771_OM4_0.01_JSD
OM4_B_B	0	OM4_B_B_3	0	OM4_B_B_3	0	OM4_B_B_2	0	OM4_B_B_3	0	OM4_B_B_3	0	OM4_B_B_1	0	OM4_B_B_3	0	OM4_B_B_2	0	OM4_B_B_2	0	OM4_B_B_2	0	OM4_B_B_2	0	OM4_B_B_1	0	OM4_B_B_3	0	OM4_B_B_2	0	OM4_B_B_2	0	OM4_B_B_1	0	OM4_B_B_1	0	OM4_B_B_2	0	OM4_B_B_1	0	OM4_B_B_1	0	OM4_B_B_3	0	OM4_B_B_2	0	OM4_B_B_3	0	OM4_B_B_3	0	OM4_B_B_3	0	OM4_B_B_1	0	OM4_B_B_1	0	OM4_B_B_2	0	OM4_B_B_1	0
OM4_C_1A	0.737289113199193	OM4_C_1A_1	0.0535281859706905	OM4_C_1A_2	0.00747834775863623	NA	NA	NA	NA	OM4_C_1A_2	0.00508411002155428	OM4_C_1A_2	0.00955037024328533	OM4_C_1A_3	0.00860711062957632	OM4_C_1A_2	0.10830145469234	OM4_C_1A_2	0.00883957767348554	OM4_C_1A_2	0.0109832764980623	OM4_C_1A_1	0.125496440493964	NA	NA	OM4_C_1A_1	0.0606345458649905	OM4_C_1A_3	0.0354015576229424	OM4_C_1A_2	0.0466889137768058	OM4_C_1A_2	0.00901947757856122	OM4_C_1A_3	0.0331160795551155	OM4_C_1A_1	0.00985270538811641	OM4_C_1A_3	0.0169243167302142	OM4_C_1A_3	0.0048172690314875	OM4_C_1A_2	0.0177282063933095	OM4_C_1A_3	0.00735168605597797	OM4_C_1A_3	0.0280750545125206	OM4_C_1A_1	0.0186330326341601	OM4_C_1A_3	0.0410697633818909	OM4_C_1A_1	0.00734872107516912	OM4_C_1A_2	0.0106810369786035	OM4_C_1A_2	0.0170285071240893	OM4_C_1A_2	0.0350493655136436
OM4_C_1C	0.535296634090228	OM4_C_1C_2	0.0300438994693461	OM4_C_1C_2	0.00876684675317361	NA	NA	NA	NA	OM4_C_1C_2	0.0344714682418857	OM4_C_1C_2	0.00318007736577053	OM4_C_1C_3	0.0048793699878617	OM4_C_1C_2	0.00675918786183387	OM4_C_1C_1	0.00424721560965447	OM4_C_1C_1	0.0169819180865834	OM4_C_1C_2	0.0144741086205823	NA	NA	OM4_C_1C_2	0.0785686050213239	OM4_C_1C_2	0.0131351773554654	OM4_C_1C_2	0.0342785796214546	OM4_C_1C_2	0.00993211585657064	OM4_C_1C_3	0.0101269963930077	OM4_C_1C_2	0.0126774613081425	OM4_C_1C_2	0.0830006833855083	NA	NA	OM4_C_1C_3	0.0463494516043137	OM4_C_1C_2	0.0156850357915636	OM4_C_1C_3	0.019637450774679	OM4_C_1C_1	0.00297465079817556	OM4_C_1C_1	0.00482716465761228	OM4_C_1C_2	0.0172528250367907	OM4_C_1C_2	0.0179684234213656	NA	NA	OM4_C_1C_3	0.0450779210675632
OM4_C_1D	0.64481557661589	OM4_C_1D_2	0.0351601842115571	OM4_C_1D_1	0.00432996868024292	NA	NA	NA	NA	OM4_C_1D_2	0.195145818282725	OM4_C_1D_1	0.0177838587165054	OM4_C_1D_3	0.0133611194830978	OM4_C_1D_1	0.00636571235164894	OM4_C_1D_2	0.00401519669721902	OM4_C_1D_2	0.0150684717982406	OM4_C_1D_1	0.0062297306633197	OM4_C_1D_2	0.0141406124222367	OM4_C_1D_2	0.0851322621366293	OM4_C_1D_1	0.0135968600400354	OM4_C_1D_1	0.0145261845140222	OM4_C_1D_2	0.00796265524662129	OM4_C_1D_1	0.00419619371978593	OM4_C_1D_1	0.00739832751776566	NA	NA	NA	NA	OM4_C_1D_2	0.0235848170422257	OM4_C_1D_1	0.0283012367042414	OM4_C_1D_2	0.0339305730911708	OM4_C_1D_2	0.0182536236373721	OM4_C_1D_3	0.0235133387924362	OM4_C_1D_1	0.00692287812588368	OM4_C_1D_2	0.00596930574578725	OM4_C_1D_2	0.0259844029746168	OM4_C_1D_3	0.0339422440205034
OM4_C_1E	0.773046877491261	OM4_C_1E_3	0.0494812773189796	NA	NA	NA	NA	OM4_C_1E_3	0.0157580431774179	OM4_C_1E_2	0.100402465945382	OM4_C_1E_2	0.0124458809452019	OM4_C_1E_3	0.0166708160155583	OM4_C_1E_3	0.0301675346796107	OM4_C_1E_2	0.0144937459861957	OM4_C_1E_1	0.00152959992261638	OM4_C_1E_1	0.0097682126280332	NA	NA	OM4_C_1E_3	0.049863547151991	OM4_C_1E_3	0.0658316559854328	OM4_C_1E_1	0.0225390504510486	OM4_C_1E_2	0.0204294676937886	OM4_C_1E_2	0.0298876082759932	OM4_C_1E_1	0.01073313663557	OM4_C_1E_2	0.00271984305050927	OM4_C_1E_3	0.0255284517461181	OM4_C_1E_3	0.0395145230045382	OM4_C_1E_1	0.0162677563074024	OM4_C_1E_3	0.06100708082402	OM4_C_1E_1	0.00716567179423127	OM4_C_1E_1	0.0212334552026393	OM4_C_1E_2	0.00763381254677622	OM4_C_1E_3	0.039540088301449	OM4_C_1E_2	0.0395794118302073	OM4_C_1E_1	0.0628547400705491
OM4_C_1F	0.64976537335752	OM4_C_1F_1	0.0318075337966532	OM4_C_1F_1	0.0288243800751171	OM4_C_1F_2	0.0220076332437592	OM4_C_1F_1	0.00721979723719043	OM4_C_1F_2	0.106290333810145	OM4_C_1F_2	0.0148611994213209	OM4_C_1F_3	0.0217040911656953	OM4_C_1F_1	0.0117527857894343	OM4_C_1F_1	0.00775101843899942	OM4_C_1F_1	0.0148184163899158	OM4_C_1F_1	0.00326191366093382	OM4_C_1F_1	0.00721773595591392	OM4_C_1F_1	0.0785526567208851	OM4_C_1F_1	0.0199871948136929	OM4_C_1F_1	0.0120008307015771	OM4_C_1F_3	0.0258097978476696	OM4_C_1F_1	0.00201457647858504	OM4_C_1F_1	0.0192763414332094	OM4_C_1F_1	0.0378963285543831	OM4_C_1F_2	0.027848908011447	OM4_C_1F_3	0.0270958449295863	OM4_C_1F_3	0.0152370739491607	OM4_C_1F_3	0.0370312317767315	OM4_C_1F_3	0.0146689462763127	OM4_C_1F_3	0.00733874507368254	OM4_C_1F_3	0.0127981780675905	OM4_C_1F_1	0.013749315861748	NA	NA	OM4_C_1F_1	0.0209425638761805
OM4_C_1G	0.62124344692674	OM4_C_1G_3	0.0730052492936601	OM4_C_1G_1	0.00145694876288314	OM4_C_1G_1	0.00620117575349814	OM4_C_1G_1	0.0414718783276242	OM4_C_1G_1	0.0839391178673019	OM4_C_1G_2	0.00410429786178944	OM4_C_1G_3	0.016845217147319	OM4_C_1G_2	0.0194621570740405	OM4_C_1G_2	0.00450833037934376	OM4_C_1G_1	0.00408027876660837	OM4_C_1G_1	0.0590459635983144	OM4_C_1G_1	0.00701487886789197	OM4_C_1G_3	0.0311508499901105	OM4_C_1G_3	0.0363209065610185	OM4_C_1G_2	0.0330531262848374	OM4_C_1G_1	0.00624803067610633	OM4_C_1G_3	0.00494765072670419	OM4_C_1G_1	0.0153619680737533	OM4_C_1G_2	0.0114862053510897	OM4_C_1G_2	0.0152894318721285	OM4_C_1G_1	0.013629577820503	OM4_C_1G_2	0.0021762659292261	OM4_C_1G_3	0.0500351757531975	OM4_C_1G_1	0.0243062322065381	OM4_C_1G_1	0.00880488454728403	OM4_C_1G_2	0.0186165847173515	NA	NA	OM4_C_1G_1	0.0110395238076291	OM4_C_1G_1	0.0176415389089873
OM4_C_1H	0.660531852941361	OM4_C_1H_2	0.0751046588738337	OM4_C_1H_2	0.0153955813276596	OM4_C_1H_2	0.0104190051734642	OM4_C_1H_2	0.0997092968565558	OM4_C_1H_1	0.0221917423974251	OM4_C_1H_1	0.0107193667087381	OM4_C_1H_3	0.0168347267483652	OM4_C_1H_2	0.00205583204792747	OM4_C_1H_1	0.0112015957818396	OM4_C_1H_1	0.00863007559930276	OM4_C_1H_1	0.00902783383844145	OM4_C_1H_3	0.00694383327543533	OM4_C_1H_2	0.079545818549773	OM4_C_1H_2	0.0395509305134392	NA	NA	OM4_C_1H_1	0.0130190662089136	OM4_C_1H_2	0.0128429612998182	OM4_C_1H_1	0.016738961190111	OM4_C_1H_2	0.025612860602791	OM4_C_1H_2	0.0105726927111726	OM4_C_1H_3	0.019691790204711	OM4_C_1H_1	0.015809520832371	OM4_C_1H_3	0.0448141291784392	OM4_C_1H_1	0.0150083056878224	OM4_C_1H_3	0.0100435319073901	OM4_C_1H_1	0.0174139326590218	OM4_C_1H_2	0.0516338027665988	NA	NA	NA	NA
OM4_C_2A	0.402982037436565	OM4_C_2A_2	0.020757670208585	OM4_C_2A_1	0.00618008190295551	NA	NA	OM4_C_2A_1	0.0123888706908922	OM4_C_2A_3	0.0103847441473363	OM4_C_2A_2	0.00197889379769894	OM4_C_2A_3	0.00436416174916658	OM4_C_2A_2	0.00859228567560198	OM4_C_2A_1	0.0096499612807777	OM4_C_2A_1	0.0110845832977555	OM4_C_2A_3	0.0202770404507432	OM4_C_2A_2	0.0100537126230057	OM4_C_2A_2	0.0739675811033498	OM4_C_2A_2	0.0195188923022683	NA	NA	OM4_C_2A_2	0.00510131047111002	OM4_C_2A_1	0.00520627926086389	NA	NA	OM4_C_2A_1	0.044318957817878	OM4_C_2A_3	0.00283375627752383	OM4_C_2A_1	0.0359373374155942	OM4_C_2A_3	0.0133280711019954	OM4_C_2A_3	0.031454135457607	OM4_C_2A_3	0.0107201871515878	OM4_C_2A_2	0.00512752340770984	OM4_C_2A_3	0.00686840211194514	OM4_C_2A_1	0.0107813929860109	OM4_C_2A_2	0.0110780017575039	OM4_C_2A_1	0.0110282029890979
OM4_C_2B	0.65293722236101	OM4_C_2B_1	0.0362235023003502	OM4_C_2B_1	0.0161825952674078	OM4_C_2B_3	0.0270510012935164	NA	NA	OM4_C_2B_3	0.0374004773508073	OM4_C_2B_1	0.0222409529491856	OM4_C_2B_3	0.0238069187637095	OM4_C_2B_1	0.00430758942316441	OM4_C_2B_2	0.0637535877274079	OM4_C_2B_1	0.01927305749832	OM4_C_2B_1	0.000290408484878326	NA	NA	OM4_C_2B_3	0.0636292796881986	OM4_C_2B_2	0.00474694600284124	OM4_C_2B_2	0.0244964740347128	OM4_C_2B_1	0.00810252050923896	OM4_C_2B_2	0.0902317145839263	OM4_C_2B_1	0.0189416065204003	OM4_C_2B_1	0.0287455658583685	OM4_C_2B_1	0.0148238305243453	OM4_C_2B_1	0.0274550030388266	OM4_C_2B_3	0.00509504746781753	OM4_C_2B_3	0.0219111748781745	OM4_C_2B_1	0.00840352987074159	OM4_C_2B_1	0.00735162205865195	OM4_C_2B_3	0.0162419149579605	OM4_C_2B_1	0.0100853909741768	OM4_C_2B_3	0.0387144622404248	OM4_C_2B_1	0.013431048093457
OM4_C_2C	0.620023351861806	OM4_C_2C_2	0.0222420158951895	OM4_C_2C_2	0.00127487361850433	OM4_C_2C_2	0.0235816608868044	OM4_C_2C_3	0.107020807475716	OM4_C_2C_2	0.0740263756497362	OM4_C_2C_2	0.00765206738522697	OM4_C_2C_3	0.00617102723443284	OM4_C_2C_2	0.0101833864066684	OM4_C_2C_2	0.00124299320438642	OM4_C_2C_2	0.00413700343675978	NA	NA	NA	NA	OM4_C_2C_2	0.0744455869365471	OM4_C_2C_3	0.0192371687429493	OM4_C_2C_1	0.0139357532650545	OM4_C_2C_2	0.00461591401598593	OM4_C_2C_3	0.0286822706517266	OM4_C_2C_1	0.0103537578821132	OM4_C_2C_2	0.0433912925246617	OM4_C_2C_2	0.0131080287967437	OM4_C_2C_1	0.0510954676684664	OM4_C_2C_1	0.0240683071037281	OM4_C_2C_3	0.0094598178311784	OM4_C_2C_3	0.0208827885108119	OM4_C_2C_1	0.0242357927489629	OM4_C_2C_2	0.0121996587722918	NA	NA	OM4_C_2C_2	0.0127795352171595	NA	NA
OM4_C_2D	0.702185580782637	OM4_C_2D_3	0.0155532639839273	OM4_C_2D_2	0.00922080388224224	OM4_C_2D_2	0.0143497619974775	OM4_C_2D_2	0.0787639046338982	OM4_C_2D_1	0.0624986049228264	OM4_C_2D_1	0.0176107207898037	OM4_C_2D_3	0.011854977841605	OM4_C_2D_2	0.00342937917746417	OM4_C_2D_2	0.0057084495242325	OM4_C_2D_1	0.0110173880053157	OM4_C_2D_1	0.0151475086753526	NA	NA	OM4_C_2D_3	0.0698832281809056	OM4_C_2D_2	0.041476120374734	OM4_C_2D_1	0.00817770079341828	OM4_C_2D_2	0.0107356709738936	OM4_C_2D_1	0.00534980951940124	OM4_C_2D_1	0.0088809159416801	OM4_C_2D_1	0.0338547796389151	OM4_C_2D_2	0.0488075313811994	OM4_C_2D_1	0.0306148532473174	OM4_C_2D_1	0.0242255845986413	OM4_C_2D_3	0.0179420145525465	OM4_C_2D_1	0.03271875228541	OM4_C_2D_3	0.0225281615325162	OM4_C_2D_3	0.0223973852975774	OM4_C_2D_2	0.040562182027963	NA	NA	OM4_C_2D_1	0.0388761270023728
OM4_C_2E	0.704190434016318	OM4_C_2E_3	0.0538428848022696	OM4_C_2E_2	0.000161673323086795	NA	NA	OM4_C_2E_3	0.0894927409109133	OM4_C_2E_1	0.0495108809884112	OM4_C_2E_2	0.0151905278002845	OM4_C_2E_3	0.0163644509160346	OM4_C_2E_2	0.00724611771887201	OM4_C_2E_2	0.00612873255085072	OM4_C_2E_2	0.00235918772617733	OM4_C_2E_2	0.0122222785386923	NA	NA	OM4_C_2E_3	0.0807525044603867	NA	NA	OM4_C_2E_2	0.00974739451916577	OM4_C_2E_2	0.0161344264238867	NA	NA	OM4_C_2E_1	0.0156994400724578	OM4_C_2E_2	0.0628676225175179	OM4_C_2E_2	0.0424579325662874	OM4_C_2E_2	0.0408363840417101	OM4_C_2E_1	0.0257248081658181	OM4_C_2E_3	0.0226620606680661	OM4_C_2E_2	0.036175725001125	OM4_C_2E_1	0.0211246372037105	OM4_C_2E_3	0.0252436980090628	OM4_C_2E_2	0.0186842997807053	NA	NA	OM4_C_2E_2	0.0335600253108258
OM4_C_2F	0.561023902000646	OM4_C_2F_1	0.0191350953457255	OM4_C_2F_1	0.00072207307061855	NA	NA	OM4_C_2F_1	0.0148915851206829	OM4_C_2F_2	0.0883346661698288	OM4_C_2F_1	0.00682515120613416	OM4_C_2F_3	0.0159337106381383	OM4_C_2F_1	0.00633153284501901	OM4_C_2F_1	0.0056513661632186	OM4_C_2F_1	0.00596061419227983	OM4_C_2F_2	0.00760410447888184	OM4_C_2F_1	0.0101162125173536	OM4_C_2F_1	0.0648771369378145	OM4_C_2F_1	0.0211476347625777	OM4_C_2F_1	0.0187895781665663	OM4_C_2F_1	0.0143597397806787	OM4_C_2F_1	0.0171245093361236	OM4_C_2F_3	0.0140998338346645	NA	NA	OM4_C_2F_1	0.0526763446194965	OM4_C_2F_3	0.0151208653404156	OM4_C_2F_2	0.028131269903873	OM4_C_2F_3	0.0313671003193093	OM4_C_2F_1	0.0308994249588597	OM4_C_2F_3	0.0131253543556631	OM4_C_2F_3	0.0228592002537031	OM4_C_2F_1	0.0102955670064052	NA	NA	OM4_C_2F_1	0.0246442306766138
OM4_C_2G	0.667472165730256	OM4_C_2G_1	0.0622450023196806	OM4_C_2G_1	0.0014219574418653	OM4_C_2G_2	0.0307104939694823	OM4_C_2G_2	0.0214445211539108	OM4_C_2G_1	0.0436079678404597	OM4_C_2G_1	0.00968258093218291	OM4_C_2G_3	0.00958314007578596	OM4_C_2G_3	0.0159571410203955	OM4_C_2G_1	0.00616140722830917	OM4_C_2G_1	0.00432141193046135	OM4_C_2G_1	0.0188041555714939	NA	NA	OM4_C_2G_1	0.0633518619387215	OM4_C_2G_3	0.0592920257769622	OM4_C_2G_2	0.0138371077620073	OM4_C_2G_2	0.00596436469499007	OM4_C_2G_2	0.0392048385818659	OM4_C_2G_3	0.0146261029862654	OM4_C_2G_2	0.03513359576441	OM4_C_2G_2	0.0545568421912363	OM4_C_2G_1	0.0285153655679891	OM4_C_2G_1	0.00657733053663746	OM4_C_2G_3	0.00478882286705748	OM4_C_2G_1	0.00336562775146599	OM4_C_2G_1	0.0102892830720666	OM4_C_2G_2	0.00827011194305512	OM4_C_2G_1	0.0182792754644603	OM4_C_2G_3	0.0413368583611863	OM4_C_2G_2	0.0361429709858515
OM4_C_3A	0.539844968572062	OM4_C_3A_3	0.0443059835406581	NA	NA	OM4_C_3A_2	0.0290553084212215	OM4_C_3A_1	0.016961532391535	OM4_C_3A_1	0.0190569243893715	OM4_C_3A_3	0.0111715099393205	OM4_C_3A_3	0.038703657765795	OM4_C_3A_2	0.00584343436239959	OM4_C_3A_1	0.0125921195151997	OM4_C_3A_2	0.0042127021722323	OM4_C_3A_2	0.00633635915019165	OM4_C_3A_1	0.0108302142206675	OM4_C_3A_2	0.0603538400819405	OM4_C_3A_1	0.0194901407006924	OM4_C_3A_1	0.0455676278907031	OM4_C_3A_3	0.0121222429748869	OM4_C_3A_1	0.00537600379589356	OM4_C_3A_1	0.0140976755563618	OM4_C_3A_3	0.0317691188967595	OM4_C_3A_3	0.0265355101513212	OM4_C_3A_3	0.0322218420826844	OM4_C_3A_1	0.0165910950178165	OM4_C_3A_3	0.0357122974773762	OM4_C_3A_3	0.0133516326528684	OM4_C_3A_3	0.00528568415325421	OM4_C_3A_2	0.00377474406384212	NA	NA	OM4_C_3A_3	0.0185257672070691	NA	NA
OM4_C_3B	0.516848794692539	OM4_C_3B_3	0.0141967204641598	OM4_C_3B_3	0.000489720982293179	NA	NA	OM4_C_3B_3	0.0916894252605413	OM4_C_3B_3	0.0412356308471012	OM4_C_3B_2	0.0136078289844277	OM4_C_3B_3	0.00624212140861294	OM4_C_3B_1	0.0124776418058757	OM4_C_3B_1	0.0524083054073456	OM4_C_3B_1	0.00203065257994929	OM4_C_3B_2	8.87649500438756e-05	OM4_C_3B_1	0.00188568283885511	OM4_C_3B_2	0.0536953141735269	OM4_C_3B_1	0.00744919369984418	NA	NA	OM4_C_3B_2	0.0127361871796464	OM4_C_3B_1	0.0359348670921831	OM4_C_3B_3	0.0137192765801995	OM4_C_3B_3	0.0152557350339093	OM4_C_3B_2	0.0272593618639554	OM4_C_3B_2	0.034109121655866	OM4_C_3B_2	0.0167792776202114	OM4_C_3B_3	0.0140905358904823	OM4_C_3B_3	0.03015506612129	OM4_C_3B_3	0.00452211767110766	OM4_C_3B_2	0.00779373650419703	OM4_C_3B_1	0.00699650807691371	NA	NA	NA	NA
OM4_C_3C	0.606491481198846	OM4_C_3C_3	0.0154388144377798	OM4_C_3C_2	0.0171185376764921	OM4_C_3C_2	0.00457030610151937	OM4_C_3C_1	0.0157181838916869	OM4_C_3C_3	0.166645556739736	OM4_C_3C_2	0.00139598992593849	OM4_C_3C_3	0.00791849344720888	OM4_C_3C_2	0.00110000783957401	OM4_C_3C_1	0.00311610286340684	OM4_C_3C_1	0.0173340103426746	OM4_C_3C_1	0.0068807201919305	OM4_C_3C_2	0.0106027788683236	OM4_C_3C_3	0.0742629020017612	OM4_C_3C_2	0.00627692547360422	OM4_C_3C_1	0.0287146865485783	OM4_C_3C_2	0.00600796172416641	OM4_C_3C_1	0.012193456953563	OM4_C_3C_1	0.0176137579635781	OM4_C_3C_1	0.0352774313732322	OM4_C_3C_2	0.0160612232580742	OM4_C_3C_3	0.0527522218138966	OM4_C_3C_3	0.0179584674391285	OM4_C_3C_3	0.0158007896832903	OM4_C_3C_3	0.00481504169538676	OM4_C_3C_3	0.0131446573755095	OM4_C_3C_2	0.0116017227411647	OM4_C_3C_1	0.0144651977964158	OM4_C_3C_1	0.0117055350312255	NA	NA
OM4_C_3D	0.559406300840844	OM4_C_3D_1	0.00716340311823852	OM4_C_3D_2	0.00578414321595322	OM4_C_3D_3	0.0128419347994984	OM4_C_3D_2	0.00549037944858406	OM4_C_3D_1	0.0604887006219523	OM4_C_3D_2	0.0038754535453618	OM4_C_3D_3	0.015288744496797	OM4_C_3D_2	0.00535777593934717	OM4_C_3D_1	0.00201795059902526	OM4_C_3D_3	0.0141013612571481	OM4_C_3D_1	0.00341383246816823	NA	NA	OM4_C_3D_2	0.0734304535014283	NA	NA	OM4_C_3D_1	0.0216621823407177	OM4_C_3D_1	0.0121159443618616	OM4_C_3D_2	0.0243146893045684	OM4_C_3D_1	0.0179240843391068	OM4_C_3D_2	0.0403673416615461	OM4_C_3D_2	0.0415795001451554	OM4_C_3D_1	0.0317098984466819	OM4_C_3D_3	0.00494749986554251	OM4_C_3D_3	0.0207777949654976	OM4_C_3D_1	0.0260057064527553	OM4_C_3D_1	0.00648388159020561	OM4_C_3D_1	0.0214934695529983	OM4_C_3D_1	0.0227757538030738	OM4_C_3D_3	0.0356561368874289	OM4_C_3D_1	0.0223382841122019
OM4_C_3E	0.630688093159187	OM4_C_3E_2	0.03244868272674	OM4_C_3E_1	0.00976301880647969	OM4_C_3E_2	0.0316083414389553	OM4_C_3E_1	0.0350147110724724	OM4_C_3E_2	0.085013901589562	OM4_C_3E_1	0.00787279821437448	OM4_C_3E_2	0.0117940482848483	OM4_C_3E_2	0.00786280710422885	OM4_C_3E_2	0.00498614129332043	OM4_C_3E_2	0.00119895175000492	OM4_C_3E_2	0.00581106841019913	OM4_C_3E_1	0.00991938239879508	OM4_C_3E_2	0.0717430735590167	OM4_C_3E_1	0.0492196165025504	OM4_C_3E_2	0.0320431097990473	OM4_C_3E_2	0.00834681228961421	OM4_C_3E_2	0.0329047365949495	OM4_C_3E_2	0.0194565737342998	NA	NA	OM4_C_3E_2	0.00267831164068513	OM4_C_3E_3	0.0387186195302266	OM4_C_3E_2	0.0239181407136879	OM4_C_3E_3	0.0118290465974145	OM4_C_3E_2	0.00311679245380495	OM4_C_3E_2	0.00656681712114105	OM4_C_3E_3	0.020936967166246	OM4_C_3E_2	0.0248396179531682	OM4_C_3E_2	0.020773296820132	OM4_C_3E_2	0.0203027075932225
OM4_C_3F	0.916311039990011	OM4_C_3F_2	0.0392064024938502	OM4_C_3F_1	0.00157533683219088	NA	NA	OM4_C_3F_1	0.0254923365247771	OM4_C_3F_1	0.0665856285489486	OM4_C_3F_1	0.00665177848866938	OM4_C_3F_2	0.00872082154204003	OM4_C_3F_2	0.011857492745394	OM4_C_3F_1	0.0230792178680951	OM4_C_3F_2	0.0039833236863302	OM4_C_3F_2	0.119900769416969	OM4_C_3F_3	0.0300861908489726	OM4_C_3F_2	0.0703480672417544	OM4_C_3F_2	0.0352769629908154	OM4_C_3F_1	0.0175418256614673	OM4_C_3F_2	0.00987135423922268	OM4_C_3F_3	0.030861719352829	OM4_C_3F_2	0.0181591412514743	OM4_C_3F_2	0.0248431058885671	OM4_C_3F_2	0.0752481171791888	OM4_C_3F_3	0.0663529954755169	OM4_C_3F_2	0.0253795351538433	OM4_C_3F_3	0.0447768471913778	OM4_C_3F_1	0.0111215826422785	OM4_C_3F_1	0.0175645371939009	OM4_C_3F_1	0.0199308654930129	NA	NA	OM4_C_3F_3	0.0481199217363233	OM4_C_3F_3	0.0637751623022005
OM4_C_3G	0.669128101191052	OM4_C_3G_3	0.0394688045271386	NA	NA	OM4_C_3G_2	0.0334403098574191	OM4_C_3G_1	0.0207317183184401	OM4_C_3G_2	0.110948599790493	OM4_C_3G_1	0.0190890893371373	OM4_C_3G_3	0.0165793380081113	NA	NA	OM4_C_3G_1	0.0190319620861077	OM4_C_3G_2	0.00660248718300761	OM4_C_3G_1	0.0043527470946683	NA	NA	OM4_C_3G_2	0.072046191142787	OM4_C_3G_1	0.0461818569939003	OM4_C_3G_1	0.0107469209303313	OM4_C_3G_2	0.022768829783115	OM4_C_3G_1	0.0265990188472202	OM4_C_3G_3	0.0137056028117873	OM4_C_3G_1	0.0296266938275319	OM4_C_3G_1	0.0204441928390715	OM4_C_3G_1	0.0164577823679436	OM4_C_3G_1	0.0077211564542597	OM4_C_3G_3	0.0131342569486527	OM4_C_3G_2	0.0263752334217427	OM4_C_3G_1	0.0114130918595392	OM4_C_3G_3	0.0275357028613156	OM4_C_3G_2	0.0318459241193468	NA	NA	OM4_C_3G_2	0.0222805897799844
OM4_C_3H	0.627704467691486	OM4_C_3H_2	0.0199558342584616	OM4_C_3H_1	0.00125683806751937	OM4_C_3H_1	0.011782599089273	OM4_C_3H_2	0.0179524842042251	OM4_C_3H_1	0.0487701256321841	OM4_C_3H_1	0.0109054762148251	OM4_C_3H_2	0.00686611622741851	OM4_C_3H_1	0.00786601772605383	OM4_C_3H_3	0.0179205884521006	OM4_C_3H_1	0.0106821547259216	OM4_C_3H_2	0.014310935196998	NA	NA	OM4_C_3H_2	0.0736604243398452	OM4_C_3H_1	0.0188427110722091	OM4_C_3H_1	0.00162072253831774	OM4_C_3H_3	0.024237067441306	OM4_C_3H_2	0.0253009902913477	OM4_C_3H_3	0.0418117712184422	OM4_C_3H_1	0.0330876886948976	OM4_C_3H_1	0.0262419365457177	OM4_C_3H_3	0.0213720776148667	OM4_C_3H_2	0.0229538692864782	OM4_C_3H_3	0.0182248858739115	OM4_C_3H_2	0.0188754130631925	OM4_C_3H_2	0.00511985705288311	OM4_C_3H_3	0.0263906594014618	OM4_C_3H_2	0.0226344863944622	OM4_C_3H_1	0.0435283554628091	OM4_C_3H_2	0.0355323816043567
OM4_H_4A	0.507208753263931	OM4_H_4A_2	0.030740857426069	OM4_H_4A_2	0.0105914033619004	NA	NA	OM4_H_4A_1	0.0512070825279535	OM4_H_4A_2	0.0482902759735181	OM4_H_4A_2	0.0235923753240895	OM4_H_4A_3	0.0198959066802865	OM4_H_4A_1	0.00571263620611752	OM4_H_4A_1	0.00438276664448478	OM4_H_4A_1	0.00899831164896971	OM4_H_4A_1	0.00808092664142266	OM4_H_4A_1	0.0281875692229341	NA	NA	OM4_H_4A_3	0.0275380647508864	OM4_H_4A_3	0.0240787512672805	OM4_H_4A_2	0.00798557647931155	OM4_H_4A_1	0.00321006241451475	OM4_H_4A_3	0.0426377979282085	OM4_H_4A_1	0.0301723592515086	OM4_H_4A_1	0.00128535155709982	OM4_H_4A_1	0.0255015704902478	OM4_H_4A_2	0.0153140769799806	OM4_H_4A_3	0.0430886614948131	OM4_H_4A_1	0.00863390611957567	OM4_H_4A_3	0.0143291585486771	OM4_H_4A_2	0.00677775576829067	OM4_H_4A_1	0.00509429235369184	NA	NA	OM4_H_4A_1	0.0118812562020981
OM4_H_4B	0.56051587560214	OM4_H_4B_2	0.0183732874364617	OM4_H_4B_2	0.00936766016097141	NA	NA	OM4_H_4B_3	0.0490450884473478	OM4_H_4B_2	0.0149964437590477	OM4_H_4B_2	0.00772406103914165	OM4_H_4B_2	0.0159263994315197	OM4_H_4B_1	0.00722056300809526	OM4_H_4B_1	0.0129047605641666	OM4_H_4B_1	0.0111559392503105	OM4_H_4B_1	0.00866191831309654	OM4_H_4B_2	0.0327266785964216	OM4_H_4B_3	0.0516271205322814	OM4_H_4B_3	0.03142420681198	OM4_H_4B_2	0.0229691890430943	OM4_H_4B_2	0.0100395169055128	OM4_H_4B_3	0.0934480473226663	OM4_H_4B_1	0.0221050876530846	OM4_H_4B_3	0.0392397860953818	NA	NA	OM4_H_4B_3	0.0562835800171899	OM4_H_4B_1	0.0107317922248171	OM4_H_4B_3	0.0129560366584443	OM4_H_4B_3	0.011265203421691	OM4_H_4B_3	0.00531847727134141	OM4_H_4B_2	0.00500503163807455	NA	NA	NA	NA	NA	NA
OM4_H_4E	0.67233846384629	OM4_H_4E_3	0.0243534434106315	OM4_H_4E_2	0.0471596979744706	OM4_H_4E_3	0.0164845051410264	OM4_H_4E_2	0.0407251464570623	OM4_H_4E_3	0.0380439558744898	OM4_H_4E_2	0.00957696612687025	OM4_H_4E_3	0.0114550499584433	OM4_H_4E_2	0.00368015554187434	OM4_H_4E_1	0.0848707047220947	OM4_H_4E_1	0.0197072720267686	OM4_H_4E_2	0.0020311984566272	OM4_H_4E_1	0.00785050672603965	OM4_H_4E_3	0.0755602460278902	OM4_H_4E_1	0.0590442039641256	OM4_H_4E_1	0.0243891140773498	OM4_H_4E_3	0.00583036856472818	OM4_H_4E_2	0.0059050479042187	OM4_H_4E_1	0.00207203205246704	OM4_H_4E_1	0.0278954374251385	OM4_H_4E_2	0.0231433957207541	OM4_H_4E_3	0.0336975205964366	OM4_H_4E_1	0.00499319815838609	OM4_H_4E_3	0.0419435678912779	OM4_H_4E_2	0.00540838827997912	OM4_H_4E_1	0.00788008459935982	NA	NA	OM4_H_4E_3	0.0305883392419527	NA	NA	OM4_H_4E_1	0.0180489169258273
OM4_H_4F	0.749024736684034	OM4_H_4F_3	0.0158276548303647	OM4_H_4F_1	0.000455366090156562	OM4_H_4F_3	0.0305478689702768	OM4_H_4F_2	0.0428966773217344	OM4_H_4F_3	0.181521357893681	OM4_H_4F_2	0.00777636456512535	OM4_H_4F_3	0.0119289577728936	OM4_H_4F_1	0.00467424600066752	NA	NA	NA	NA	OM4_H_4F_3	0.0142923960379311	OM4_H_4F_1	0.0137041840938322	OM4_H_4F_3	0.0649298059708025	OM4_H_4F_3	0.0521026406421671	OM4_H_4F_2	0.00688032671952827	OM4_H_4F_2	0.0136263957304816	OM4_H_4F_1	0.01816034998005	OM4_H_4F_2	0.0178406366523948	OM4_H_4F_3	0.0392543732301675	OM4_H_4F_2	0.00584894624848394	OM4_H_4F_3	0.0446556485632233	OM4_H_4F_3	0.0258740030296678	OM4_H_4F_3	0.0324275027689671	OM4_H_4F_3	0.016580158761713	OM4_H_4F_3	0.0224821539335063	OM4_H_4F_3	0.0253902307484107	OM4_H_4F_2	0.00517510728932023	NA	NA	OM4_H_4F_2	0.0341713828384868
