samples	mrca	comparison	subject
C100P1b_C100P1c	961.417344189774	primary_primary	C100
C100P1b_C100P1d	737.1992205115052	primary_primary	C100
C100P1b_C100P1g	997.0947929631667	primary_primary	C100
C100P1c_C100P1d	737.1992205115052	primary_primary	C100
C100P1c_C100P1g	961.417344189774	primary_primary	C100
C100P1d_C100P1g	737.1992205115052	primary_primary	C100
C100L1	1708.2920348282773	met_primary	C100
C100L2	1812.8755999425473	met_primary	C100
C100L3	1812.8755999425473	met_primary	C100
C100L4	1812.8755999425473	met_primary	C100
C100M1	1812.8755999425473	met_primary	C100
C100M2	1812.8755999425473	met_primary	C100
C100M3	1812.8755999425473	met_primary	C100
C102P1b_C102P1c	3197.282823321497	primary_primary	C102
C102P1b_C102P1d	3300.708190525227	primary_primary	C102
C102P1b_C102P1e	3241.6662827763494	primary_primary	C102
C102P1b_C102P1f	2989.499926706877	primary_primary	C102
C102P1b_C102P1g	3300.708190525227	primary_primary	C102
C102P1b_C102P1j	3300.708190525227	primary_primary	C102
C102P1c_C102P1d	3197.282823321497	primary_primary	C102
C102P1c_C102P1e	3197.282823321497	primary_primary	C102
C102P1c_C102P1f	2989.499926706877	primary_primary	C102
C102P1c_C102P1g	3197.282823321497	primary_primary	C102
C102P1c_C102P1j	3197.282823321497	primary_primary	C102
C102P1d_C102P1e	3241.6662827763494	primary_primary	C102
C102P1d_C102P1f	2989.499926706877	primary_primary	C102
C102P1d_C102P1g	3311.370704998503	primary_primary	C102
C102P1d_C102P1j	3311.370704998503	primary_primary	C102
C102P1e_C102P1f	2989.499926706877	primary_primary	C102
C102P1e_C102P1g	3241.6662827763494	primary_primary	C102
C102P1e_C102P1j	3241.6662827763494	primary_primary	C102
C102P1f_C102P1g	2989.499926706877	primary_primary	C102
C102P1f_C102P1j	2989.499926706877	primary_primary	C102
C102P1g_C102P1j	3333.516533711594	primary_primary	C102
C102L2	3356.586679595691	met_primary	C102
C102L3	3369.2083253062174	met_primary	C102
C102M1	3122.710922680895	met_primary	C102
C102M2	2887.18854544197	met_primary	C102
C102M4	3414.5886631677145	met_primary	C102
C102M5	3369.2083253062174	met_primary	C102
C102M6	3348.5798840248544	met_primary	C102
C102M7	3348.5798840248544	met_primary	C102
C11P1_C11P2	2030.1305861630756	primary_primary	C11
C11P1_C11P3	1797.060910341649	primary_primary	C11
C11P1_C11P4	1797.060910341649	primary_primary	C11
C11P1_C11P5	2030.1305861630756	primary_primary	C11
C11P1_C11P6	1689.1056351520992	primary_primary	C11
C11P2_C11P3	1797.060910341649	primary_primary	C11
C11P2_C11P4	1797.060910341649	primary_primary	C11
C11P2_C11P5	2246.8173498440083	primary_primary	C11
C11P2_C11P6	1689.1056351520992	primary_primary	C11
C11P3_C11P4	1847.0950749477333	primary_primary	C11
C11P3_C11P5	1797.060910341649	primary_primary	C11
C11P3_C11P6	1689.1056351520992	primary_primary	C11
C11P4_C11P5	1797.060910341649	primary_primary	C11
C11P4_C11P6	1689.1056351520992	primary_primary	C11
C11P5_C11P6	1689.1056351520992	primary_primary	C11
C11L1	1955.5789964715996	met_primary	C11
C11L2	1955.5789964715996	met_primary	C11
C11L3	2197.51953358008	met_primary	C11
C11L4	1618.2467263683625	met_primary	C11
C11L5	1882.0266730274611	met_primary	C11
C57P1a_C57P1b	1100.310790930335	primary_primary	C57
C57P1a_C57P1d	1346.8515142930494	primary_primary	C57
C57P1a_C57P1e	1346.8515142930494	primary_primary	C57
C57P1a_C57P1f	1346.8515142930494	primary_primary	C57
C57P1b_C57P1d	1100.310790930335	primary_primary	C57
C57P1b_C57P1e	1100.310790930335	primary_primary	C57
C57P1b_C57P1f	1100.310790930335	primary_primary	C57
C57P1d_C57P1e	1471.663960378111	primary_primary	C57
C57P1d_C57P1f	1471.663960378111	primary_primary	C57
C57P1e_C57P1f	1535.9967439864515	primary_primary	C57
C57M1	1346.8515142930494	met_primary	C57
C57M2	1549.6965581397399	met_primary	C57
C57M3	1549.6965581397399	met_primary	C57
C57M4	1549.6965581397399	met_primary	C57
C6P1a_C6P1b	2582.6597405581197	primary_primary	C6
C6P1a_C6P1c	2365.9729651571643	primary_primary	C6
C6P1a_C6P1d	1611.3024207118074	primary_primary	C6
C6P1b_C6P1c	2365.9729651571643	primary_primary	C6
C6P1b_C6P1d	1611.3024207118074	primary_primary	C6
C6P1c_C6P1d	1611.3024207118074	primary_primary	C6
C6L2	2220.406474078911	met_primary	C6
C6L3	1718.0859479016908	met_primary	C6
C6L5	1718.0859479016908	met_primary	C6
C6L6	1944.2912455458609	met_primary	C6
C6L7	2089.0702919269406	met_primary	C6
C70P1a_C70P1b	1869.3191153158684	primary_primary	C70
C70P1a_C70P1c	1738.2463771900025	primary_primary	C70
C70P1a_C70P1d	1715.8331810330142	primary_primary	C70
C70P1a_C70P1e	1715.8331810330142	primary_primary	C70
C70P1b_C70P1c	1738.2463771900025	primary_primary	C70
C70P1b_C70P1d	1715.8331810330142	primary_primary	C70
C70P1b_C70P1e	1715.8331810330142	primary_primary	C70
C70P1c_C70P1d	1715.8331810330142	primary_primary	C70
C70P1c_C70P1e	1715.8331810330142	primary_primary	C70
C70P1d_C70P1e	1879.0625442947944	primary_primary	C70
C70L1	1805.1674617825836	met_primary	C70
C70M1	1794.567320897569	met_primary	C70
C70M2	1794.567320897569	met_primary	C70
C70M3	1794.567320897569	met_primary	C70
C70M4	1794.567320897569	met_primary	C70
C70M5	1794.567320897569	met_primary	C70
C70Ad1a_C70Ad1b	1108.0211002732076	adenoma_adenoma	C70
C70Ad1a_C70Ad1c	1108.0211002732076	adenoma_adenoma	C70
C70Ad1a_C70Ad1d	1184.115285351214	adenoma_adenoma	C70
C70Ad1a_C70Ad1e	906.2799202798511	adenoma_adenoma	C70
C70Ad1b_C70Ad1c	1388.0971144467053	adenoma_adenoma	C70
C70Ad1b_C70Ad1d	1108.0211002732076	adenoma_adenoma	C70
C70Ad1b_C70Ad1e	906.2799202798511	adenoma_adenoma	C70
C70Ad1c_C70Ad1d	1108.0211002732076	adenoma_adenoma	C70
C70Ad1c_C70Ad1e	906.2799202798511	adenoma_adenoma	C70
C70Ad1d_C70Ad1e	906.2799202798511	adenoma_adenoma	C70
C80P1a_C80P1b	1483.6316446620149	primary_primary	C80
C80P1a_C80P1c	1483.6316446620149	primary_primary	C80
C80P1a_C80P1d	1483.6316446620149	primary_primary	C80
C80P1b_C80P1c	1966.2124601475605	primary_primary	C80
C80P1b_C80P1d	1508.7737877264024	primary_primary	C80
C80P1c_C80P1d	1508.7737877264024	primary_primary	C80
C80M1	2135.3448455997955	met_primary	C80
C80M2	2012.2119808816383	met_primary	C80
C80M3	2247.423943879949	met_primary	C80
C80M4	2047.3856085230877	met_primary	C80
C83P1a_C83P1b	1714.0111758238454	primary_primary	C83
C83P1a_C83P1c	1714.0111758238454	primary_primary	C83
C83P1a_C83P1d	1714.0111758238454	primary_primary	C83
C83P1a_C83P1e	1714.0111758238454	primary_primary	C83
C83P1a_C83P1f	1714.0111758238454	primary_primary	C83
C83P1b_C83P1c	2274.0083089437	primary_primary	C83
C83P1b_C83P1d	2274.0083089437	primary_primary	C83
C83P1b_C83P1e	2090.3622450791413	primary_primary	C83
C83P1b_C83P1f	2496.658170048353	primary_primary	C83
C83P1c_C83P1d	2461.6022182015413	primary_primary	C83
C83P1c_C83P1e	2090.3622450791413	primary_primary	C83
C83P1c_C83P1f	2274.0083089437	primary_primary	C83
C83P1d_C83P1e	2090.3622450791413	primary_primary	C83
C83P1d_C83P1f	2274.0083089437	primary_primary	C83
C83P1e_C83P1f	2090.3622450791413	primary_primary	C83
C83L1	2365.5946635392957	met_primary	C83
C83L2	2721.1718200034857	met_primary	C83
C83L3	2355.088827745054	met_primary	C83
C83L4	2355.088827745054	met_primary	C83
C83L5	2355.088827745054	met_primary	C83
C83L6	2544.82336965049	met_primary	C83
C83L7	2544.82336965049	met_primary	C83
C83L8	2365.5946635392957	met_primary	C83
C83L9	2672.5231795620757	met_primary	C83
C84P1a_C84P1b	3615.6071722928955	primary_primary	C84
C84P1a_C84P1c	3615.6071722928955	primary_primary	C84
C84P1a_C84P1d	3517.9249949552027	primary_primary	C84
C84P1b_C84P1c	3651.956151479035	primary_primary	C84
C84P1b_C84P1d	3517.9249949552027	primary_primary	C84
C84P1c_C84P1d	3517.9249949552027	primary_primary	C84
C84L10	2922.877657981976	met_primary	C84
C84L11	3480.3138497296673	met_primary	C84
C84L12	3434.1108165938745	met_primary	C84
C84L14	3480.3138497296673	met_primary	C84
C84L2	3480.3138497296673	met_primary	C84
C84L3	3338.5328706905657	met_primary	C84
C84L4	3229.3173881115204	met_primary	C84
C84L5	3136.229169279829	met_primary	C84
C84L6	3480.3138497296673	met_primary	C84
C84L7	3136.229169279829	met_primary	C84
C84L8	3480.3138497296673	met_primary	C84
C84L9	3338.5328706905657	met_primary	C84
C85P1a_C85P1b	594.0918962706521	primary_primary	C85
C85P1a_C85P1c	666.019331032497	primary_primary	C85
C85P1a_C85P1d	594.0918962706521	primary_primary	C85
C85P1a_C85P1e	594.0918962706521	primary_primary	C85
C85P1b_C85P1c	594.0918962706521	primary_primary	C85
C85P1b_C85P1d	905.4206600327399	primary_primary	C85
C85P1b_C85P1e	1243.9317792028858	primary_primary	C85
C85P1c_C85P1d	594.0918962706521	primary_primary	C85
C85P1c_C85P1e	594.0918962706521	primary_primary	C85
C85P1d_C85P1e	905.4206600327399	primary_primary	C85
C85L1	992.2025382545606	met_primary	C85
C85L2	712.1632650971467	met_primary	C85
C85L3	712.1632650971467	met_primary	C85
C85L5	791.6214369737945	met_primary	C85
C85L6	560.2352671156633	met_primary	C85
C89P1a_C89P1b	1679.310874360205	primary_primary	C89
C89P1a_C89P1c	1602.7268826153283	primary_primary	C89
C89P1a_C89P1e	1602.7268826153283	primary_primary	C89
C89P1a_C89P1f	1595.2182947108151	primary_primary	C89
C89P1a_C89P1g	1602.7268826153283	primary_primary	C89
C89P1a_C89P1h	1602.7268826153283	primary_primary	C89
C89P1a_C89P1i	1520.5807643072474	primary_primary	C89
C89P1b_C89P1c	1602.7268826153283	primary_primary	C89
C89P1b_C89P1e	1602.7268826153283	primary_primary	C89
C89P1b_C89P1f	1595.2182947108151	primary_primary	C89
C89P1b_C89P1g	1602.7268826153283	primary_primary	C89
C89P1b_C89P1h	1602.7268826153283	primary_primary	C89
C89P1b_C89P1i	1520.5807643072474	primary_primary	C89
C89P1c_C89P1e	1774.3232264984179	primary_primary	C89
C89P1c_C89P1f	1595.2182947108151	primary_primary	C89
C89P1c_C89P1g	1649.0967323464097	primary_primary	C89
C89P1c_C89P1h	1729.801131309124	primary_primary	C89
C89P1c_C89P1i	1520.5807643072474	primary_primary	C89
C89P1e_C89P1f	1595.2182947108151	primary_primary	C89
C89P1e_C89P1g	1649.0967323464097	primary_primary	C89
C89P1e_C89P1h	1729.801131309124	primary_primary	C89
C89P1e_C89P1i	1520.5807643072474	primary_primary	C89
C89P1f_C89P1g	1595.2182947108151	primary_primary	C89
C89P1f_C89P1h	1595.2182947108151	primary_primary	C89
C89P1f_C89P1i	1520.5807643072474	primary_primary	C89
C89P1g_C89P1h	1649.0967323464097	primary_primary	C89
C89P1g_C89P1i	1520.5807643072474	primary_primary	C89
C89P1h_C89P1i	1520.5807643072474	primary_primary	C89
C89L1	1757.1015688677103	met_primary	C89
C89L2	1619.8832954637176	met_primary	C89
C89L3	1438.3916575291457	met_primary	C89
C89L4	1697.849820495538	met_primary	C89
C89L5	1690.0713461699224	met_primary	C89
C89L6	1901.143187195313	met_primary	C89
C89M1	1901.143187195313	met_primary	C89
C89M2	1314.2014572980454	met_primary	C89
C89M3	1901.143187195313	met_primary	C89
C89M4	1901.143187195313	met_primary	C89
C90P1b_C90P1c	3370.672943010814	primary_primary	C90
C90P1b_C90P1d	768.6479419434402	primary_primary	C90
C90P1b_C90P1e	3131.6158258344803	primary_primary	C90
C90P1b_C90P1f	3131.6158258344803	primary_primary	C90
C90P1b_C90P1g	3256.3614882538823	primary_primary	C90
C90P1b_C90P1j	3256.3614882538823	primary_primary	C90
C90P1b_C90P1k	3370.672943010814	primary_primary	C90
C90P1c_C90P1d	768.6479419434402	primary_primary	C90
C90P1c_C90P1e	3131.6158258344803	primary_primary	C90
C90P1c_C90P1f	3131.6158258344803	primary_primary	C90
C90P1c_C90P1g	3256.3614882538823	primary_primary	C90
C90P1c_C90P1j	3256.3614882538823	primary_primary	C90
C90P1c_C90P1k	3608.059628751559	primary_primary	C90
C90P1d_C90P1e	768.6479419434402	primary_primary	C90
C90P1d_C90P1f	768.6479419434402	primary_primary	C90
C90P1d_C90P1g	768.6479419434402	primary_primary	C90
C90P1d_C90P1j	768.6479419434402	primary_primary	C90
C90P1d_C90P1k	768.6479419434402	primary_primary	C90
C90P1e_C90P1f	3302.7724500501863	primary_primary	C90
C90P1e_C90P1g	3131.6158258344803	primary_primary	C90
C90P1e_C90P1j	3131.6158258344803	primary_primary	C90
C90P1e_C90P1k	3131.6158258344803	primary_primary	C90
C90P1f_C90P1g	3131.6158258344803	primary_primary	C90
C90P1f_C90P1j	3131.6158258344803	primary_primary	C90
C90P1f_C90P1k	3131.6158258344803	primary_primary	C90
C90P1g_C90P1j	3364.5434700255705	primary_primary	C90
C90P1g_C90P1k	3256.3614882538823	primary_primary	C90
C90P1j_C90P1k	3256.3614882538823	primary_primary	C90
C90L1	2894.1457216534836	met_primary	C90
C90L2	3426.3599561769147	met_primary	C90
C90L3	3405.044128223705	met_primary	C90
C90L4	3367.5764833848325	met_primary	C90
C90L5	3367.5764833848325	met_primary	C90
C90M1	3557.1198323584385	met_primary	C90
C90Ad2a_C90Ad2b	639.9505927307027	adenoma_adenoma	C90
C92P1d_C92P1e	3741.0393361902625	primary_primary	C92
C92P1d_C92P1f	3741.0393361902625	primary_primary	C92
C92P1d_C92P1g	3741.0393361902625	primary_primary	C92
C92P1d_C92P1h	3741.0393361902625	primary_primary	C92
C92P1e_C92P1f	3993.579179917281	primary_primary	C92
C92P1e_C92P1g	3893.9681606648924	primary_primary	C92
C92P1e_C92P1h	4078.715972317828	primary_primary	C92
C92P1f_C92P1g	3893.9681606648924	primary_primary	C92
C92P1f_C92P1h	3993.579179917281	primary_primary	C92
C92P1g_C92P1h	3893.9681606648924	primary_primary	C92
C92L1	3451.15271211923	met_primary	C92
C92L2	3651.2390429549505	met_primary	C92
C92L3	4170.0563826664065	met_primary	C92
C93P1a_C93P1c	1432.5030816360818	primary_primary	C93
C93P1a_C93P1g	1642.4580271941431	primary_primary	C93
C93P1c_C93P1g	1432.5030816360818	primary_primary	C93
C93L2	1327.1103245829793	met_primary	C93
C93L3	1327.1103245829793	met_primary	C93
C93L4	1327.1103245829793	met_primary	C93
C93L5	1327.1103245829793	met_primary	C93
C93L6	1327.1103245829793	met_primary	C93
C93Ad1a_C93Ad1b	2061.934260586564	adenoma_adenoma	C93
C93Ad1a_C93Ad1c	1578.422039337693	adenoma_adenoma	C93
C93Ad1b_C93Ad1c	1578.422039337693	adenoma_adenoma	C93
C94P1b_C94P1d	2286.013722065983	primary_primary	C94
C94P1b_C94P1e	2442.6961823530523	primary_primary	C94
C94P1b_C94P1f	2825.477885534638	primary_primary	C94
C94P1d_C94P1e	2286.013722065983	primary_primary	C94
C94P1d_C94P1f	2286.013722065983	primary_primary	C94
C94P1e_C94P1f	2442.6961823530523	primary_primary	C94
C94L10	1408.9090253395184	met_primary	C94
C94L11	1873.4083329447396	met_primary	C94
C94L12	2545.7405625697393	met_primary	C94
C94L2	2387.295077829552	met_primary	C94
C94L3	1582.7422362151865	met_primary	C94
C94L4	1988.0404915135832	met_primary	C94
C94L5	2070.6976142837934	met_primary	C94
C94L6	1873.4083329447396	met_primary	C94
C94L7	1873.4083329447396	met_primary	C94
C94L8	1753.1875670466616	met_primary	C94
C94L9	1873.4083329447396	met_primary	C94
C95P1a_C95P1c	3879.1032568923433	primary_primary	C95
C95L1	2748.85244127778	met_primary	C95
C95L12	3715.846665103889	met_primary	C95
C95L2	3809.6805167879024	met_primary	C95
C95L3	3809.6805167879024	met_primary	C95
C95L4	4376.876263381086	met_primary	C95
C95L5	3755.951505444807	met_primary	C95
C95L7	4593.003014337014	met_primary	C95
C95L8	3989.2045499742003	met_primary	C95
C95L9	4089.609976124512	met_primary	C95
C96P1a_C96P1b	1564.2426050684928	primary_primary	C96
C96P1a_C96P1c	720.6092890855437	primary_primary	C96
C96P1a_C96P1d	1054.2529942293174	primary_primary	C96
C96P1a_C96P1e	720.6092890855437	primary_primary	C96
C96P1a_C96P1f	1535.0092898275027	primary_primary	C96
C96P1a_C96P1g	1546.4724006978247	primary_primary	C96
C96P1a_C96P1h	1473.9062459137724	primary_primary	C96
C96P1b_C96P1c	720.6092890855437	primary_primary	C96
C96P1b_C96P1d	1054.2529942293174	primary_primary	C96
C96P1b_C96P1e	720.6092890855437	primary_primary	C96
C96P1b_C96P1f	1535.0092898275027	primary_primary	C96
C96P1b_C96P1g	1546.4724006978247	primary_primary	C96
C96P1b_C96P1h	1473.9062459137724	primary_primary	C96
C96P1c_C96P1d	720.6092890855437	primary_primary	C96
C96P1c_C96P1e	739.689155460326	primary_primary	C96
C96P1c_C96P1f	720.6092890855437	primary_primary	C96
C96P1c_C96P1g	720.6092890855437	primary_primary	C96
C96P1c_C96P1h	720.6092890855437	primary_primary	C96
C96P1d_C96P1e	720.6092890855437	primary_primary	C96
C96P1d_C96P1f	1054.2529942293174	primary_primary	C96
C96P1d_C96P1g	1054.2529942293174	primary_primary	C96
C96P1d_C96P1h	1054.2529942293174	primary_primary	C96
C96P1e_C96P1f	720.6092890855437	primary_primary	C96
C96P1e_C96P1g	720.6092890855437	primary_primary	C96
C96P1e_C96P1h	720.6092890855437	primary_primary	C96
C96P1f_C96P1g	1535.0092898275027	primary_primary	C96
C96P1f_C96P1h	1473.9062459137724	primary_primary	C96
C96P1g_C96P1h	1473.9062459137724	primary_primary	C96
C96L1	957.3573059017499	met_primary	C96
C96L2	1383.881386402199	met_primary	C96
C96L3	910.9952247850756	met_primary	C96
C97P1a_C97P1b	276.15091395538235	primary_primary	C97
C97P1a_C97P1c	276.15091395538235	primary_primary	C97
C97P1a_C97P1d	276.15091395538235	primary_primary	C97
C97P1a_C97P1e	194.60002070128226	primary_primary	C97
C97P1b_C97P1c	351.9889232579675	primary_primary	C97
C97P1b_C97P1d	293.44661946774283	primary_primary	C97
C97P1b_C97P1e	194.60002070128226	primary_primary	C97
C97P1c_C97P1d	293.44661946774283	primary_primary	C97
C97P1c_C97P1e	194.60002070128226	primary_primary	C97
C97P1d_C97P1e	194.60002070128226	primary_primary	C97
C97M1	241.3370970066876	met_primary	C97
C97M2	313.44232418451304	met_primary	C97
C98P1a_C98P1b	2359.196685435725	primary_primary	C98
C98P1a_C98P1c	2308.4281094218954	primary_primary	C98
C98P1a_C98P1d	2141.6202794077976	primary_primary	C98
C98P1a_C98P1e	1675.8626668590164	primary_primary	C98
C98P1a_C98P1f	1347.413570144593	primary_primary	C98
C98P1b_C98P1c	2308.4281094218954	primary_primary	C98
C98P1b_C98P1d	2141.6202794077976	primary_primary	C98
C98P1b_C98P1e	1675.8626668590164	primary_primary	C98
C98P1b_C98P1f	1347.413570144593	primary_primary	C98
C98P1c_C98P1d	2141.6202794077976	primary_primary	C98
C98P1c_C98P1e	1675.8626668590164	primary_primary	C98
C98P1c_C98P1f	1347.413570144593	primary_primary	C98
C98P1d_C98P1e	1675.8626668590164	primary_primary	C98
C98P1d_C98P1f	1347.413570144593	primary_primary	C98
C98P1e_C98P1f	1347.413570144593	primary_primary	C98
C98M1	1839.4604601097824	met_primary	C98
C98M2	1839.4604601097824	met_primary	C98
C99P1a_C99P1b	2058.3647133104014	primary_primary	C99
C99P1a_C99P1c	2314.7958097727114	primary_primary	C99
C99P1a_C99P1d	2314.7958097727114	primary_primary	C99
C99P1a_C99P1e	2314.7958097727114	primary_primary	C99
C99P1a_C99P1f	2374.559721447812	primary_primary	C99
C99P1a_C99P1g	2252.2083720211413	primary_primary	C99
C99P1a_C99P1h	1864.9927560449523	primary_primary	C99
C99P1b_C99P1c	2058.3647133104014	primary_primary	C99
C99P1b_C99P1d	2058.3647133104014	primary_primary	C99
C99P1b_C99P1e	2058.3647133104014	primary_primary	C99
C99P1b_C99P1f	2058.3647133104014	primary_primary	C99
C99P1b_C99P1g	2058.3647133104014	primary_primary	C99
C99P1b_C99P1h	1864.9927560449523	primary_primary	C99
C99P1c_C99P1d	2696.010795430705	primary_primary	C99
C99P1c_C99P1e	2414.872183789234	primary_primary	C99
C99P1c_C99P1f	2314.7958097727114	primary_primary	C99
C99P1c_C99P1g	2252.2083720211413	primary_primary	C99
C99P1c_C99P1h	1864.9927560449523	primary_primary	C99
C99P1d_C99P1e	2414.872183789234	primary_primary	C99
C99P1d_C99P1f	2314.7958097727114	primary_primary	C99
C99P1d_C99P1g	2252.2083720211413	primary_primary	C99
C99P1d_C99P1h	1864.9927560449523	primary_primary	C99
C99P1e_C99P1f	2314.7958097727114	primary_primary	C99
C99P1e_C99P1g	2252.2083720211413	primary_primary	C99
C99P1e_C99P1h	1864.9927560449523	primary_primary	C99
C99P1f_C99P1g	2252.2083720211413	primary_primary	C99
C99P1f_C99P1h	1864.9927560449523	primary_primary	C99
C99P1g_C99P1h	1864.9927560449523	primary_primary	C99
C99L1	1966.6147108154341	met_primary	C99
C99M1	2628.302719311247	met_primary	C99
C99M2	2628.302719311247	met_primary	C99
C12P8_C12P9	4427.994025370729	primary_primary	C12
C12P8_C12P10	4919.943450238634	primary_primary	C12
C12P8_C12P3	4919.943450238634	primary_primary	C12
C12P8_C12P1	4692.884037232867	primary_primary	C12
C12P8_C12P2	4919.943450238634	primary_primary	C12
C12P8_C12P4	4708.504499388846	primary_primary	C12
C12P8_C12P5	4919.943450238634	primary_primary	C12
C12P8_C12P6	4919.943450238634	primary_primary	C12
C12P8_C12P7	4919.943450238634	primary_primary	C12
C12P9_C12P10	4427.994025370729	primary_primary	C12
C12P9_C12P3	4427.994025370729	primary_primary	C12
C12P9_C12P1	4427.994025370729	primary_primary	C12
C12P9_C12P2	4427.994025370729	primary_primary	C12
C12P9_C12P4	4427.994025370729	primary_primary	C12
C12P9_C12P5	4427.994025370729	primary_primary	C12
C12P9_C12P6	4427.994025370729	primary_primary	C12
C12P9_C12P7	4427.994025370729	primary_primary	C12
C12P10_C12P3	5040.236273649157	primary_primary	C12
C12P10_C12P1	4692.884037232867	primary_primary	C12
C12P10_C12P2	4978.985078594342	primary_primary	C12
C12P10_C12P4	4708.504499388846	primary_primary	C12
C12P10_C12P5	5216.730726979568	primary_primary	C12
C12P10_C12P6	5171.920217843397	primary_primary	C12
C12P10_C12P7	5216.730726979568	primary_primary	C12
C12P3_C12P1	4692.884037232867	primary_primary	C12
C12P3_C12P2	4978.985078594342	primary_primary	C12
C12P3_C12P4	4708.504499388846	primary_primary	C12
C12P3_C12P5	5040.236273649157	primary_primary	C12
C12P3_C12P6	5040.236273649157	primary_primary	C12
C12P3_C12P7	5040.236273649157	primary_primary	C12
C12P1_C12P2	4692.884037232867	primary_primary	C12
C12P1_C12P4	4692.884037232867	primary_primary	C12
C12P1_C12P5	4692.884037232867	primary_primary	C12
C12P1_C12P6	4692.884037232867	primary_primary	C12
C12P1_C12P7	4692.884037232867	primary_primary	C12
C12P2_C12P4	4708.504499388846	primary_primary	C12
C12P2_C12P5	4978.985078594342	primary_primary	C12
C12P2_C12P6	4978.985078594342	primary_primary	C12
C12P2_C12P7	4978.985078594342	primary_primary	C12
C12P4_C12P5	4708.504499388846	primary_primary	C12
C12P4_C12P6	4708.504499388846	primary_primary	C12
C12P4_C12P7	4708.504499388846	primary_primary	C12
C12P5_C12P6	5171.920217843397	primary_primary	C12
C12P5_C12P7	5293.0597045931845	primary_primary	C12
C12P6_C12P7	5171.920217843397	primary_primary	C12
C12M1	5339.391175478223	met_primary	C12
C12L5	5343.243362626212	met_primary	C12
C12L1	4281.497882738508	met_primary	C12
C12L2	5343.243362626212	met_primary	C12
C12L3	5343.243362626212	met_primary	C12
C31P1_C31P2	1817.3966752078968	primary_primary	C31
C31P1_C31P3	1478.9894139266357	primary_primary	C31
C31P1_C31P4	1577.601661458231	primary_primary	C31
C31P2_C31P3	1478.9894139266357	primary_primary	C31
C31P2_C31P4	1577.601661458231	primary_primary	C31
C31P3_C31P4	1478.9894139266357	primary_primary	C31
C31M1	2071.703826762093	met_primary	C31
C31L1	1744.2483053184521	met_primary	C31
C31L2	1958.095983256222	met_primary	C31
C36P1_C36P2	1179.0512743526851	primary_primary	C36
C36P1_C36P3	1326.7200269699108	primary_primary	C36
C36P2_C36P3	1179.0512743526851	primary_primary	C36
C36L1	1250.73797781216	met_primary	C36
C36L2	1295.3063578929239	met_primary	C36
C36L3	1295.3063578929239	met_primary	C36
C36L4	1357.1597308328091	met_primary	C36
C36M1	1295.3063578929239	met_primary	C36
C36M2	1295.3063578929239	met_primary	C36
C38P1_C38P2	3796.0334641335066	primary_primary	C38
C38P1_C38P3	3947.46212494961	primary_primary	C38
C38P1_C38P5	4174.661885409816	primary_primary	C38
C38P1_C38P4	4051.9835346521622	primary_primary	C38
C38P2_C38P3	3796.0334641335066	primary_primary	C38
C38P2_C38P5	3796.0334641335066	primary_primary	C38
C38P2_C38P4	3796.0334641335066	primary_primary	C38
C38P3_C38P5	3947.46212494961	primary_primary	C38
C38P3_C38P4	3947.46212494961	primary_primary	C38
C38P5_C38P4	4051.9835346521622	primary_primary	C38
C38M1	4174.318246283625	met_primary	C38
C38M2	4174.318246283625	met_primary	C38
C38M3	4255.197029833019	met_primary	C38
C38L1	4174.318246283625	met_primary	C38
C45P2_C45P3	3159.8040808548635	primary_primary	C45
C45P2_C45P1	2935.6745709375086	primary_primary	C45
C45P3_C45P1	2935.6745709375086	primary_primary	C45
C45L1	2412.1127761792295	met_primary	C45
C45L2	2862.1858099803603	met_primary	C45
C45M1	3076.558655610631	met_primary	C45
C45M2	3076.558655610631	met_primary	C45
C46P4_C46P1	1688.4511691870305	primary_primary	C46
C46P4_C46P2	1549.7540368819573	primary_primary	C46
C46P4_C46P3	1802.2384778839307	primary_primary	C46
C46P4_C46P5	1921.223445797548	primary_primary	C46
C46P1_C46P2	1549.7540368819573	primary_primary	C46
C46P1_C46P3	1688.4511691870305	primary_primary	C46
C46P1_C46P5	1688.4511691870305	primary_primary	C46
C46P2_C46P3	1549.7540368819573	primary_primary	C46
C46P2_C46P5	1549.7540368819573	primary_primary	C46
C46P3_C46P5	1802.2384778839307	primary_primary	C46
C46M1	2072.330828171476	met_primary	C46
C46L1	2072.330828171476	met_primary	C46
C51P2_C51P1	2163.9650940620277	primary_primary	C51
C51P2_C51P3	1985.081701562614	primary_primary	C51
C51P1_C51P3	1985.081701562614	primary_primary	C51
C51M1	2607.6850385063117	met_primary	C51
C51L1	2721.673266741747	met_primary	C51
C51L2	2294.1686897340596	met_primary	C51
C53P1_C53P2	1537.067484381973	primary_primary	C53
C53P1_C53P3	1630.259724814814	primary_primary	C53
C53P1_C53P4	1630.259724814814	primary_primary	C53
C53P2_C53P3	1537.067484381973	primary_primary	C53
C53P2_C53P4	1537.067484381973	primary_primary	C53
C53P3_C53P4	1718.7911451845778	primary_primary	C53
C53M1	1321.8543960841234	met_primary	C53
C53L1	1831.6657969174578	met_primary	C53
C53M2	1321.8543960841234	met_primary	C53
C53M3	1570.2973694565012	met_primary	C53
C58P3_C58P1	1528.7833029896992	primary_primary	C58
C58P3_C58P2	1528.7833029896992	primary_primary	C58
C58P3_C58P4	1528.7833029896992	primary_primary	C58
C58P1_C58P2	2199.517813239381	primary_primary	C58
C58P1_C58P4	2041.9291473289506	primary_primary	C58
C58P2_C58P4	2041.9291473289506	primary_primary	C58
C58M1	2087.0884103775857	met_primary	C58
C58L10	2005.8745486533514	met_primary	C58
C58L1	2005.8745486533514	met_primary	C58
C58L2	1649.4255591364188	met_primary	C58
C58L3	2087.0884103775857	met_primary	C58
C58L4	2087.0884103775857	met_primary	C58
C58L5	2087.0884103775857	met_primary	C58
C58L6	2087.0884103775857	met_primary	C58
C58L7	1943.2302027515168	met_primary	C58
C58L8	2319.4760914905078	met_primary	C58
C58L9	2087.0884103775857	met_primary	C58
C59P3_C59P1	2356.90765353075	primary_primary	C59
C59P3_C59P2	2062.300778848979	primary_primary	C59
C59P3_C59P4	2163.1215132212574	primary_primary	C59
C59P3_C59P5	2062.300778848979	primary_primary	C59
C59P1_C59P2	2062.300778848979	primary_primary	C59
C59P1_C59P4	2163.1215132212574	primary_primary	C59
C59P1_C59P5	2062.300778848979	primary_primary	C59
C59P2_C59P4	2062.300778848979	primary_primary	C59
C59P2_C59P5	2136.792338441009	primary_primary	C59
C59P4_C59P5	2062.300778848979	primary_primary	C59
C59M1	2308.3210187855775	met_primary	C59
C59L1	1925.7698157509858	met_primary	C59
C59L2	1874.943526414349	met_primary	C59
C59L3	2172.989824067412	met_primary	C59
C61P1_C61P2	798.9396058169335	primary_primary	C61
C61P1_C61P3	542.6060073827576	primary_primary	C61
C61P1_C61P4	542.6060073827576	primary_primary	C61
C61P2_C61P3	542.6060073827576	primary_primary	C61
C61P2_C61P4	542.6060073827576	primary_primary	C61
C61P3_C61P4	880.0223562621185	primary_primary	C61
C61M1	570.395751304472	met_primary	C61
C61L1	347.9037199421201	met_primary	C61
C65P1_C65P2	1144.5232560052148	primary_primary	C65
C65L1	1262.7733015176364	met_primary	C65
C65L3	1262.7733015176364	met_primary	C65
C65M1	1262.7733015176364	met_primary	C65
C65L2	1262.7733015176364	met_primary	C65
C66P1_C66P2	665.0394064739781	primary_primary	C66
C66P1_C66P3	972.1835603855582	primary_primary	C66
C66P2_C66P3	665.0394064739781	primary_primary	C66
C66L1	890.8612202310177	met_primary	C66
C66L2	417.09003804982336	met_primary	C66
C66L3	599.7723032786434	met_primary	C66
C66L4	890.8612202310177	met_primary	C66
C66L5	837.96793172805	met_primary	C66
C66M1	1051.9485609642227	met_primary	C66
C66M2	1051.9485609642227	met_primary	C66
C69P1_C69P2	1733.884824670704	primary_primary	C69
C69P1_C69P3	1733.884824670704	primary_primary	C69
C69P1_C69P4	1821.5188645044625	primary_primary	C69
C69P1_C69P5	1538.9989723007952	primary_primary	C69
C69P1_C69P6	1623.622553112929	primary_primary	C69
C69P2_C69P3	1855.248138161535	primary_primary	C69
C69P2_C69P4	1733.884824670704	primary_primary	C69
C69P2_C69P5	1538.9989723007952	primary_primary	C69
C69P2_C69P6	1623.622553112929	primary_primary	C69
C69P3_C69P4	1733.884824670704	primary_primary	C69
C69P3_C69P5	1538.9989723007952	primary_primary	C69
C69P3_C69P6	1623.622553112929	primary_primary	C69
C69P4_C69P5	1538.9989723007952	primary_primary	C69
C69P4_C69P6	1623.622553112929	primary_primary	C69
C69P5_C69P6	1538.9989723007952	primary_primary	C69
C69L1	502.227449098114	met_primary	C69
C69M1	790.7212433702557	met_primary	C69
C69M2	790.7212433702557	met_primary	C69
C69M3	869.0547044910701	met_primary	C69
C77P1_C77P2	175.83206326651836	primary_primary	C77
C77M1	315.2422164195774	met_primary	C77
C77L1	315.2422164195774	met_primary	C77
C77L2	315.2422164195774	met_primary	C77
C79P1_C79P2	2268.4085049216733	primary_primary	C79
C79P1_C79P3	2223.829555359675	primary_primary	C79
C79P1_C79P4	1823.7031427825536	primary_primary	C79
C79P1_C79P5	2223.829555359675	primary_primary	C79
C79P1_C79P6	2223.829555359675	primary_primary	C79
C79P1_C79P7	2223.829555359675	primary_primary	C79
C79P1_C79P8	2305.4396615211576	primary_primary	C79
C79P1_C79P9	2268.4085049216733	primary_primary	C79
C79P1_C79P10	2121.704014189017	primary_primary	C79
C79P1_C79P11	2223.829555359675	primary_primary	C79
C79P1_C79P12	2268.4085049216733	primary_primary	C79
C79P2_C79P3	2223.829555359675	primary_primary	C79
C79P2_C79P4	1823.7031427825536	primary_primary	C79
C79P2_C79P5	2223.829555359675	primary_primary	C79
C79P2_C79P6	2223.829555359675	primary_primary	C79
C79P2_C79P7	2223.829555359675	primary_primary	C79
C79P2_C79P8	2268.4085049216733	primary_primary	C79
C79P2_C79P9	2292.252645214557	primary_primary	C79
C79P2_C79P10	2121.704014189017	primary_primary	C79
C79P2_C79P11	2223.829555359675	primary_primary	C79
C79P2_C79P12	2292.252645214557	primary_primary	C79
C79P3_C79P4	1823.7031427825536	primary_primary	C79
C79P3_C79P5	2273.1763582125686	primary_primary	C79
C79P3_C79P6	2273.1763582125686	primary_primary	C79
C79P3_C79P7	2273.1763582125686	primary_primary	C79
C79P3_C79P8	2223.829555359675	primary_primary	C79
C79P3_C79P9	2223.829555359675	primary_primary	C79
C79P3_C79P10	2121.704014189017	primary_primary	C79
C79P3_C79P11	2313.008038092778	primary_primary	C79
C79P3_C79P12	2223.829555359675	primary_primary	C79
C79P4_C79P5	1823.7031427825536	primary_primary	C79
C79P4_C79P6	1823.7031427825536	primary_primary	C79
C79P4_C79P7	1823.7031427825536	primary_primary	C79
C79P4_C79P8	1823.7031427825536	primary_primary	C79
C79P4_C79P9	1823.7031427825536	primary_primary	C79
C79P4_C79P10	1823.7031427825536	primary_primary	C79
C79P4_C79P11	1823.7031427825536	primary_primary	C79
C79P4_C79P12	1823.7031427825536	primary_primary	C79
C79P5_C79P6	2542.995228069138	primary_primary	C79
C79P5_C79P7	2343.963912691351	primary_primary	C79
C79P5_C79P8	2223.829555359675	primary_primary	C79
C79P5_C79P9	2223.829555359675	primary_primary	C79
C79P5_C79P10	2121.704014189017	primary_primary	C79
C79P5_C79P11	2273.1763582125686	primary_primary	C79
C79P5_C79P12	2223.829555359675	primary_primary	C79
C79P6_C79P7	2343.963912691351	primary_primary	C79
C79P6_C79P8	2223.829555359675	primary_primary	C79
C79P6_C79P9	2223.829555359675	primary_primary	C79
C79P6_C79P10	2121.704014189017	primary_primary	C79
C79P6_C79P11	2273.1763582125686	primary_primary	C79
C79P6_C79P12	2223.829555359675	primary_primary	C79
C79P7_C79P8	2223.829555359675	primary_primary	C79
C79P7_C79P9	2223.829555359675	primary_primary	C79
C79P7_C79P10	2121.704014189017	primary_primary	C79
C79P7_C79P11	2273.1763582125686	primary_primary	C79
C79P7_C79P12	2223.829555359675	primary_primary	C79
C79P8_C79P9	2268.4085049216733	primary_primary	C79
C79P8_C79P10	2121.704014189017	primary_primary	C79
C79P8_C79P11	2223.829555359675	primary_primary	C79
C79P8_C79P12	2268.4085049216733	primary_primary	C79
C79P9_C79P10	2121.704014189017	primary_primary	C79
C79P9_C79P11	2223.829555359675	primary_primary	C79
C79P9_C79P12	2336.293553592833	primary_primary	C79
C79P10_C79P11	2121.704014189017	primary_primary	C79
C79P10_C79P12	2121.704014189017	primary_primary	C79
C79P11_C79P12	2223.829555359675	primary_primary	C79
C79M1	2349.0522735740215	met_primary	C79
