sample	length	marker	subject
TM10N1	0	JF21	TM10
TM10P1	-0.04559065852525235	JF21	TM10
TM10P2	-0.17587143266966043	JF21	TM10
TM10N1	0	JF27	TM10
TM10P1	0.0484810590495548	JF27	TM10
TM10P2	0.01910891561411754	JF27	TM10
TM10N1	0	Nax10	TM10
TM10P1	0.010726520986549914	Nax10	TM10
TM10P2	0.0066987652123233765	Nax10	TM10
TM10N1	0	Nax17	TM10
TM10P1	0.4053672691040795	Nax17	TM10
TM10P2	-0.02118418204735839	Nax17	TM10
TM10N1	0	Nax18	TM10
TM10P1	-0.042351890157120486	Nax18	TM10
TM10P2	-0.1006153381279109	Nax18	TM10
TM10N1	0	Nax30	TM10
TM10P1	4.998108408287294e-4	Nax30	TM10
TM10P2	-0.11167103333338169	Nax30	TM10
TM10N1	0	Nax38	TM10
TM10P1	-0.26582282431459525	Nax38	TM10
TM10P2	0.06052324888781868	Nax38	TM10
TM10N1	0	Nax43	TM10
TM10P1	0.006672320815159782	Nax43	TM10
TM10P2	-0.015502191168228485	Nax43	TM10
TM10N1	0	Nax47	TM10
TM10P1	0.37871771237777185	Nax47	TM10
TM10P2	0.1023336178057237	Nax47	TM10
TM10N1	0	Nax49	TM10
TM10P1	0.06393614262043812	Nax49	TM10
TM10P2	-0.017606731505584783	Nax49	TM10
TM10N1	0	Nax50LA	TM10
TM10P1	-0.03351125726736237	Nax50LA	TM10
TM10P2	-0.22712039345397272	Nax50LA	TM10
TM10N1	0	Nax50UA	TM10
TM10P1	0.013673151215617185	Nax50UA	TM10
TM10P2	-0.004350642016310857	Nax50UA	TM10
TM10N1	0	Nax51	TM10
TM10P1	0.19057692317747144	Nax51	TM10
TM10P2	0.02845347134178766	Nax51	TM10
TM10N1	0	Nax55	TM10
TM10P1	0.029123690659537793	Nax55	TM10
TM10P2	0.02086553116248302	Nax55	TM10
TM10N1	0	Nax56	TM10
TM10P1	-1.1899221148349106	Nax56	TM10
TM10P2	-0.1801661581284133	Nax56	TM10
TM10N1	0	S1124	TM10
TM10P1	-0.05457599283066861	S1124	TM10
TM10P2	0.0016288064628939836	S1124	TM10
TM10N1	0	Sal21	TM10
TM10P1	0.03546638854907691	Sal21	TM10
TM10P2	-0.0394455063718544	Sal21	TM10
TM10N1	0	Sal22	TM10
TM10P1	0.07565805699676087	Sal22	TM10
TM10P2	-0.01461782512067833	Sal22	TM10
TM10N1	0	Sal27	TM10
TM10P1	-0.0074741111843690256	Sal27	TM10
TM10P2	-0.00962153342922134	Sal27	TM10
TM10N1	0	Sal41	TM10
TM10P1	-0.07274505097933215	Sal41	TM10
TM10P2	-0.0687549502546414	Sal41	TM10
TM10N1	0	Sal45	TM10
TM10P1	0.16312266848134893	Sal45	TM10
TM10P2	-0.21353508256335374	Sal45	TM10
TM10N1	0	Sal46	TM10
TM10P1	-0.0036075294595421248	Sal46	TM10
TM10P2	-0.008859615593800996	Sal46	TM10
TM10N1	0	Sal52	TM10
TM10P1	0.01738792725507965	Sal52	TM10
TM10P2	-0.00643759601028604	Sal52	TM10
TM10N1	0	Sal66	TM10
TM10P1	0.023138037638007702	Sal66	TM10
TM10P2	-0.012048680671629342	Sal66	TM10
TM10N1	0	Sal78	TM10
TM10P1	0.0027872868612170976	Sal78	TM10
TM10P2	-0.027242875188929982	Sal78	TM10
TM10N1	0	Sal87	TM10
TM10P1	0.05575942329552008	Sal87	TM10
TM10P2	-0.09320198650063816	Sal87	TM10
TM11N1	0	JF21	TM11
TM11P1	-0.017209947112052593	JF21	TM11
TM11P2	-0.07160578011200425	JF21	TM11
TM11N1	0	JF27	TM11
TM11P1	0.02419537399602678	JF27	TM11
TM11P2	0.04008946229060095	JF27	TM11
TM11N1	0	Nax10	TM11
TM11P1	-0.004391414496594859	Nax10	TM11
TM11P2	0.0024094575086277548	Nax10	TM11
TM11N1	0	Nax11LA	TM11
TM11P1	0.002143952284186401	Nax11LA	TM11
TM11P2	0.11488706328483023	Nax11LA	TM11
TM11N1	0	Nax11UA	TM11
TM11P1	-0.07009332119076506	Nax11UA	TM11
TM11P2	-0.13954436831841832	Nax11UA	TM11
TM11N1	0	Nax11	TM11
TM11P1	-0.07009332119076506	Nax11	TM11
TM11P2	-0.13954436831841832	Nax11	TM11
TM11N1	0	Nax18	TM11
TM11P1	0.12121764832878323	Nax18	TM11
TM11P2	0.1441269709388271	Nax18	TM11
TM11N1	0	Nax30	TM11
TM11P1	-0.8224921661066853	Nax30	TM11
TM11P2	-0.6654578183907418	Nax30	TM11
TM11N1	0	Nax40	TM11
TM11P1	-0.2849920497832583	Nax40	TM11
TM11P2	-0.4035282422219133	Nax40	TM11
TM11N1	0	Nax50	TM11
TM11P1	0.21108889966892885	Nax50	TM11
TM11P2	0.14905003243542048	Nax50	TM11
TM11N1	0	Nax51	TM11
TM11P1	-0.019272373545908827	Nax51	TM11
TM11P2	0.09643761876598411	Nax51	TM11
TM11N1	0	S1124	TM11
TM11P1	-0.22790556795849426	S1124	TM11
TM11P2	-0.24566578543578643	S1124	TM11
TM11N1	0	Sal21	TM11
TM11P1	0.0761753284927229	Sal21	TM11
TM11P2	0.10411953325046852	Sal21	TM11
TM11N1	0	Sal22	TM11
TM11P1	0.024532097599370584	Sal22	TM11
TM11P2	-0.06272791583952664	Sal22	TM11
TM11N1	0	Sal27	TM11
TM11P1	-0.006684384315561065	Sal27	TM11
TM11P2	-0.024711415584222962	Sal27	TM11
TM11N1	0	Sal41	TM11
TM11P1	0.3522262531108975	Sal41	TM11
TM11P2	0.7441929116431343	Sal41	TM11
TM11N1	0	Sal45	TM11
TM11P1	0.0063244005098286316	Sal45	TM11
TM11P2	0.03835435925389419	Sal45	TM11
TM11N1	0	Sal46	TM11
TM11P1	-0.008174742848972905	Sal46	TM11
TM11P2	-0.004884639073663877	Sal46	TM11
TM11N1	0	Sal52	TM11
TM11P1	-0.1156833178468264	Sal52	TM11
TM11P2	-0.02566891778844127	Sal52	TM11
TM11N1	0	Sal66	TM11
TM11P1	-0.035920333482313715	Sal66	TM11
TM11P2	-0.10654838609362649	Sal66	TM11
TM11N1	0	Sal78	TM11
TM11P1	-0.05073916108264109	Sal78	TM11
TM11P2	0.014694314196444846	Sal78	TM11
TM12N1	0	JF21	TM12
TM12P1	0.06250949578504894	JF21	TM12
TM12P2	0.008432369296796693	JF21	TM12
TM12N1	0	JF27LA	TM12
TM12P1	0.05970057984742061	JF27LA	TM12
TM12P2	0.0168464450156387	JF27LA	TM12
TM12N1	0	JF27UA	TM12
TM12P1	-0.004719767875775993	JF27UA	TM12
TM12P2	-0.015244717657322937	JF27UA	TM12
TM12N1	0	Nax10LA	TM12
TM12P1	-0.003870852496957955	Nax10LA	TM12
TM12P2	-0.0180605975927306	Nax10LA	TM12
TM12N1	0	Nax17	TM12
TM12P1	0.11685695699854204	Nax17	TM12
TM12P2	0.09593416402790478	Nax17	TM12
TM12N1	0	Nax18	TM12
TM12P1	0.08288296151667085	Nax18	TM12
TM12P2	0.0676244617894377	Nax18	TM12
TM12N1	0	Nax30	TM12
TM12P1	0.1584812859404945	Nax30	TM12
TM12P2	0.03800173058089218	Nax30	TM12
TM12N1	0	Nax38	TM12
TM12P1	0.0031149271060355588	Nax38	TM12
TM12P2	-0.053141872698988735	Nax38	TM12
TM12N1	0	Nax49	TM12
TM12P1	0.015235410180477693	Nax49	TM12
TM12P2	-0.013381313984743404	Nax49	TM12
TM12N1	0	Nax50	TM12
TM12P1	-0.003274702203148294	Nax50	TM12
TM12P2	0.0048735655040275105	Nax50	TM12
TM12N1	0	Nax51	TM12
TM12P1	-0.15006610652643548	Nax51	TM12
TM12P2	0.01960055730549115	Nax51	TM12
TM12N1	0	Nax68	TM12
TM12P1	0.013479016224229534	Nax68	TM12
TM12P2	-0.012147640494327039	Nax68	TM12
TM12N1	0	S1124	TM12
TM12P1	0.0068895334377714335	S1124	TM12
TM12P2	0.030343786795158145	S1124	TM12
TM12N1	0	Sal21	TM12
TM12P1	0.03385602378894248	Sal21	TM12
TM12P2	0.011618694787118855	Sal21	TM12
TM12N1	0	Sal22LA	TM12
TM12P1	1.6508625451638892e-4	Sal22LA	TM12
TM12P2	0.00507796169451602	Sal22LA	TM12
TM12N1	0	Sal22UA	TM12
TM12P1	-0.0010502168189558958	Sal22UA	TM12
TM12P2	0.006053349445979794	Sal22UA	TM12
TM12N1	0	Sal27	TM12
TM12P1	0.0027492636588513086	Sal27	TM12
TM12P2	-0.014674598826176055	Sal27	TM12
TM12N1	0	Sal41	TM12
TM12P1	0.07687543172638733	Sal41	TM12
TM12P2	0.003867559257974662	Sal41	TM12
TM12N1	0	Sal45	TM12
TM12P1	0.012357501821155914	Sal45	TM12
TM12P2	0.01656279061494903	Sal45	TM12
TM12N1	0	Sal46	TM12
TM12P1	-8.91921656842154e-4	Sal46	TM12
TM12P2	-0.001962522659763266	Sal46	TM12
TM12N1	0	Sal52	TM12
TM12P1	1.3153330244660615	Sal52	TM12
TM12P2	1.302939712460517	Sal52	TM12
TM12N1	0	Sal66	TM12
TM12P1	-0.09446530260333796	Sal66	TM12
TM12P2	4.7037701620133987e-4	Sal66	TM12
TM12N1	0	Sal74	TM12
TM12P1	-0.07385966610626449	Sal74	TM12
TM12P2	-0.015901501089220282	Sal74	TM12
TM12N1	0	Sal78	TM12
TM12P1	-0.027088677912206816	Sal78	TM12
TM12P2	2.518883348336942e-4	Sal78	TM12
TM12N1	0	Sal87	TM12
TM12P1	-0.014748925145785297	Sal87	TM12
TM12P2	0.029147943186646152	Sal87	TM12
TM13N1	0	JF12UA	TM13
TM13P1	-0.03303447361370049	JF12UA	TM13
TM13P2	0.024186850461907827	JF12UA	TM13
TM13N1	0	JF27	TM13
TM13P1	-0.29809277992064853	JF27	TM13
TM13P2	-0.013226575809439645	JF27	TM13
TM13N1	0	Nax10	TM13
TM13P1	-0.06472781409290107	Nax10	TM13
TM13P2	-0.004998543683994328	Nax10	TM13
TM13N1	0	Nax11	TM13
TM13P1	-0.5579911565590252	Nax11	TM13
TM13P2	-0.48489832106664377	Nax11	TM13
TM13N1	0	Nax40UA	TM13
TM13P1	-0.005292706856191209	Nax40UA	TM13
TM13P2	-0.0944552480732117	Nax40UA	TM13
TM13N1	0	Sal22LA	TM13
TM13P1	0.05345747178708926	Sal22LA	TM13
TM13P2	-0.013712769696720528	Sal22LA	TM13
TM13N1	0	Sal22UA	TM13
TM13P1	0.14112037008292377	Sal22UA	TM13
TM13P2	-0.017669654942449764	Sal22UA	TM13
TM13N1	0	Sal27	TM13
TM13P1	0.02049971089319591	Sal27	TM13
TM13P2	-0.06952727071224407	Sal27	TM13
TM13N1	0	Sal46	TM13
TM13P1	0.0665835123202676	Sal46	TM13
TM13P2	-0.04643900874259721	Sal46	TM13
TM14N1	0	JF27	TM14
TM14P1	0.08677789869843977	JF27	TM14
TM14P2	0.04764486758035069	JF27	TM14
TM14P3	0.1328334626426675	JF27	TM14
TM14N1	0	Nax10	TM14
TM14P1	-0.26486246784081624	Nax10	TM14
TM14P2	-0.3767165864645796	Nax10	TM14
TM14P3	-0.31528312598931274	Nax10	TM14
TM14N1	0	Nax11	TM14
TM14P1	0.5500598960706178	Nax11	TM14
TM14P2	0.3245713678365849	Nax11	TM14
TM14P3	0.4972749898640556	Nax11	TM14
TM14N1	0	Nax17	TM14
TM14P1	-0.03891559283830093	Nax17	TM14
TM14P2	-0.07781336313955789	Nax17	TM14
TM14P3	-0.024081596185368426	Nax17	TM14
TM14N1	0	Nax30	TM14
TM14P1	-0.02293806420107991	Nax30	TM14
TM14P2	-0.1846684111384489	Nax30	TM14
TM14P3	-0.24210822398437237	Nax30	TM14
TM14N1	0	Nax38	TM14
TM14P1	-0.39902797452036687	Nax38	TM14
TM14P2	-0.2290578444989828	Nax38	TM14
TM14P3	-0.36394449657442873	Nax38	TM14
TM14N1	0	Nax40UA	TM14
TM14P1	0.010843716287364913	Nax40UA	TM14
TM14P2	0.009939935558160862	Nax40UA	TM14
TM14P3	-0.04334654687721429	Nax40UA	TM14
TM14N1	0	Nax49	TM14
TM14P1	-0.05728651759573555	Nax49	TM14
TM14P2	-0.05387125541296145	Nax49	TM14
TM14P3	-0.062011170433449614	Nax49	TM14
TM14N1	0	Nax50LA	TM14
TM14P1	-0.09969868966657547	Nax50LA	TM14
TM14P2	-0.11036329577825654	Nax50LA	TM14
TM14P3	-0.09275675553979568	Nax50LA	TM14
TM14N1	0	Nax50UA	TM14
TM14P1	-0.2826548278365957	Nax50UA	TM14
TM14P2	-0.28610761067313373	Nax50UA	TM14
TM14P3	-0.3940159939863621	Nax50UA	TM14
TM14N1	0	Nax51	TM14
TM14P1	-0.14075861328580075	Nax51	TM14
TM14P2	-0.1505626113787093	Nax51	TM14
TM14P3	-0.0742300726440499	Nax51	TM14
TM14N1	0	S1124	TM14
TM14P1	0.16437969679939357	S1124	TM14
TM14P2	0.07305753457229525	S1124	TM14
TM14P3	0.1873890155271889	S1124	TM14
TM14N1	0	Sal21	TM14
TM14P1	0.23898956647572156	Sal21	TM14
TM14P2	0.13328272921264528	Sal21	TM14
TM14P3	0.16104030704366323	Sal21	TM14
TM14N1	0	Sal22	TM14
TM14P1	-0.19011049880584352	Sal22	TM14
TM14P2	-0.08326199239597587	Sal22	TM14
TM14P3	-0.20933003968032882	Sal22	TM14
TM14N1	0	Sal27	TM14
TM14P1	-0.02875017020941062	Sal27	TM14
TM14P2	-0.03898109718355691	Sal27	TM14
TM14P3	-0.04019307975823905	Sal27	TM14
TM14N1	0	Sal41	TM14
TM14P1	-0.11575586668230109	Sal41	TM14
TM14P2	-0.046031588739816165	Sal41	TM14
TM14P3	-0.19317710127453314	Sal41	TM14
TM14N1	0	Sal45LA	TM14
TM14P1	-0.029172209977383456	Sal45LA	TM14
TM14P2	-0.027974950473729	Sal45LA	TM14
TM14P3	-0.06670874591716958	Sal45LA	TM14
TM14N1	0	Sal45UA	TM14
TM14P1	-0.10598504857278002	Sal45UA	TM14
TM14P2	-0.0732677068092551	Sal45UA	TM14
TM14P3	-0.17626519488571502	Sal45UA	TM14
TM14N1	0	Sal46	TM14
TM14P1	0.0017486478044816955	Sal46	TM14
TM14P2	-0.002072563187237808	Sal46	TM14
TM14P3	-0.005413567095640559	Sal46	TM14
TM14N1	0	Sal52	TM14
TM14P1	0.8064528892519669	Sal52	TM14
TM14P2	0.27406839126529015	Sal52	TM14
TM14P3	0.6740495741442349	Sal52	TM14
TM14N1	0	Sal66	TM14
TM14P1	-0.011883513274371538	Sal66	TM14
TM14P2	0.018358235048942184	Sal66	TM14
TM14P3	-0.007976426585683871	Sal66	TM14
TM14N1	0	Sal74	TM14
TM14P1	-0.0577882976623445	Sal74	TM14
TM14P2	-0.1577163753686932	Sal74	TM14
TM14P3	-0.12346232318069905	Sal74	TM14
TM14N1	0	Sal78	TM14
TM14P1	0.0038205346436375187	Sal78	TM14
TM14P2	-0.047677043145772924	Sal78	TM14
TM14P3	-0.0042029996369108424	Sal78	TM14
TM14N1	0	Sal87	TM14
TM14P1	-0.09985047123295043	Sal87	TM14
TM14P2	-0.05252626692950191	Sal87	TM14
TM14P3	-0.17131244393625655	Sal87	TM14
TM15N1	0	JF27	TM15
TM15P1	-0.09786871514115258	JF27	TM15
TM15P2	0.01849562087372325	JF27	TM15
TM15N1	0	Nax10	TM15
TM15P1	-0.030844461793670952	Nax10	TM15
TM15P2	0.004632450755390982	Nax10	TM15
TM15N1	0	Nax11	TM15
TM15P1	-0.0024617976657022034	Nax11	TM15
TM15P2	-0.006469116387618712	Nax11	TM15
TM15N1	0	Nax17	TM15
TM15P1	0.6608268929280943	Nax17	TM15
TM15P2	0.12938172346806898	Nax17	TM15
TM15N1	0	Nax38	TM15
TM15P1	-0.13886287544312736	Nax38	TM15
TM15P2	-0.05457785007184146	Nax38	TM15
TM15N1	0	Nax40UA	TM15
TM15P1	0.022406975374855698	Nax40UA	TM15
TM15P2	-0.004203650596813713	Nax40UA	TM15
TM15N1	0	Nax49	TM15
TM15P1	0.01578415844774117	Nax49	TM15
TM15P2	0.007333011682060242	Nax49	TM15
TM15N1	0	Nax50LA	TM15
TM15P1	-0.033885285478802096	Nax50LA	TM15
TM15P2	-0.002238059413027571	Nax50LA	TM15
TM15N1	0	Nax50UA	TM15
TM15P1	-0.03876315832366872	Nax50UA	TM15
TM15P2	-0.044010654503924496	Nax50UA	TM15
TM15N1	0	Nax51	TM15
TM15P1	0.12290682085801086	Nax51	TM15
TM15P2	0.10426414264725103	Nax51	TM15
TM15N1	0	Nax56	TM15
TM15P1	0.2824234659675233	Nax56	TM15
TM15P2	-0.20097504171788572	Nax56	TM15
TM15N1	0	S1124	TM15
TM15P1	-0.036429746745827885	S1124	TM15
TM15P2	-0.2368733901463722	S1124	TM15
TM15N1	0	Sal21	TM15
TM15P1	0.10280451072700325	Sal21	TM15
TM15P2	0.09683968501130824	Sal21	TM15
TM15N1	0	Sal22	TM15
TM15P1	0.082956644526889	Sal22	TM15
TM15P2	0.05916314648277021	Sal22	TM15
TM15N1	0	Sal41	TM15
TM15P1	-0.5157457957365379	Sal41	TM15
TM15P2	-0.007771641563940612	Sal41	TM15
TM15N1	0	Sal46	TM15
TM15P1	-0.002025903524931927	Sal46	TM15
TM15P2	-0.022077207720772485	Sal46	TM15
TM15N1	0	Sal52LA	TM15
TM15P1	0.037646564195809695	Sal52LA	TM15
TM15P2	0.06836077378974048	Sal52LA	TM15
TM15N1	0	Sal52UA	TM15
TM15P1	0.05686565084967654	Sal52UA	TM15
TM15P2	0.0023675195170720365	Sal52UA	TM15
TM15N1	0	Sal58	TM15
TM15P1	-0.002600300344954398	Sal58	TM15
TM15P2	-0.075826167674514	Sal58	TM15
TM15N1	0	Sal74	TM15
TM15P1	-0.05007420734910939	Sal74	TM15
TM15P2	-0.07432859215665788	Sal74	TM15
TM15N1	0	Sal78	TM15
TM15P1	0.10324899758246575	Sal78	TM15
TM15P2	0.06847296042773587	Sal78	TM15
TM15N1	0	Sal84	TM15
TM15P1	0.1299558963839207	Sal84	TM15
TM15P2	0.023287876551888242	Sal84	TM15
TM15N1	0	Sal87	TM15
TM15P1	-0.08406397125233367	Sal87	TM15
TM15P2	-0.057808381251416296	Sal87	TM15
TM16N1	0	JF12	TM16
TM16P1	0.2287481886136904	JF12	TM16
TM16P2	0.2768288560653267	JF12	TM16
TM16N1	0	JF27	TM16
TM16P1	-0.015812058720412914	JF27	TM16
TM16P2	-0.005266043847310442	JF27	TM16
TM16N1	0	Nax10	TM16
TM16P1	0.00808535312008396	Nax10	TM16
TM16P2	0.005532565360767183	Nax10	TM16
TM16N1	0	Nax11	TM16
TM16P1	0.04859385164885932	Nax11	TM16
TM16P2	-0.031475737742050924	Nax11	TM16
TM16N1	0	Nax17	TM16
TM16P1	0.10835831067251611	Nax17	TM16
TM16P2	0.03256414365975102	Nax17	TM16
TM16N1	0	Nax30	TM16
TM16P1	5.392147017388993e-4	Nax30	TM16
TM16P2	0.0929696343907036	Nax30	TM16
TM16N1	0	Nax38	TM16
TM16P1	-0.19619458200032636	Nax38	TM16
TM16P2	-0.37943503876357454	Nax38	TM16
TM16N1	0	Nax40LA	TM16
TM16P1	-0.021566180396614953	Nax40LA	TM16
TM16P2	-0.05671091898091207	Nax40LA	TM16
TM16N1	0	Nax40UA	TM16
TM16P1	0.1154076438249696	Nax40UA	TM16
TM16P2	0.1262415162879087	Nax40UA	TM16
TM16N1	0	Nax49	TM16
TM16P1	0.20956401490374166	Nax49	TM16
TM16P2	0.1337151232087268	Nax49	TM16
TM16N1	0	Nax50	TM16
TM16P1	0.1472977346278319	Nax50	TM16
TM16P2	-0.049014373428125424	Nax50	TM16
TM16N1	0	Nax51	TM16
TM16P1	0.0791160544546301	Nax51	TM16
TM16P2	0.07149900194621583	Nax51	TM16
TM16N1	0	Nax56	TM16
TM16P1	-0.17902680799437176	Nax56	TM16
TM16P2	-0.5339523572615796	Nax56	TM16
TM16N1	0	S1124	TM16
TM16P1	-0.08913199833119378	S1124	TM16
TM16P2	-0.022213869469969616	S1124	TM16
TM16N1	0	Sal21	TM16
TM16P1	0.012799803531691634	Sal21	TM16
TM16P2	-0.014075931283386023	Sal21	TM16
TM16N1	0	Sal22	TM16
TM16P1	0.07808964087523407	Sal22	TM16
TM16P2	0.05600365713027333	Sal22	TM16
TM16N1	0	Sal27	TM16
TM16P1	-0.04937114691785416	Sal27	TM16
TM16P2	-0.05016073502432894	Sal27	TM16
TM16N1	0	Sal41	TM16
TM16P1	0.019122452577541083	Sal41	TM16
TM16P2	0.14112603503927534	Sal41	TM16
TM16N1	0	Sal45	TM16
TM16P1	-0.05243470548158635	Sal45	TM16
TM16P2	0.03255559128643082	Sal45	TM16
TM16N1	0	Sal46	TM16
TM16P1	0.07096918379765249	Sal46	TM16
TM16P2	0.04134553200073565	Sal46	TM16
TM16N1	0	Sal58	TM16
TM16P1	0.012109454906311434	Sal58	TM16
TM16P2	0.0735830514146083	Sal58	TM16
TM16N1	0	Sal66	TM16
TM16P1	0.18543053611524218	Sal66	TM16
TM16P2	0.02565650010815501	Sal66	TM16
TM16N1	0	Sal74	TM16
TM16P1	-0.055574042272304336	Sal74	TM16
TM16P2	-0.09110476515801524	Sal74	TM16
TM16N1	0	Sal78	TM16
TM16P1	-0.0635475757079611	Sal78	TM16
TM16P2	-0.1594828873008174	Sal78	TM16
TM16N1	0	Sal84	TM16
TM16P1	-0.057467945425116795	Sal84	TM16
TM16P2	-0.13964807554802716	Sal84	TM16
TM17N1	0	JF12LA	TM17
TM17P1	0.027458276464452425	JF12LA	TM17
TM17P2	0.0345241011569537	JF12LA	TM17
TM17N1	0	JF21	TM17
TM17P1	0.7580964681040263	JF21	TM17
TM17P2	0.7913232061272182	JF21	TM17
TM17N1	0	JF27	TM17
TM17P1	0.1906322650660397	JF27	TM17
TM17P2	0.06785086782142224	JF27	TM17
TM17N1	0	Nax10	TM17
TM17P1	0.009950794811782071	Nax10	TM17
TM17P2	0.01332056021153405	Nax10	TM17
TM17N1	0	Nax11	TM17
TM17P1	0.20080415130372264	Nax11	TM17
TM17P2	0.020838281823775784	Nax11	TM17
TM17N1	0	Nax17LA	TM17
TM17P1	-0.0062019943762186	Nax17LA	TM17
TM17P2	-0.013521484472314604	Nax17LA	TM17
TM17N1	0	Nax17UA	TM17
TM17P1	-0.08293435558365436	Nax17UA	TM17
TM17P2	-0.028915746571799517	Nax17UA	TM17
TM17N1	0	Nax18	TM17
TM17P1	0.6540168580075458	Nax18	TM17
TM17P2	0.6856815097491302	Nax18	TM17
TM17N1	0	Nax30	TM17
TM17P1	-0.1739504046658844	Nax30	TM17
TM17P2	-0.07084258553679845	Nax30	TM17
TM17N1	0	Nax38	TM17
TM17P1	0.00533031141524809	Nax38	TM17
TM17P2	-0.10516456326190227	Nax38	TM17
TM17N1	0	Nax40UA	TM17
TM17P1	-0.09204989723790291	Nax40UA	TM17
TM17P2	0.0011090833053204463	Nax40UA	TM17
TM17N1	0	Nax49	TM17
TM17P1	-0.08104338288402424	Nax49	TM17
TM17P2	-0.0346175860673803	Nax49	TM17
TM17N1	0	Nax50	TM17
TM17P1	0.002730260757967784	Nax50	TM17
TM17P2	0.040903107268455585	Nax50	TM17
TM17N1	0	Nax51	TM17
TM17P1	-0.02540850836189623	Nax51	TM17
TM17P2	0.012264934092121038	Nax51	TM17
TM17N1	0	Nax56	TM17
TM17P1	-0.5029168585102664	Nax56	TM17
TM17P2	0.05758044102601456	Nax56	TM17
TM17N1	0	Nax68	TM17
TM17P1	0.03941276001371907	Nax68	TM17
TM17P2	0.011583241589609994	Nax68	TM17
TM17N1	0	S1124	TM17
TM17P1	0.3560821661352165	S1124	TM17
TM17P2	0.12405361324592423	S1124	TM17
TM17N1	0	Sal21	TM17
TM17P1	0.5414538640297692	Sal21	TM17
TM17P2	-0.4114210056484584	Sal21	TM17
TM17N1	0	Sal22	TM17
TM17P1	0.02032424893806084	Sal22	TM17
TM17P2	0.006929936878046661	Sal22	TM17
TM17N1	0	Sal41	TM17
TM17P1	0.11461090379782934	Sal41	TM17
TM17P2	-0.077394871573083	Sal41	TM17
TM17N1	0	Sal45	TM17
TM17P1	-0.803191699648341	Sal45	TM17
TM17P2	-0.3200437670650391	Sal45	TM17
TM17N1	0	Sal46	TM17
TM17P1	-0.28340970613143757	Sal46	TM17
TM17P2	-0.1311346506170037	Sal46	TM17
TM17N1	0	Sal52	TM17
TM17P1	-0.17054880682431683	Sal52	TM17
TM17P2	-0.021029723725495497	Sal52	TM17
TM17N1	0	Sal58	TM17
TM17P1	0.24828843784760402	Sal58	TM17
TM17P2	-0.15252151638272426	Sal58	TM17
TM17N1	0	Sal66	TM17
TM17P1	0.5299464082660847	Sal66	TM17
TM17P2	-0.009154692363178007	Sal66	TM17
TM17N1	0	Sal74	TM17
TM17P1	-0.2412263366008527	Sal74	TM17
TM17P2	-0.057706405851558173	Sal74	TM17
TM17N1	0	Sal78	TM17
TM17P1	-0.19527968025178222	Sal78	TM17
TM17P2	-0.07745611346806847	Sal78	TM17
TM17N1	0	Sal84	TM17
TM17P1	0.08545775926539045	Sal84	TM17
TM17P2	-0.06011364517923301	Sal84	TM17
TM17N1	0	Sal87	TM17
TM17P1	-0.08044087713510795	Sal87	TM17
TM17P2	0.09309316044704996	Sal87	TM17
TM18N1	0	JF12	TM18
TM18P1	0.026728592095000003	JF12	TM18
TM18P2	0.002015690790891256	JF12	TM18
TM18N1	0	JF21	TM18
TM18P1	-0.21406955002413275	JF21	TM18
TM18P2	-0.07584735986705438	JF21	TM18
TM18N1	0	JF27	TM18
TM18P1	-0.0968678530570437	JF27	TM18
TM18P2	0.009611877661570123	JF27	TM18
TM18N1	0	Nax10	TM18
TM18P1	0.023101614868222153	Nax10	TM18
TM18P2	0.04245576914689009	Nax10	TM18
TM18N1	0	Nax11	TM18
TM18P1	-0.09913751039246943	Nax11	TM18
TM18P2	-0.1590391178765831	Nax11	TM18
TM18N1	0	Nax17	TM18
TM18P1	-0.09807443887823553	Nax17	TM18
TM18P2	-0.042121449097114017	Nax17	TM18
TM18N1	0	Nax18	TM18
TM18P1	-0.0364387059339224	Nax18	TM18
TM18P2	-0.13075449989242927	Nax18	TM18
TM18N1	0	Nax30	TM18
TM18P1	-0.37502623720958006	Nax30	TM18
TM18P2	-0.1389698818206453	Nax30	TM18
TM18N1	0	Nax38	TM18
TM18P1	0.14552902036397608	Nax38	TM18
TM18P2	0.07174003595828449	Nax38	TM18
TM18N1	0	Nax49	TM18
TM18P1	0.04628399681978257	Nax49	TM18
TM18P2	0.02286111442329597	Nax49	TM18
TM18N1	0	Nax50LA	TM18
TM18P1	-0.05207090719326857	Nax50LA	TM18
TM18P2	-0.04025812605101642	Nax50LA	TM18
TM18N1	0	Nax50UA	TM18
TM18P1	-0.3400277416980231	Nax50UA	TM18
TM18P2	-0.16720902965743134	Nax50UA	TM18
TM18N1	0	Nax51	TM18
TM18P1	0.06098085471013093	Nax51	TM18
TM18P2	-0.022247503583527894	Nax51	TM18
TM18N1	0	Nax56	TM18
TM18P1	-0.050892467263990326	Nax56	TM18
TM18P2	-0.030636526510506634	Nax56	TM18
TM18N1	0	Nax68	TM18
TM18P1	-0.028490743871972146	Nax68	TM18
TM18P2	0.002213778179364745	Nax68	TM18
TM18N1	0	S1124	TM18
TM18P1	-0.2115038693814144	S1124	TM18
TM18P2	-0.20413549779514817	S1124	TM18
TM18N1	0	Sal21	TM18
TM18P1	-0.2239617610540252	Sal21	TM18
TM18P2	-0.25376704340620293	Sal21	TM18
TM18N1	0	Sal22LA	TM18
TM18P1	0.04212381308618829	Sal22LA	TM18
TM18P2	0.023750711852752904	Sal22LA	TM18
TM18N1	0	Sal22UA	TM18
TM18P1	0.005105321777228777	Sal22UA	TM18
TM18P2	-0.021496815248466472	Sal22UA	TM18
TM18N1	0	Sal27	TM18
TM18P1	-0.0027339400862529395	Sal27	TM18
TM18P2	0.01105849355667976	Sal27	TM18
TM18N1	0	Sal41	TM18
TM18P1	0.9016750150600483	Sal41	TM18
TM18P2	0.4189729148092871	Sal41	TM18
TM18N1	0	Sal45LA	TM18
TM18P1	0.004420385876097832	Sal45LA	TM18
TM18P2	0.0315801759608183	Sal45LA	TM18
TM18N1	0	Sal45UA	TM18
TM18P1	-0.33770720880085214	Sal45UA	TM18
TM18P2	-0.2013324726290282	Sal45UA	TM18
TM18N1	0	Sal46	TM18
TM18P1	0.07500357864210372	Sal46	TM18
TM18P2	0.09239700682643592	Sal46	TM18
TM18N1	0	Sal52	TM18
TM18P1	-0.029079195323619356	Sal52	TM18
TM18P2	-0.04031057375523961	Sal52	TM18
TM18N1	0	Sal58	TM18
TM18P1	0.25711547590516215	Sal58	TM18
TM18P2	0.07242809428259678	Sal58	TM18
TM18N1	0	Sal74	TM18
TM18P1	0.20631946631033848	Sal74	TM18
TM18P2	0.21383655104585353	Sal74	TM18
TM18N1	0	Sal78	TM18
TM18P1	-0.04314533893253625	Sal78	TM18
TM18P2	0.009555830521805975	Sal78	TM18
TM18N1	0	Sal84	TM18
TM18P1	-0.008553011927418197	Sal84	TM18
TM18P2	-0.09644550672758712	Sal84	TM18
TM18N1	0	Sal87	TM18
TM18P1	-0.11818526535109708	Sal87	TM18
TM18P2	-0.10652416353447514	Sal87	TM18
TM22N1	0	JF12LA	TM22
TM22P1	0.0032026218007961127	JF12LA	TM22
TM22P2	-0.022020425344766892	JF12LA	TM22
TM22P3	0.02240932695575948	JF12LA	TM22
TM22N1	0	JF12UA	TM22
TM22P1	0.058587873852864014	JF12UA	TM22
TM22P2	0.025448146369739355	JF12UA	TM22
TM22P3	0.01926174426917715	JF12UA	TM22
TM22N1	0	JF21	TM22
TM22P1	0.1717517276106082	JF21	TM22
TM22P2	0.10650847421574916	JF21	TM22
TM22P3	0.07670690026017857	JF21	TM22
TM22N1	0	JF27	TM22
TM22P1	0.0014184861760901946	JF27	TM22
TM22P2	0.007913514995666393	JF27	TM22
TM22P3	0.011165819422165324	JF27	TM22
TM22N1	0	Nax11	TM22
TM22P1	0.057386345959313356	Nax11	TM22
TM22P2	0.15314228409047592	Nax11	TM22
TM22P3	0.18743470832281206	Nax11	TM22
TM22N1	0	Nax17	TM22
TM22P1	-0.18255720193325242	Nax17	TM22
TM22P2	-0.449941734223942	Nax17	TM22
TM22P3	-0.3178433387656563	Nax17	TM22
TM22N1	0	Nax18	TM22
TM22P1	0.04809459440460273	Nax18	TM22
TM22P2	-0.012302912892965256	Nax18	TM22
TM22P3	-0.0283539282969838	Nax18	TM22
TM22N1	0	Nax30	TM22
TM22P1	-0.06348758254699405	Nax30	TM22
TM22P2	-0.06265576559915242	Nax30	TM22
TM22P3	-0.06152018563631412	Nax30	TM22
TM22N1	0	Nax38	TM22
TM22P1	0.69820871136102	Nax38	TM22
TM22P2	0.6296160359279259	Nax38	TM22
TM22P3	0.6610580549375822	Nax38	TM22
TM22N1	0	Nax40	TM22
TM22P1	-0.024206850292483928	Nax40	TM22
TM22P2	-0.16850553306732063	Nax40	TM22
TM22P3	-0.2081008829368587	Nax40	TM22
TM22N1	0	Nax49	TM22
TM22P1	0.024886155043301716	Nax49	TM22
TM22P2	0.024989741159219925	Nax49	TM22
TM22P3	-0.0016391596630387362	Nax49	TM22
TM22N1	0	Nax50	TM22
TM22P1	0.04810605390765099	Nax50	TM22
TM22P2	0.022356506275536425	Nax50	TM22
TM22P3	0.01084448859579723	Nax50	TM22
TM22N1	0	Nax51	TM22
TM22P1	0.03588835502587262	Nax51	TM22
TM22P2	0.405684391005356	Nax51	TM22
TM22P3	0.27867621677065113	Nax51	TM22
TM22N1	0	Nax56	TM22
TM22P1	0.1814387178274286	Nax56	TM22
TM22P2	0.18822987016660875	Nax56	TM22
TM22P3	0.15974117553979195	Nax56	TM22
TM22N1	0	Nax68	TM22
TM22P1	0.0311050596033442	Nax68	TM22
TM22P2	0.010951169572501307	Nax68	TM22
TM22P3	0.010345221024965934	Nax68	TM22
TM22N1	0	S1124	TM22
TM22P1	0.15968426382550405	S1124	TM22
TM22P2	0.1071940317114013	S1124	TM22
TM22P3	0.08691006413856517	S1124	TM22
TM22N1	0	Sal21	TM22
TM22P1	0.019274107171176613	Sal21	TM22
TM22P2	-0.031882389458637306	Sal21	TM22
TM22P3	0.022385107663403403	Sal21	TM22
TM22N1	0	Sal22	TM22
TM22P1	0.05168332298864975	Sal22	TM22
TM22P2	0.02070469388744467	Sal22	TM22
TM22P3	0.03408128983585401	Sal22	TM22
TM22N1	0	Sal27	TM22
TM22P1	0.10590441982264132	Sal27	TM22
TM22P2	-0.020855431403414837	Sal27	TM22
TM22P3	-0.11663801476734958	Sal27	TM22
TM22N1	0	Sal41UA	TM22
TM22P1	-0.0229036693457898	Sal41UA	TM22
TM22P2	0.004733733035070298	Sal41UA	TM22
TM22P3	-0.0018764598590372827	Sal41UA	TM22
TM22N1	0	Sal45	TM22
TM22P1	7.999610198385909e-4	Sal45	TM22
TM22P2	-6.878899288680351e-4	Sal45	TM22
TM22P3	-0.009367280697516023	Sal45	TM22
TM22N1	0	Sal46	TM22
TM22P1	0.04106122498919973	Sal46	TM22
TM22P2	0.03797642762232156	Sal46	TM22
TM22P3	0.034870644440523346	Sal46	TM22
TM22N1	0	Sal52	TM22
TM22P1	-0.6449280388095677	Sal52	TM22
TM22P2	-1.009107702912337	Sal52	TM22
TM22P3	-0.7911517973208833	Sal52	TM22
TM22N1	0	Sal58	TM22
TM22P1	-0.002361907751583736	Sal58	TM22
TM22P2	-0.014371306208912582	Sal58	TM22
TM22P3	-0.014127364711060686	Sal58	TM22
TM22N1	0	Sal66	TM22
TM22P1	0.13016907121425803	Sal66	TM22
TM22P2	0.08440676493066057	Sal66	TM22
TM22P3	0.09670183538526134	Sal66	TM22
TM22N1	0	Sal74LA	TM22
TM22P1	-0.001368432571977607	Sal74LA	TM22
TM22P2	-0.049638882022587705	Sal74LA	TM22
TM22P3	0.005319486137708385	Sal74LA	TM22
TM22N1	0	Sal74UA	TM22
TM22P1	0.30891702098459906	Sal74UA	TM22
TM22P2	0.34626518550633545	Sal74UA	TM22
TM22P3	0.3139100898568561	Sal74UA	TM22
TM22N1	0	Sal78	TM22
TM22P1	0.06496873511630552	Sal78	TM22
TM22P2	-0.31372836717064567	Sal78	TM22
TM22P3	-0.09259515498295956	Sal78	TM22
TM22N1	0	Sal84	TM22
TM22P1	-0.09753210077085583	Sal84	TM22
TM22P2	0.5894110496111344	Sal84	TM22
TM22P3	0.5294432011005785	Sal84	TM22
TM22N1	0	Sal87	TM22
TM22P1	0.24450416694001653	Sal87	TM22
TM22P2	0.1369830760534514	Sal87	TM22
TM22P3	0.1425712852306109	Sal87	TM22
TM23N1	0	JF12	TM23
TM23P1	-0.011218220367514853	JF12	TM23
TM23P2	-0.011284005749651271	JF12	TM23
TM23N1	0	JF27	TM23
TM23P1	0.005303727906589284	JF27	TM23
TM23P2	0.2149368097126274	JF27	TM23
TM23N1	0	Nax10	TM23
TM23P1	-0.049878253233055725	Nax10	TM23
TM23P2	2.606847756838615e-4	Nax10	TM23
TM23N1	0	Nax11	TM23
TM23P1	0.011801940119346988	Nax11	TM23
TM23P2	0.11396462271238406	Nax11	TM23
TM23N1	0	Nax17	TM23
TM23P1	-0.08694455235390874	Nax17	TM23
TM23P2	-0.05959460514698467	Nax17	TM23
TM23N1	0	Nax38	TM23
TM23P1	0.05895920720941383	Nax38	TM23
TM23P2	0.12143362313885309	Nax38	TM23
TM23N1	0	Nax40	TM23
TM23P1	-0.030700342168601846	Nax40	TM23
TM23P2	-0.018528693655841977	Nax40	TM23
TM23N1	0	Nax49	TM23
TM23P1	0.004958145251098056	Nax49	TM23
TM23P2	0.02625182178185881	Nax49	TM23
TM23N1	0	Nax50	TM23
TM23P1	-0.029388205386478905	Nax50	TM23
TM23P2	-0.296950577789612	Nax50	TM23
TM23N1	0	Nax51	TM23
TM23P1	0.01886855737928972	Nax51	TM23
TM23P2	-0.021527984482072604	Nax51	TM23
TM23N1	0	Nax56	TM23
TM23P1	-0.19768359848541506	Nax56	TM23
TM23P2	-0.7072929543139415	Nax56	TM23
TM23N1	0	S1124	TM23
TM23P1	-4.51982588428379e-4	S1124	TM23
TM23P2	0.6262450405716908	S1124	TM23
TM23N1	0	Sal21	TM23
TM23P1	0.08411032799248197	Sal21	TM23
TM23P2	0.27478974790229493	Sal21	TM23
TM23N1	0	Sal22LA	TM23
TM23P1	0.11960663836277385	Sal22LA	TM23
TM23P2	0.13612745212797384	Sal22LA	TM23
TM23N1	0	Sal22UA	TM23
TM23P1	0.06481628239005799	Sal22UA	TM23
TM23P2	-0.09364134592098106	Sal22UA	TM23
TM23N1	0	Sal27	TM23
TM23P1	-0.1776089914525718	Sal27	TM23
TM23P2	0.03828195356819952	Sal27	TM23
TM23N1	0	Sal41UA	TM23
TM23P1	0.0961131714465493	Sal41UA	TM23
TM23P2	-0.5211773558677404	Sal41UA	TM23
TM23N1	0	Sal45LA	TM23
TM23P1	-0.06059116602247583	Sal45LA	TM23
TM23P2	-0.023907941373694896	Sal45LA	TM23
TM23N1	0	Sal45UA	TM23
TM23P1	-0.06625006012305823	Sal45UA	TM23
TM23P2	-0.1077018657658182	Sal45UA	TM23
TM23N1	0	Sal46	TM23
TM23P1	-0.08708506136077832	Sal46	TM23
TM23P2	-0.0378816049318238	Sal46	TM23
TM23N1	0	Sal52	TM23
TM23P1	-0.08846677252787938	Sal52	TM23
TM23P2	-0.12359378909482865	Sal52	TM23
TM23N1	0	Sal58	TM23
TM23P1	0.04573146921717086	Sal58	TM23
TM23P2	0.1287022471217547	Sal58	TM23
TM23N1	0	Sal66	TM23
TM23P1	-0.13303763966866855	Sal66	TM23
TM23P2	0.04429957396480644	Sal66	TM23
TM23N1	0	Sal74	TM23
TM23P1	0.13420400092735596	Sal74	TM23
TM23P2	0.308245388907626	Sal74	TM23
TM23N1	0	Sal78	TM23
TM23P1	0.05558540343801033	Sal78	TM23
TM23P2	-0.014455559101389959	Sal78	TM23
TM23N1	0	Sal84	TM23
TM23P1	-0.8999100965908662	Sal84	TM23
TM23P2	-1.177229842791664	Sal84	TM23
TM25N1	0	JF12UA	TM25
TM25P1	0.031704689632389815	JF12UA	TM25
TM25P2	0.015337350903628977	JF12UA	TM25
TM25N1	0	JF21	TM25
TM25P1	-0.20402236260824136	JF21	TM25
TM25P2	-0.15164882487127063	JF21	TM25
TM25N1	0	Nax10	TM25
TM25P1	0.026746008889887873	Nax10	TM25
TM25P2	-0.012268324219740112	Nax10	TM25
TM25N1	0	Nax11	TM25
TM25P1	0.018208884641716327	Nax11	TM25
TM25P2	-0.017708506255553313	Nax11	TM25
TM25N1	0	Nax17	TM25
TM25P1	0.2288681780787769	Nax17	TM25
TM25P2	0.05037210252472857	Nax17	TM25
TM25N1	0	Nax18	TM25
TM25P1	0.04686156225980964	Nax18	TM25
TM25P2	0.01839331105234754	Nax18	TM25
TM25N1	0	Nax30	TM25
TM25P1	-0.03200969904527806	Nax30	TM25
TM25P2	-0.09162145642771868	Nax30	TM25
TM25N1	0	Nax40UA	TM25
TM25P1	0.04795536727188576	Nax40UA	TM25
TM25P2	0.021628723378022574	Nax40UA	TM25
TM25N1	0	Nax50LA	TM25
TM25P1	0.06326151651955181	Nax50LA	TM25
TM25P2	0.03781976948485477	Nax50LA	TM25
TM25N1	0	Nax50UA	TM25
TM25P1	0.01868696968948802	Nax50UA	TM25
TM25P2	-0.008342784197267417	Nax50UA	TM25
TM25N1	0	Nax51	TM25
TM25P1	0.03229230743223699	Nax51	TM25
TM25P2	0.006497439930340576	Nax51	TM25
TM25N1	0	Nax56	TM25
TM25P1	0.05816691047680944	Nax56	TM25
TM25P2	0.07134835115637106	Nax56	TM25
TM25N1	0	S1124	TM25
TM25P1	0.040299418437782286	S1124	TM25
TM25P2	0.017879392925846282	S1124	TM25
TM25N1	0	Sal21	TM25
TM25P1	0.01846407276237727	Sal21	TM25
TM25P2	0.0018674036192671828	Sal21	TM25
TM25N1	0	Sal22	TM25
TM25P1	-0.004413867076828559	Sal22	TM25
TM25P2	-0.016505231113379537	Sal22	TM25
TM25N1	0	Sal27	TM25
TM25P1	0.08484683885036004	Sal27	TM25
TM25P2	-0.009535101390293121	Sal27	TM25
TM25N1	0	Sal45	TM25
TM25P1	0.03972040402396182	Sal45	TM25
TM25P2	-0.1692132165753657	Sal45	TM25
TM25N1	0	Sal46	TM25
TM25P1	-0.09861687664211516	Sal46	TM25
TM25P2	-0.03880243458765431	Sal46	TM25
TM25N1	0	Sal52	TM25
TM25P1	0.027704430313863604	Sal52	TM25
TM25P2	0.043893207088194774	Sal52	TM25
TM25N1	0	Sal58	TM25
TM25P1	0.023605102404297806	Sal58	TM25
TM25P2	0.0025816497399562266	Sal58	TM25
TM25N1	0	Sal74	TM25
TM25P1	-0.43677946819466085	Sal74	TM25
TM25P2	-0.17983673213115026	Sal74	TM25
TM25N1	0	Sal78	TM25
TM25P1	0.049634324667439333	Sal78	TM25
TM25P2	0.020122861813662407	Sal78	TM25
TM25N1	0	Sal84LA	TM25
TM25P1	-0.01643674127236361	Sal84LA	TM25
TM25P2	-0.00870427450127087	Sal84LA	TM25
TM25N1	0	Sal84UA	TM25
TM25P1	0.003627478199097256	Sal84UA	TM25
TM25P2	6.851247398516058e-4	Sal84UA	TM25
TM26N1	0	JF12	TM26
TM26P1	0.6735746173569779	JF12	TM26
TM26P2	0.5171266433163542	JF12	TM26
TM26N1	0	JF27	TM26
TM26P1	-0.005087778830768386	JF27	TM26
TM26P2	-0.0782752319597555	JF27	TM26
TM26N1	0	Nax10	TM26
TM26P1	-0.03771028770602003	Nax10	TM26
TM26P2	-0.04923174712138678	Nax10	TM26
TM26N1	0	Nax11	TM26
TM26P1	-0.09283234984324373	Nax11	TM26
TM26P2	-0.05375078336889949	Nax11	TM26
TM26N1	0	Nax17	TM26
TM26P1	-0.10733664289174705	Nax17	TM26
TM26P2	-0.12107683104729627	Nax17	TM26
TM26N1	0	Nax30	TM26
TM26P1	0.03643483003913861	Nax30	TM26
TM26P2	-0.023118929635067786	Nax30	TM26
TM26N1	0	Nax38	TM26
TM26P1	-0.16156011520939462	Nax38	TM26
TM26P2	-0.08157127116473362	Nax38	TM26
TM26N1	0	Nax40UA	TM26
TM26P1	0.056182142702636106	Nax40UA	TM26
TM26P2	0.08435495246568259	Nax40UA	TM26
TM26N1	0	Nax49	TM26
TM26P1	-0.022751206287566106	Nax49	TM26
TM26P2	-0.022736669218745842	Nax49	TM26
TM26N1	0	Nax50	TM26
TM26P1	0.9662746654613885	Nax50	TM26
TM26P2	0.47617359787218216	Nax50	TM26
TM26N1	0	Nax51	TM26
TM26P1	0.10405292705632974	Nax51	TM26
TM26P2	0.1420687297251506	Nax51	TM26
TM26N1	0	Nax56	TM26
TM26P1	-0.013332669108899964	Nax56	TM26
TM26P2	0.08351527756174537	Nax56	TM26
TM26N1	0	S1124	TM26
TM26P1	-0.11904141866863549	S1124	TM26
TM26P2	-0.1089693209356879	S1124	TM26
TM26N1	0	Sal21	TM26
TM26P1	0.083070614099233	Sal21	TM26
TM26P2	0.120536575093519	Sal21	TM26
TM26N1	0	Sal22LA	TM26
TM26P1	0.04441293755421105	Sal22LA	TM26
TM26P2	0.07256731712911169	Sal22LA	TM26
TM26N1	0	Sal22UA	TM26
TM26P1	0.0536410349986558	Sal22UA	TM26
TM26P2	0.09752450262794676	Sal22UA	TM26
TM26N1	0	Sal27	TM26
TM26P1	-0.012545411573184673	Sal27	TM26
TM26P2	0.05065134957552919	Sal27	TM26
TM26N1	0	Sal41LA	TM26
TM26P1	0.03189904561822843	Sal41LA	TM26
TM26P2	0.015548413843111675	Sal41LA	TM26
TM26N1	0	Sal41UA	TM26
TM26P1	-0.16289597512985887	Sal41UA	TM26
TM26P2	-0.06922268179663504	Sal41UA	TM26
TM26N1	0	Sal45LA	TM26
TM26P1	-0.2865374314387785	Sal45LA	TM26
TM26P2	-0.19196542977606823	Sal45LA	TM26
TM26N1	0	Sal45UA	TM26
TM26P1	-0.01826942590584668	Sal45UA	TM26
TM26P2	-0.036393570132227104	Sal45UA	TM26
TM26N1	0	Sal46	TM26
TM26P1	0.002633597762994544	Sal46	TM26
TM26P2	0.007179479139752143	Sal46	TM26
TM26N1	0	Sal52	TM26
TM26P1	0.01323124264472808	Sal52	TM26
TM26P2	0.009495662856277676	Sal52	TM26
TM26N1	0	Sal58	TM26
TM26P1	-0.004610316947385673	Sal58	TM26
TM26P2	0.0026685695070529647	Sal58	TM26
TM26N1	0	Sal74	TM26
TM26P1	0.0552237105045128	Sal74	TM26
TM26P2	0.03925574857215608	Sal74	TM26
TM26N1	0	Sal78	TM26
TM26P1	-0.04384464287129752	Sal78	TM26
TM26P2	-0.04642696655648093	Sal78	TM26
TM26N1	0	Sal84	TM26
TM26P1	-0.09002653486292456	Sal84	TM26
TM26P2	-0.08941055739676917	Sal84	TM26
TM26N1	0	Sal87	TM26
TM26P1	0.0581720766842766	Sal87	TM26
TM26P2	0.06165841292689356	Sal87	TM26
TM28N1	0	JF12	TM28
TM28P1	0.055721113039102654	JF12	TM28
TM28P2	0.060563465384198434	JF12	TM28
TM28N1	0	JF21	TM28
TM28P1	-0.016615461051801006	JF21	TM28
TM28P2	-0.13505463875047496	JF21	TM28
TM28N1	0	Nax10	TM28
TM28P1	-0.02205290885919564	Nax10	TM28
TM28P2	0.01076402391756437	Nax10	TM28
TM28N1	0	Nax11	TM28
TM28P1	0.009612129023893523	Nax11	TM28
TM28P2	-0.016797768366501042	Nax11	TM28
TM28N1	0	Nax17	TM28
TM28P1	-0.18170709669200047	Nax17	TM28
TM28P2	0.13724270493731527	Nax17	TM28
TM28N1	0	Nax18	TM28
TM28P1	-0.028820524805361458	Nax18	TM28
TM28P2	0.06560192845082913	Nax18	TM28
TM28N1	0	Nax38	TM28
TM28P1	-0.22626924902719558	Nax38	TM28
TM28P2	-0.2520729131753221	Nax38	TM28
TM28N1	0	Nax49	TM28
TM28P1	-0.10352535456182865	Nax49	TM28
TM28P2	-0.004283560561436861	Nax49	TM28
TM28N1	0	Nax50LA	TM28
TM28P1	-0.09313093959292207	Nax50LA	TM28
TM28P2	-0.0459105182958095	Nax50LA	TM28
TM28N1	0	Nax50UA	TM28
TM28P1	5.006526014470492e-4	Nax50UA	TM28
TM28P2	0.0037166046069740943	Nax50UA	TM28
TM28N1	0	Nax51	TM28
TM28P1	-0.035647963519729764	Nax51	TM28
TM28P2	-0.053832651571045886	Nax51	TM28
TM28N1	0	Nax56	TM28
TM28P1	-0.020824134340911016	Nax56	TM28
TM28P2	-0.04835670309486506	Nax56	TM28
TM28N1	0	S1124	TM28
TM28P1	-0.09231259118113666	S1124	TM28
TM28P2	0.03368010881990546	S1124	TM28
TM28N1	0	Sal21	TM28
TM28P1	0.1350714708154599	Sal21	TM28
TM28P2	0.053676255649168336	Sal21	TM28
TM28N1	0	Sal22	TM28
TM28P1	0.0011997389055946606	Sal22	TM28
TM28P2	0.035504786127192656	Sal22	TM28
TM28N1	0	Sal45	TM28
TM28P1	0.010833063273886445	Sal45	TM28
TM28P2	-0.004043569737880226	Sal45	TM28
TM28N1	0	Sal46	TM28
TM28P1	-0.0011080105523149086	Sal46	TM28
TM28P2	0.07567781937624218	Sal46	TM28
TM28N1	0	Sal52LA	TM28
TM28P1	-0.00929105758664095	Sal52LA	TM28
TM28P2	-0.0023371875980973122	Sal52LA	TM28
TM28N1	0	Sal52UA	TM28
TM28P1	-0.05328877401494614	Sal52UA	TM28
TM28P2	-0.004834170358598122	Sal52UA	TM28
TM28N1	0	Sal58	TM28
TM28P1	0.061066419701194974	Sal58	TM28
TM28P2	-0.03530501718172152	Sal58	TM28
TM28N1	0	Sal74	TM28
TM28P1	0.08200274333722657	Sal74	TM28
TM28P2	-0.08729566094515206	Sal74	TM28
TM28N1	0	Sal78	TM28
TM28P1	0.003900585103474352	Sal78	TM28
TM28P2	4.4800290042967816e-4	Sal78	TM28
TM28N1	0	Sal84	TM28
TM28P1	0.018189312557964854	Sal84	TM28
TM28P2	0.05934310410614385	Sal84	TM28
TM28N1	0	Sal87	TM28
TM28P1	0.031211779944420925	Sal87	TM28
TM28P2	0.022358300300591605	Sal87	TM28
TM29N1	0	JF21	TM29
TM29P1	-0.039753865014803935	JF21	TM29
TM29P2	0.033394883292801936	JF21	TM29
TM29N1	0	JF27LA	TM29
TM29P1	0.0661513604832229	JF27LA	TM29
TM29P2	0.05601915435405713	JF27LA	TM29
TM29N1	0	JF27UA	TM29
TM29P1	0.021892446566877943	JF27UA	TM29
TM29P2	0.04690710191199576	JF27UA	TM29
TM29N1	0	Nax10	TM29
TM29P1	0.005873826840331109	Nax10	TM29
TM29P2	-0.03237150484392037	Nax10	TM29
TM29N1	0	Nax11	TM29
TM29P1	0.05925862541490101	Nax11	TM29
TM29P2	0.017561629875612716	Nax11	TM29
TM29N1	0	Nax17	TM29
TM29P1	0.017606083570958386	Nax17	TM29
TM29P2	0.05429651293846405	Nax17	TM29
TM29N1	0	Nax30	TM29
TM29P1	-0.33245487353489356	Nax30	TM29
TM29P2	0.04343088174257925	Nax30	TM29
TM29N1	0	Nax38	TM29
TM29P1	0.09925270716033552	Nax38	TM29
TM29P2	0.3722959593800761	Nax38	TM29
TM29N1	0	Nax49	TM29
TM29P1	0.05265466453174561	Nax49	TM29
TM29P2	0.04791374435596962	Nax49	TM29
TM29N1	0	Nax50LA	TM29
TM29P1	-0.024865392472902315	Nax50LA	TM29
TM29P2	-0.001921979642673044	Nax50LA	TM29
TM29N1	0	Nax50UA	TM29
TM29P1	-0.004409847488677343	Nax50UA	TM29
TM29P2	-0.01591489122139844	Nax50UA	TM29
TM29N1	0	Nax51	TM29
TM29P1	-0.9710014398462699	Nax51	TM29
TM29P2	-0.04073584218235471	Nax51	TM29
TM29N1	0	Nax56LA	TM29
TM29P1	0.08534921313320742	Nax56LA	TM29
TM29P2	-0.004785749543590345	Nax56LA	TM29
TM29N1	0	Nax56UA	TM29
TM29P1	0.04603896487684089	Nax56UA	TM29
TM29P2	-0.02207157678969729	Nax56UA	TM29
TM29N1	0	Nax68	TM29
TM29P1	0.020234588071073034	Nax68	TM29
TM29P2	0.05946977702968903	Nax68	TM29
TM29N1	0	S1124	TM29
TM29P1	-0.23678219583470828	S1124	TM29
TM29P2	0.02166957535945624	S1124	TM29
TM29N1	0	Sal21	TM29
TM29P1	-0.009449283237811468	Sal21	TM29
TM29P2	-0.024040260323913376	Sal21	TM29
TM29N1	0	Sal22	TM29
TM29P1	-0.0158549586002934	Sal22	TM29
TM29P2	-0.11494709097335898	Sal22	TM29
TM29N1	0	Sal27	TM29
TM29P1	0.04848404230463643	Sal27	TM29
TM29P2	-0.011666717397752713	Sal27	TM29
TM29N1	0	Sal41	TM29
TM29P1	0.40648644702206216	Sal41	TM29
TM29P2	-0.017192945418332606	Sal41	TM29
TM29N1	0	Sal45	TM29
TM29P1	0.06352055316297056	Sal45	TM29
TM29P2	-0.010980248050152852	Sal45	TM29
TM29N1	0	Sal46	TM29
TM29P1	0.007714528434628498	Sal46	TM29
TM29P2	0.007386962883606074	Sal46	TM29
TM29N1	0	Sal52	TM29
TM29P1	-0.04547822125375678	Sal52	TM29
TM29P2	0.020847856813730026	Sal52	TM29
TM29N1	0	Sal58	TM29
TM29P1	0.001933348889676445	Sal58	TM29
TM29P2	-0.005975026580174347	Sal58	TM29
TM29N1	0	Sal74	TM29
TM29P1	-0.14123335941764825	Sal74	TM29
TM29P2	0.08810509386875198	Sal74	TM29
TM29N1	0	Sal78	TM29
TM29P1	-0.2525016394908546	Sal78	TM29
TM29P2	0.0080954031000533	Sal78	TM29
TM29N1	0	Sal84	TM29
TM29P1	-0.08810096675516066	Sal84	TM29
TM29P2	8.561099205470768e-4	Sal84	TM29
TM29N1	0	Sal87	TM29
TM29P1	-0.15461969291047284	Sal87	TM29
TM29P2	0.18922196061986618	Sal87	TM29
TM2N1	0	JF12	TM2
TM2P1	0.14795242834543343	JF12	TM2
TM2P2	0.06979520136913786	JF12	TM2
TM2N1	0	JF27	TM2
TM2P1	0.03483897247003931	JF27	TM2
TM2P2	-0.010670237437502728	JF27	TM2
TM2N1	0	Nax10	TM2
TM2P1	0.04794713046112298	Nax10	TM2
TM2P2	0.02159061975036769	Nax10	TM2
TM2N1	0	Nax11	TM2
TM2P1	-0.007837500766775918	Nax11	TM2
TM2P2	0.021907354790445144	Nax11	TM2
TM2N1	0	Nax17	TM2
TM2P1	-0.3080013260983754	Nax17	TM2
TM2P2	-0.01885897780855661	Nax17	TM2
TM2N1	0	Nax40UA	TM2
TM2P1	0.10702293200229551	Nax40UA	TM2
TM2P2	0.08083226383814823	Nax40UA	TM2
TM2N1	0	Nax43	TM2
TM2P1	-0.1332456462091236	Nax43	TM2
TM2P2	-0.0740882575882491	Nax43	TM2
TM2N1	0	Nax47	TM2
TM2P1	-0.18438220058529797	Nax47	TM2
TM2P2	0.326690151309208	Nax47	TM2
TM2N1	0	Nax50UA	TM2
TM2P1	-0.0654692703473192	Nax50UA	TM2
TM2P2	-0.00239662385758721	Nax50UA	TM2
TM2N1	0	Nax51	TM2
TM2P1	0.051171510422585165	Nax51	TM2
TM2P2	0.08382193092720414	Nax51	TM2
TM2N1	0	Nax55	TM2
TM2P1	-0.0056900600669402834	Nax55	TM2
TM2P2	0.07389310237804514	Nax55	TM2
TM2N1	0	S1124	TM2
TM2P1	0.024545344213754205	S1124	TM2
TM2P2	-0.16255616212872726	S1124	TM2
TM2N1	0	Sal21LA	TM2
TM2P1	0.07337580558431656	Sal21LA	TM2
TM2P2	0.02373804215105313	Sal21LA	TM2
TM2N1	0	Sal21UA	TM2
TM2P1	-0.11561031414691714	Sal21UA	TM2
TM2P2	-0.16470129194251815	Sal21UA	TM2
TM2N1	0	Sal22LA	TM2
TM2P1	0.004315506751981335	Sal22LA	TM2
TM2P2	-0.07009435143699738	Sal22LA	TM2
TM2N1	0	Sal22UA	TM2
TM2P1	0.07461086525229099	Sal22UA	TM2
TM2P2	0.03817897667071213	Sal22UA	TM2
TM2N1	0	Sal27	TM2
TM2P1	0.08316757586513246	Sal27	TM2
TM2P2	-0.034635678252860735	Sal27	TM2
TM2N1	0	Sal41LA	TM2
TM2P1	-0.056695218640022915	Sal41LA	TM2
TM2P2	-0.015516359800278323	Sal41LA	TM2
TM2N1	0	Sal41UA	TM2
TM2P1	0.08423071202689814	Sal41UA	TM2
TM2P2	0.18874754366100177	Sal41UA	TM2
TM2N1	0	Sal45	TM2
TM2P1	0.052944292775530144	Sal45	TM2
TM2P2	0.03822521869131501	Sal45	TM2
TM2N1	0	Sal46	TM2
TM2P1	0.018172408824800534	Sal46	TM2
TM2P2	0.009445264957144595	Sal46	TM2
TM2N1	0	Sal52	TM2
TM2P1	0.012733290259273389	Sal52	TM2
TM2P2	0.036973000183863736	Sal52	TM2
TM2N1	0	Sal58	TM2
TM2P1	-0.039142661542846735	Sal58	TM2
TM2P2	0.04418262255193506	Sal58	TM2
TM2N1	0	Sal66	TM2
TM2P1	-0.11151641742850771	Sal66	TM2
TM2P2	0.26401508624369896	Sal66	TM2
TM2N1	0	Sal74	TM2
TM2P1	0.05045137084654572	Sal74	TM2
TM2P2	-0.006552096669707241	Sal74	TM2
TM2N1	0	Sal78LA	TM2
TM2P1	0.0748650725796014	Sal78LA	TM2
TM2P2	0.07873358371520967	Sal78LA	TM2
TM2N1	0	Sal87	TM2
TM2P1	0.009472271874261917	Sal87	TM2
TM2P2	0.029410142333524014	Sal87	TM2
TM30N1	0	JF21	TM30
TM30P1	-0.44477046075330806	JF21	TM30
TM30P2	-0.03893849968937335	JF21	TM30
TM30N1	0	Nax15	TM30
TM30P1	-0.049347367272651876	Nax15	TM30
TM30P2	0.03924309478611043	Nax15	TM30
TM30N1	0	Nax17	TM30
TM30P1	0.0924238708551135	Nax17	TM30
TM30P2	-0.057895880918968246	Nax17	TM30
TM30N1	0	Nax18	TM30
TM30P1	-0.058392634474638605	Nax18	TM30
TM30P2	0.047366889756721875	Nax18	TM30
TM30N1	0	Nax30	TM30
TM30P1	-0.19715831917954585	Nax30	TM30
TM30P2	0.04731136800144409	Nax30	TM30
TM30N1	0	Nax38	TM30
TM30P1	-0.08699706478969382	Nax38	TM30
TM30P2	0.0017482188988307001	Nax38	TM30
TM30N1	0	Nax40	TM30
TM30P1	0.0096659042929996275	Nax40	TM30
TM30P2	0.00262752636408381	Nax40	TM30
TM30N1	0	Nax43	TM30
TM30P1	0.018624116972037585	Nax43	TM30
TM30P2	9.172637881502688e-4	Nax43	TM30
TM30N1	0	Nax47	TM30
TM30P1	0.22048779194600776	Nax47	TM30
TM30P2	0.11105592331410019	Nax47	TM30
TM30N1	0	Nax49	TM30
TM30P1	0.001187171980049584	Nax49	TM30
TM30P2	0.0076207814316004985	Nax49	TM30
TM30N1	0	Nax50	TM30
TM30P1	0.013164384219555458	Nax50	TM30
TM30P2	0.033053567098519476	Nax50	TM30
TM30N1	0	Nax51	TM30
TM30P1	-0.5282940305406045	Nax51	TM30
TM30P2	-0.011730026388163672	Nax51	TM30
TM30N1	0	Nax55	TM30
TM30P1	0.07086615072475988	Nax55	TM30
TM30P2	0.009739063541915005	Nax55	TM30
TM30N1	0	Nax56	TM30
TM30P1	0.0018668184417953704	Nax56	TM30
TM30P2	0.039016786111596424	Nax56	TM30
TM30N1	0	S1124	TM30
TM30P1	0.42112062891510726	S1124	TM30
TM30P2	0.030066882750896085	S1124	TM30
TM30N1	0	Sal21	TM30
TM30P1	0.08383178187099771	Sal21	TM30
TM30P2	0.02317081373817853	Sal21	TM30
TM30N1	0	Sal22	TM30
TM30P1	0.04302398610067559	Sal22	TM30
TM30P2	0.0024176657633008247	Sal22	TM30
TM30N1	0	Sal26LA	TM30
TM30P1	0.03874279743827902	Sal26LA	TM30
TM30P2	0.0266482614462924	Sal26LA	TM30
TM30N1	0	Sal26UA	TM30
TM30P1	0.008277636139511824	Sal26UA	TM30
TM30P2	0.014213431625068385	Sal26UA	TM30
TM30N1	0	Sal2	TM30
TM30P1	-0.0056567339610411604	Sal2	TM30
TM30P2	0.001658744483696628	Sal2	TM30
TM30N1	0	Sal46	TM30
TM30P1	0.009329119057297941	Sal46	TM30
TM30P2	-3.694976799151206e-4	Sal46	TM30
TM30N1	0	Sal57	TM30
TM30P1	0.015133479542523975	Sal57	TM30
TM30P2	0.008880210208151329	Sal57	TM30
TM30N1	0	Sal58	TM30
TM30P1	0.1357794575857043	Sal58	TM30
TM30P2	0.024880993760662218	Sal58	TM30
TM30N1	0	Sal74	TM30
TM30P1	0.03131283191025247	Sal74	TM30
TM30P2	0.03564872470564717	Sal74	TM30
TM30N1	0	Sal78	TM30
TM30P1	0.061595728693472296	Sal78	TM30
TM30P2	0.038852625746648606	Sal78	TM30
TM30N1	0	Sal87	TM30
TM30P1	0.1273638335417755	Sal87	TM30
TM30P2	0.018554145005323264	Sal87	TM30
TM31N1	0	JF21	TM31
TM31P1	-0.10110816355810348	JF21	TM31
TM31P2	-0.07006813105182541	JF21	TM31
TM31N1	0	Nax15	TM31
TM31P1	0.004084550155997846	Nax15	TM31
TM31P2	0.013025401448719887	Nax15	TM31
TM31N1	0	Nax17	TM31
TM31P1	0.058163475607257986	Nax17	TM31
TM31P2	0.10257050622770603	Nax17	TM31
TM31N1	0	Nax18	TM31
TM31P1	-0.009932514222223965	Nax18	TM31
TM31P2	0.021460917117772205	Nax18	TM31
TM31N1	0	Nax30	TM31
TM31P1	0.012211749488914236	Nax30	TM31
TM31P2	0.019897366855078147	Nax30	TM31
TM31N1	0	Nax38	TM31
TM31P1	-0.04090698043010832	Nax38	TM31
TM31P2	0.011034348056035093	Nax38	TM31
TM31N1	0	Nax40	TM31
TM31P1	0.2052403686115012	Nax40	TM31
TM31P2	0.13135548732542635	Nax40	TM31
TM31N1	0	Nax43	TM31
TM31P1	-0.03676112033332135	Nax43	TM31
TM31P2	0.017860808453832533	Nax43	TM31
TM31N1	0	Nax47	TM31
TM31P1	0.20498279760029448	Nax47	TM31
TM31P2	0.0832514387501595	Nax47	TM31
TM31N1	0	Nax49	TM31
TM31P1	0.006838384401488096	Nax49	TM31
TM31P2	0.013841581478981624	Nax49	TM31
TM31N1	0	Nax50LA	TM31
TM31P1	0.1430239261900348	Nax50LA	TM31
TM31P2	0.019107813233223858	Nax50LA	TM31
TM31N1	0	Nax50UA	TM31
TM31P1	-0.008840419366735075	Nax50UA	TM31
TM31P2	0.0032771286166257685	Nax50UA	TM31
TM31N1	0	Nax51	TM31
TM31P1	0.05074171403017491	Nax51	TM31
TM31P2	0.05959006389110577	Nax51	TM31
TM31N1	0	Nax55	TM31
TM31P1	0.014380948839844976	Nax55	TM31
TM31P2	3.3826610774667643e-6	Nax55	TM31
TM31N1	0	Nax56	TM31
TM31P1	-0.22995976303120846	Nax56	TM31
TM31P2	-0.10495504952127988	Nax56	TM31
TM31N1	0	Nax68	TM31
TM31P1	0.02087311629074451	Nax68	TM31
TM31P2	0.00388908644456043	Nax68	TM31
TM31N1	0	S1124	TM31
TM31P1	-0.034602205342689984	S1124	TM31
TM31P2	0.024410925720527832	S1124	TM31
TM31N1	0	Sal21	TM31
TM31P1	0.021416896238833694	Sal21	TM31
TM31P2	-4.6499626233931224e-5	Sal21	TM31
TM31N1	0	Sal22	TM31
TM31P1	0.04989875805571842	Sal22	TM31
TM31P2	0.008894594577760095	Sal22	TM31
TM31N1	0	Sal26LA	TM31
TM31P1	-0.0729794306917051	Sal26LA	TM31
TM31P2	-0.07905351121839566	Sal26LA	TM31
TM31N1	0	Sal26UA	TM31
TM31P1	0.024969572798730244	Sal26UA	TM31
TM31P2	-1.6125765686059168e-4	Sal26UA	TM31
TM31N1	0	Sal2	TM31
TM31P1	-0.009063109808989056	Sal2	TM31
TM31P2	0.0157092181006806	Sal2	TM31
TM31N1	0	Sal46	TM31
TM31P1	-0.07177854470707246	Sal46	TM31
TM31P2	-0.028028388115982406	Sal46	TM31
TM31N1	0	Sal57	TM31
TM31P1	-0.013655021782530419	Sal57	TM31
TM31P2	-0.03912132652760825	Sal57	TM31
TM31N1	0	Sal58	TM31
TM31P1	0.0062610965543346	Sal58	TM31
TM31P2	0.00560308704865653	Sal58	TM31
TM31N1	0	Sal66	TM31
TM31P1	-0.070363587103317915	Sal66	TM31
TM31P2	-0.004071238102685282	Sal66	TM31
TM31N1	0	Sal74	TM31
TM31P1	0.010399836470916135	Sal74	TM31
TM31P2	-0.031896979980732265	Sal74	TM31
TM31N1	0	Sal78	TM31
TM31P1	0.0190304604428837	Sal78	TM31
TM31P2	0.0472066885606961	Sal78	TM31
TM31N1	0	Sal87	TM31
TM31P1	0.23230161098652458	Sal87	TM31
TM31P2	0.36770585016027013	Sal87	TM31
TM32N1	0	JF21	TM32
TM32P1	-0.0291337559760958	JF21	TM32
TM32P2	-0.34851621201579297	JF21	TM32
TM32N1	0	Nax10	TM32
TM32P1	0.022417180653406366	Nax10	TM32
TM32P2	0.011503822201999192	Nax10	TM32
TM32N1	0	Nax15	TM32
TM32P1	0.008295320020068164	Nax15	TM32
TM32P2	0.010702443230294012	Nax15	TM32
TM32N1	0	Nax18	TM32
TM32P1	-0.06872287828109602	Nax18	TM32
TM32P2	0.08163534684217932	Nax18	TM32
TM32N1	0	Nax30	TM32
TM32P1	0.357735258640433	Nax30	TM32
TM32P2	0.3836023002903337	Nax30	TM32
TM32N1	0	Nax38	TM32
TM32P1	-0.02638070893753941	Nax38	TM32
TM32P2	-0.07805974003202643	Nax38	TM32
TM32N1	0	Nax40	TM32
TM32P1	0.030367907604136768	Nax40	TM32
TM32P2	-0.008311293280967469	Nax40	TM32
TM32N1	0	Nax43LA	TM32
TM32P1	0.008195211003399372	Nax43LA	TM32
TM32P2	0.034797385979534745	Nax43LA	TM32
TM32N1	0	Nax49	TM32
TM32P1	-0.0942672113466605	Nax49	TM32
TM32P2	-0.07133738841451587	Nax49	TM32
TM32N1	0	Nax50LA	TM32
TM32P1	0.013765098746223003	Nax50LA	TM32
TM32P2	0.07503834278838983	Nax50LA	TM32
TM32N1	0	Nax50UA	TM32
TM32P1	-0.010308501130854575	Nax50UA	TM32
TM32P2	0.013285695628650007	Nax50UA	TM32
TM32N1	0	Nax51	TM32
TM32P1	0.06035435340090611	Nax51	TM32
TM32P2	-0.22232833260361318	Nax51	TM32
TM32N1	0	Nax55	TM32
TM32P1	0.19782672955325387	Nax55	TM32
TM32P2	0.16698705030953231	Nax55	TM32
TM32N1	0	Nax68	TM32
TM32P1	0.16200203093514398	Nax68	TM32
TM32P2	0.1044945555676442	Nax68	TM32
TM32N1	0	S1124	TM32
TM32P1	0.024154881904694836	S1124	TM32
TM32P2	0.1590252924563682	S1124	TM32
TM32N1	0	Sal21	TM32
TM32P1	-0.07128168901706111	Sal21	TM32
TM32P2	-0.4406104526942727	Sal21	TM32
TM32N1	0	Sal22LA	TM32
TM32P1	0.05151495647690618	Sal22LA	TM32
TM32P2	0.02270420436671028	Sal22LA	TM32
TM32N1	0	Sal22UA	TM32
TM32P1	0.08816579438838312	Sal22UA	TM32
TM32P2	-0.006539925769455834	Sal22UA	TM32
TM32N1	0	Sal26	TM32
TM32P1	-0.028868538011695755	Sal26	TM32
TM32P2	-0.031487014479430364	Sal26	TM32
TM32N1	0	Sal27	TM32
TM32P1	-0.16115935656005442	Sal27	TM32
TM32P2	0.14643307709990117	Sal27	TM32
TM32N1	0	Sal2	TM32
TM32P1	0.00959493413447765	Sal2	TM32
TM32P2	9.49389267926426e-4	Sal2	TM32
TM32N1	0	Sal46	TM32
TM32P1	0.02191904378785603	Sal46	TM32
TM32P2	-5.204781368322031e-4	Sal46	TM32
TM32N1	0	Sal58	TM32
TM32P1	0.041076548892034825	Sal58	TM32
TM32P2	-0.10811019400883959	Sal58	TM32
TM32N1	0	Sal74	TM32
TM32P1	0.10349976058305588	Sal74	TM32
TM32P2	-0.06523610644682964	Sal74	TM32
TM32N1	0	Sal78	TM32
TM32P1	0.007813315398383036	Sal78	TM32
TM32P2	-0.02913467723268859	Sal78	TM32
TM33N1	0	JF21	TM33
TM33P1	-0.11377900806741792	JF21	TM33
TM33P2	-0.19410611448529735	JF21	TM33
TM33N1	0	Nax15	TM33
TM33P1	-0.02695690361389591	Nax15	TM33
TM33P2	-0.022278833024623523	Nax15	TM33
TM33N1	0	Nax17LA	TM33
TM33P1	0.01991897369464657	Nax17LA	TM33
TM33P2	-0.00864019350548828	Nax17LA	TM33
TM33N1	0	Nax17UA	TM33
TM33P1	-0.2532224105171266	Nax17UA	TM33
TM33P2	-0.7284558430654151	Nax17UA	TM33
TM33N1	0	Nax30	TM33
TM33P1	0.06733971473417188	Nax30	TM33
TM33P2	0.10330865892459418	Nax30	TM33
TM33N1	0	Nax38	TM33
TM33P1	-0.006600286672512112	Nax38	TM33
TM33P2	0.032509607632401405	Nax38	TM33
TM33N1	0	Nax40	TM33
TM33P1	0.041608953504956414	Nax40	TM33
TM33P2	0.013408179920574526	Nax40	TM33
TM33N1	0	Nax43	TM33
TM33P1	-0.051352862803933697	Nax43	TM33
TM33P2	0.038937947798583394	Nax43	TM33
TM33N1	0	Nax47	TM33
TM33P1	0.13806523392953274	Nax47	TM33
TM33P2	0.12547556921404812	Nax47	TM33
TM33N1	0	Nax49	TM33
TM33P1	0.003546041962955382	Nax49	TM33
TM33P2	0.00919281335948341	Nax49	TM33
TM33N1	0	Nax50LA	TM33
TM33P1	-0.026500595781882907	Nax50LA	TM33
TM33P2	0.013573601037003336	Nax50LA	TM33
TM33N1	0	Nax50UA	TM33
TM33P1	0.005944118261881126	Nax50UA	TM33
TM33P2	-0.013785031911397683	Nax50UA	TM33
TM33N1	0	Nax51	TM33
TM33P1	0.0012927240755757907	Nax51	TM33
TM33P2	-0.06988281780413708	Nax51	TM33
TM33N1	0	Nax55	TM33
TM33P1	-0.21710893847242074	Nax55	TM33
TM33P2	0.07298072320911553	Nax55	TM33
TM33N1	0	Nax56	TM33
TM33P1	0.08217668717404791	Nax56	TM33
TM33P2	0.16759117197232332	Nax56	TM33
TM33N1	0	Nax68	TM33
TM33P1	0.035534845723586894	Nax68	TM33
TM33P2	0.027599234870470557	Nax68	TM33
TM33N1	0	S1124	TM33
TM33P1	-0.0020001979652954915	S1124	TM33
TM33P2	-0.20980658025038768	S1124	TM33
TM33N1	0	Sal21LA	TM33
TM33P1	0.0025869759143621884	Sal21LA	TM33
TM33P2	-0.015282181646001813	Sal21LA	TM33
TM33N1	0	Sal21UA	TM33
TM33P1	-0.01840375832459129	Sal21UA	TM33
TM33P2	-0.03668446478918508	Sal21UA	TM33
TM33N1	0	Sal22LA	TM33
TM33P1	0.0025729230659585767	Sal22LA	TM33
TM33P2	0.013203274612262561	Sal22LA	TM33
TM33N1	0	Sal22UA	TM33
TM33P1	0.005009212081566794	Sal22UA	TM33
TM33P2	0.036027933812343704	Sal22UA	TM33
TM33N1	0	Sal26	TM33
TM33P1	-0.018133079679500952	Sal26	TM33
TM33P2	-0.005450045865582176	Sal26	TM33
TM33N1	0	Sal2	TM33
TM33P1	-0.005124911314800418	Sal2	TM33
TM33P2	0.006408764383218912	Sal2	TM33
TM33N1	0	Sal46	TM33
TM33P1	-0.11001442390042948	Sal46	TM33
TM33P2	0.022954160227555143	Sal46	TM33
TM33N1	0	Sal57	TM33
TM33P1	-0.025413280527673	Sal57	TM33
TM33P2	0.025994649259799996	Sal57	TM33
TM33N1	0	Sal58	TM33
TM33P1	0.010735692103974515	Sal58	TM33
TM33P2	0.01621789593794709	Sal58	TM33
TM33N1	0	Sal66	TM33
TM33P1	-0.020652805501977234	Sal66	TM33
TM33P2	-0.02892574948943727	Sal66	TM33
TM33N1	0	Sal74	TM33
TM33P1	0.008392722923102891	Sal74	TM33
TM33P2	0.012199508397837011	Sal74	TM33
TM33N1	0	Sal78	TM33
TM33P1	0.06172621781212673	Sal78	TM33
TM33P2	-0.025584345172644962	Sal78	TM33
TM33N1	0	Sal87	TM33
TM33P1	-0.003948330470250561	Sal87	TM33
TM33P2	0.011116646833464472	Sal87	TM33
TM34N1	0	JF21	TM34
TM34P1	-0.11752899568779895	JF21	TM34
TM34P2	0.012830314578086366	JF21	TM34
TM34N1	0	Nax10	TM34
TM34P1	0.04284485760342349	Nax10	TM34
TM34P2	0.017109604693438474	Nax10	TM34
TM34N1	0	Nax15	TM34
TM34P1	-0.021974614473219578	Nax15	TM34
TM34P2	0.024474914112075474	Nax15	TM34
TM34N1	0	Nax18	TM34
TM34P1	0.04320862246922186	Nax18	TM34
TM34P2	0.0189229744104229	Nax18	TM34
TM34N1	0	Nax30	TM34
TM34P1	0.026459417055863632	Nax30	TM34
TM34P2	-0.09363909347064325	Nax30	TM34
TM34N1	0	Nax38	TM34
TM34P1	-0.23302214797157994	Nax38	TM34
TM34P2	-0.19419969338999366	Nax38	TM34
TM34N1	0	Nax40	TM34
TM34P1	-0.2041766587068281	Nax40	TM34
TM34P2	-0.3201606180397487	Nax40	TM34
TM34N1	0	Nax43LA	TM34
TM34P1	-0.038236457797837575	Nax43LA	TM34
TM34P2	-0.018102840345662008	Nax43LA	TM34
TM34N1	0	Nax47	TM34
TM34P1	0.1422631466078359	Nax47	TM34
TM34P2	0.1673901564704856	Nax47	TM34
TM34N1	0	Nax49	TM34
TM34P1	0.005323006431656729	Nax49	TM34
TM34P2	-0.001154856115038072	Nax49	TM34
TM34N1	0	Nax50LA	TM34
TM34P1	0.019910437914386847	Nax50LA	TM34
TM34P2	0.0377999132680884	Nax50LA	TM34
TM34N1	0	Nax50UA	TM34
TM34P1	-0.0018648269987120436	Nax50UA	TM34
TM34P2	-0.011475419417658506	Nax50UA	TM34
TM34N1	0	Nax51	TM34
TM34P1	0.07056344547894522	Nax51	TM34
TM34P2	0.07576302434042859	Nax51	TM34
TM34N1	0	Nax55	TM34
TM34P1	-0.09851140553613202	Nax55	TM34
TM34P2	-0.14272502810838228	Nax55	TM34
TM34N1	0	Nax56	TM34
TM34P1	0.0632107824756174	Nax56	TM34
TM34P2	0.034870398903711575	Nax56	TM34
TM34N1	0	S1124	TM34
TM34P1	-0.0972891888364158	S1124	TM34
TM34P2	-0.11259390499895883	S1124	TM34
TM34N1	0	Sal21	TM34
TM34P1	-0.259977595627193	Sal21	TM34
TM34P2	-0.26483996879709615	Sal21	TM34
TM34N1	0	Sal22LA	TM34
TM34P1	0.047626046848088244	Sal22LA	TM34
TM34P2	-0.0036428223278361926	Sal22LA	TM34
TM34N1	0	Sal22UA	TM34
TM34P1	0.05819019729948405	Sal22UA	TM34
TM34P2	0.03881227926373665	Sal22UA	TM34
TM34N1	0	Sal26LA	TM34
TM34P1	-0.025864727844818525	Sal26LA	TM34
TM34P2	-0.025243726996349025	Sal26LA	TM34
TM34N1	0	Sal26UA	TM34
TM34P1	0.013428887141529788	Sal26UA	TM34
TM34P2	-0.005860200876230959	Sal26UA	TM34
TM34N1	0	Sal2	TM34
TM34P1	0.011383985852771117	Sal2	TM34
TM34P2	-7.848220940773754e-4	Sal2	TM34
TM34N1	0	Sal46	TM34
TM34P1	0.006829045950249135	Sal46	TM34
TM34P2	0.005273040303715781	Sal46	TM34
TM34N1	0	Sal57	TM34
TM34P1	-0.008097803825653616	Sal57	TM34
TM34P2	-0.005613196317956426	Sal57	TM34
TM34N1	0	Sal58	TM34
TM34P1	-0.009207287691368027	Sal58	TM34
TM34P2	0.021666622430199123	Sal58	TM34
TM34N1	0	Sal66	TM34
TM34P1	0.0030855335109607473	Sal66	TM34
TM34P2	-0.023838469810121943	Sal66	TM34
TM34N1	0	Sal74	TM34
TM34P1	0.005182183902944004	Sal74	TM34
TM34P2	0.004637012345349412	Sal74	TM34
TM34N1	0	Sal78	TM34
TM34P1	0.02349032309686505	Sal78	TM34
TM34P2	0.01270267812099135	Sal78	TM34
TM34N1	0	Sal87	TM34
TM34P1	0.1287157099589118	Sal87	TM34
TM34P2	0.13968448387609733	Sal87	TM34
TM36N1	0	JF21	TM36
TM36P1	-2.413512364167758e-4	JF21	TM36
TM36P2	-0.03403376512807377	JF21	TM36
TM36N1	0	Nax15	TM36
TM36P1	0.2464844575621279	Nax15	TM36
TM36P2	-0.0431810162958457	Nax15	TM36
TM36N1	0	Nax17LA	TM36
TM36P1	0.0636259993662569	Nax17LA	TM36
TM36P2	-0.030040549215313295	Nax17LA	TM36
TM36N1	0	Nax17UA	TM36
TM36P1	0.16856919637020695	Nax17UA	TM36
TM36P2	0.018684458678540405	Nax17UA	TM36
TM36N1	0	Nax30	TM36
TM36P1	0.007893406969095018	Nax30	TM36
TM36P2	0.012051521939811849	Nax30	TM36
TM36N1	0	Nax38	TM36
TM36P1	-0.059937537596099766	Nax38	TM36
TM36P2	0.21395864114378504	Nax38	TM36
TM36N1	0	Nax40	TM36
TM36P1	0.11136799649809381	Nax40	TM36
TM36P2	0.01927550783994869	Nax40	TM36
TM36N1	0	Nax47	TM36
TM36P1	0.26186011332808157	Nax47	TM36
TM36P2	0.18155817533904983	Nax47	TM36
TM36N1	0	Nax49	TM36
TM36P1	-0.006638788967272102	Nax49	TM36
TM36P2	0.009710736996252134	Nax49	TM36
TM36N1	0	Nax50	TM36
TM36P1	0.00614592373327838	Nax50	TM36
TM36P2	0.07024438550300793	Nax50	TM36
TM36N1	0	Nax51	TM36
TM36P1	0.08310500525395614	Nax51	TM36
TM36P2	0.11515495901286954	Nax51	TM36
TM36N1	0	Nax55	TM36
TM36P1	0.05458065537681467	Nax55	TM36
TM36P2	-0.017042821823437748	Nax55	TM36
TM36N1	0	Nax56	TM36
TM36P1	0.03287231320907136	Nax56	TM36
TM36P2	0.014722306542089392	Nax56	TM36
TM36N1	0	S1124	TM36
TM36P1	-0.035017258122783446	S1124	TM36
TM36P2	0.03924715213424079	S1124	TM36
TM36N1	0	Sal21	TM36
TM36P1	0.02632969686555997	Sal21	TM36
TM36P2	-0.02959575011215909	Sal21	TM36
TM36N1	0	Sal22	TM36
TM36P1	-0.008268522989767213	Sal22	TM36
TM36P2	-0.010541458787304059	Sal22	TM36
TM36N1	0	Sal26LA	TM36
TM36P1	0.019762980091058147	Sal26LA	TM36
TM36P2	0.010563182978232	Sal26LA	TM36
TM36N1	0	Sal26UA	TM36
TM36P1	-0.00219140052225697	Sal26UA	TM36
TM36P2	0.003390321221416581	Sal26UA	TM36
TM36N1	0	Sal2	TM36
TM36P1	-0.002661459608162886	Sal2	TM36
TM36P2	-0.01341911368898252	Sal2	TM36
TM36N1	0	Sal46	TM36
TM36P1	-0.038059994543882425	Sal46	TM36
TM36P2	0.025086826025074505	Sal46	TM36
TM36N1	0	Sal57	TM36
TM36P1	0.2683366096742419	Sal57	TM36
TM36P2	0.04358377365762056	Sal57	TM36
TM36N1	0	Sal58	TM36
TM36P1	0.024997003094658243	Sal58	TM36
TM36P2	-0.09680647407383569	Sal58	TM36
TM36N1	0	Sal66	TM36
TM36P1	0.05924328975350868	Sal66	TM36
TM36P2	-0.005753218723159037	Sal66	TM36
TM36N1	0	Sal74	TM36
TM36P1	-0.029769748331548218	Sal74	TM36
TM36P2	-0.05838220832471075	Sal74	TM36
TM36N1	0	Sal78	TM36
TM36P1	0.016437736429913752	Sal78	TM36
TM36P2	7.599757946383789e-4	Sal78	TM36
TM36N1	0	Sal87	TM36
TM36P1	-0.10438707441896211	Sal87	TM36
TM36P2	-0.19100884929373096	Sal87	TM36
TM37N1	0	JF21	TM37
TM37P1	-0.06147480532031002	JF21	TM37
TM37P2	0.018295965683245097	JF21	TM37
TM37P3	0.005674853975944583	JF21	TM37
TM37N1	0	Nax10	TM37
TM37P1	0.005508673323171731	Nax10	TM37
TM37P2	0.025444700685278487	Nax10	TM37
TM37P3	-0.004256254114528346	Nax10	TM37
TM37N1	0	Nax15	TM37
TM37P1	0.02227834091318659	Nax15	TM37
TM37P2	0.029547535426769578	Nax15	TM37
TM37P3	0.02584880887934382	Nax15	TM37
TM37N1	0	Nax17LA	TM37
TM37P1	-0.01620749980749414	Nax17LA	TM37
TM37P2	0.015882680836122542	Nax17LA	TM37
TM37P3	0.004669333515754381	Nax17LA	TM37
TM37N1	0	Nax17UA	TM37
TM37P1	-0.018495560889755236	Nax17UA	TM37
TM37P2	0.03665791369884719	Nax17UA	TM37
TM37P3	1.7085169717612203e-4	Nax17UA	TM37
TM37N1	0	Nax18	TM37
TM37P1	-0.0069316072956091546	Nax18	TM37
TM37P2	-0.007735915725778142	Nax18	TM37
TM37P3	-0.005971353181704053	Nax18	TM37
TM37N1	0	Nax30	TM37
TM37P1	-0.032315135886543445	Nax30	TM37
TM37P2	0.036739966511308175	Nax30	TM37
TM37P3	0.027843584206783234	Nax30	TM37
TM37N1	0	Nax38	TM37
TM37P1	0.05307208604558511	Nax38	TM37
TM37P2	-0.032956397657754266	Nax38	TM37
TM37P3	0.08330406672372614	Nax38	TM37
TM37N1	0	Nax40LA	TM37
TM37P1	-2.821074196404094e-4	Nax40LA	TM37
TM37P2	0.0034937026705064156	Nax40LA	TM37
TM37P3	0.0016153413049806442	Nax40LA	TM37
TM37N1	0	Nax40UA	TM37
TM37P1	0.02567045810567592	Nax40UA	TM37
TM37P2	0.06280243946202013	Nax40UA	TM37
TM37P3	0.025460241055316857	Nax40UA	TM37
TM37N1	0	Nax43	TM37
TM37P1	0.11687403882987546	Nax43	TM37
TM37P2	-0.08114063229443058	Nax43	TM37
TM37P3	0.06155496153549489	Nax43	TM37
TM37N1	0	Nax47	TM37
TM37P1	0.05282056548790681	Nax47	TM37
TM37P2	0.22155206565824326	Nax47	TM37
TM37P3	0.2239466282412934	Nax47	TM37
TM37N1	0	Nax49	TM37
TM37P1	-0.027924201633109824	Nax49	TM37
TM37P2	-0.18683311690957805	Nax49	TM37
TM37P3	-0.03150870852973764	Nax49	TM37
TM37N1	0	Nax50	TM37
TM37P1	0.01230409952767264	Nax50	TM37
TM37P2	0.015511136711946705	Nax50	TM37
TM37P3	0.11227781131860137	Nax50	TM37
TM37N1	0	Nax51	TM37
TM37P1	6.263779825772531e-4	Nax51	TM37
TM37P2	0.19126676547808863	Nax51	TM37
TM37P3	0.03327500472203848	Nax51	TM37
TM37N1	0	Nax55	TM37
TM37P1	0.022151646740237396	Nax55	TM37
TM37P2	0.11394353576809824	Nax55	TM37
TM37P3	0.012687908759065003	Nax55	TM37
TM37N1	0	Nax56	TM37
TM37P1	0.14931006456727847	Nax56	TM37
TM37P2	0.6803176453543864	Nax56	TM37
TM37P3	0.13625917560729572	Nax56	TM37
TM37N1	0	Nax68	TM37
TM37P1	-0.0605794886745441	Nax68	TM37
TM37P2	-0.05919176416991334	Nax68	TM37
TM37P3	-0.028314895849965938	Nax68	TM37
TM37N1	0	S1124	TM37
TM37P1	-0.020175767000165656	S1124	TM37
TM37P2	-0.03110312888765332	S1124	TM37
TM37P3	0.010122677247148104	S1124	TM37
TM37N1	0	Sal21	TM37
TM37P1	-0.09709597926119651	Sal21	TM37
TM37P2	-0.10258467590462139	Sal21	TM37
TM37P3	-0.1210933798604863	Sal21	TM37
TM37N1	0	Sal22LA	TM37
TM37P1	-0.019855279773383305	Sal22LA	TM37
TM37P2	0.035357220856288674	Sal22LA	TM37
TM37P3	0.022190203871849334	Sal22LA	TM37
TM37N1	0	Sal22UA	TM37
TM37P1	-0.0024313334771055573	Sal22UA	TM37
TM37P2	0.02597115708226383	Sal22UA	TM37
TM37P3	0.015567719010443959	Sal22UA	TM37
TM37N1	0	Sal2	TM37
TM37P1	-0.0920528271963259	Sal2	TM37
TM37P2	-0.0020790905170882112	Sal2	TM37
TM37P3	-0.005170221565903077	Sal2	TM37
TM37N1	0	Sal57	TM37
TM37P1	-0.008443777468775338	Sal57	TM37
TM37P2	-4.22839950904752e-4	Sal57	TM37
TM37P3	-0.0037498961515654017	Sal57	TM37
TM37N1	0	Sal58	TM37
TM37P1	0.10730972336248046	Sal58	TM37
TM37P2	0.006820917290076611	Sal58	TM37
TM37P3	-0.007383329559625285	Sal58	TM37
TM37N1	0	Sal66	TM37
TM37P1	0.0970163983744956	Sal66	TM37
TM37P2	0.06546440440831924	Sal66	TM37
TM37P3	0.1293333331867541	Sal66	TM37
TM37N1	0	Sal74	TM37
TM37P1	0.010339362800205087	Sal74	TM37
TM37P2	0.34962223451932406	Sal74	TM37
TM37P3	0.09767073222506095	Sal74	TM37
TM37N1	0	Sal78	TM37
TM37P1	-0.03044763871086298	Sal78	TM37
TM37P2	0.09940732771358762	Sal78	TM37
TM37P3	-0.03815407522146508	Sal78	TM37
TM37N1	0	Sal87	TM37
TM37P1	-0.00931789849001552	Sal87	TM37
TM37P2	0.1976868877604998	Sal87	TM37
TM37P3	0.01695469368676239	Sal87	TM37
TM38N1	0	JF21	TM38
TM38P1	-0.2470779465269053	JF21	TM38
TM38P2	0.27574154323626265	JF21	TM38
TM38N1	0	Nax10	TM38
TM38P1	-0.08007188334116577	Nax10	TM38
TM38P2	-0.04917078593279722	Nax10	TM38
TM38N1	0	Nax18	TM38
TM38P1	-0.0018454316554672445	Nax18	TM38
TM38P2	0.017569310838459806	Nax18	TM38
TM38N1	0	Nax30	TM38
TM38P1	0.0023289178665200083	Nax30	TM38
TM38P2	0.06016116635374846	Nax30	TM38
TM38N1	0	Nax38	TM38
TM38P1	-0.12540993928339006	Nax38	TM38
TM38P2	-0.2167433214285568	Nax38	TM38
TM38N1	0	Nax40LA	TM38
TM38P1	0.0023363947618351144	Nax40LA	TM38
TM38P2	0.011918318656642057	Nax40LA	TM38
TM38N1	0	Nax40UA	TM38
TM38P1	0.0210924801551724	Nax40UA	TM38
TM38P2	-0.009255028301539348	Nax40UA	TM38
TM38N1	0	Nax43	TM38
TM38P1	0.02731460697715793	Nax43	TM38
TM38P2	0.055612539948291406	Nax43	TM38
TM38N1	0	Nax47	TM38
TM38P1	0.05063540103337694	Nax47	TM38
TM38P2	0.13951377047885494	Nax47	TM38
TM38N1	0	Nax49	TM38
TM38P1	0.11461993773878731	Nax49	TM38
TM38P2	0.18272949833825258	Nax49	TM38
TM38N1	0	Nax50	TM38
TM38P1	-0.13612941596086348	Nax50	TM38
TM38P2	0.008892544531292401	Nax50	TM38
TM38N1	0	Nax51	TM38
TM38P1	-0.04127304026762335	Nax51	TM38
TM38P2	-0.04677264390114555	Nax51	TM38
TM38N1	0	Nax55	TM38
TM38P1	-0.036204402963664783	Nax55	TM38
TM38P2	-0.088110681240396	Nax55	TM38
TM38N1	0	Nax56	TM38
TM38P1	0.028271809637685053	Nax56	TM38
TM38P2	-0.030969911551741447	Nax56	TM38
TM38N1	0	S1124	TM38
TM38P1	-0.06958872173457031	S1124	TM38
TM38P2	-0.019704982852293718	S1124	TM38
TM38N1	0	Sal21	TM38
TM38P1	0.06995029974383327	Sal21	TM38
TM38P2	-0.020909444238525587	Sal21	TM38
TM38N1	0	Sal22	TM38
TM38P1	0.13241835353561004	Sal22	TM38
TM38P2	0.07799449822406856	Sal22	TM38
TM38N1	0	Sal46	TM38
TM38P1	-0.02373452040774282	Sal46	TM38
TM38P2	-0.028150050064513543	Sal46	TM38
TM38N1	0	Sal58	TM38
TM38P1	-0.1326767197639822	Sal58	TM38
TM38P2	-0.04095692248469396	Sal58	TM38
TM38N1	0	Sal74	TM38
TM38P1	-0.2111920736048738	Sal74	TM38
TM38P2	0.048317370735806886	Sal74	TM38
TM38N1	0	Sal78	TM38
TM38P1	-0.028671116669169994	Sal78	TM38
TM38P2	-0.024901217423177968	Sal78	TM38
TM39N1	0	JF21	TM39
TM39P1	-0.2032820513351563	JF21	TM39
TM39P2	-1.1063320893562176	JF21	TM39
TM39N1	0	Nax10	TM39
TM39P1	0.0931854747532439	Nax10	TM39
TM39P2	0.08313543075064089	Nax10	TM39
TM39N1	0	Nax15	TM39
TM39P1	0.030554400536439097	Nax15	TM39
TM39P2	0.020302276579902134	Nax15	TM39
TM39N1	0	Nax17	TM39
TM39P1	-0.10905825278909109	Nax17	TM39
TM39P2	-0.43569743091144364	Nax17	TM39
TM39N1	0	Nax30	TM39
TM39P1	-0.17408436540361283	Nax30	TM39
TM39P2	-0.130726609707164	Nax30	TM39
TM39N1	0	Nax38	TM39
TM39P1	0.29101869695398275	Nax38	TM39
TM39P2	-0.17120596926177534	Nax38	TM39
TM39N1	0	Nax40	TM39
TM39P1	0.23137722786497683	Nax40	TM39
TM39P2	0.1638984006614912	Nax40	TM39
TM39N1	0	Nax43	TM39
TM39P1	-0.05519814155468605	Nax43	TM39
TM39P2	-0.4125373664284031	Nax43	TM39
TM39N1	0	Nax49	TM39
TM39P1	-0.31980230062924253	Nax49	TM39
TM39P2	-0.3521381543808828	Nax49	TM39
TM39N1	0	Nax50	TM39
TM39P1	-0.01261825772804559	Nax50	TM39
TM39P2	-0.006630681988530007	Nax50	TM39
TM39N1	0	Nax51	TM39
TM39P1	-0.14360415232562262	Nax51	TM39
TM39P2	-0.27340946725309756	Nax51	TM39
TM39N1	0	Nax55	TM39
TM39P1	-0.09314768322455214	Nax55	TM39
TM39P2	-0.03738733382101378	Nax55	TM39
TM39N1	0	S1124	TM39
TM39P1	0.021124906030292934	S1124	TM39
TM39P2	-0.14750973858114103	S1124	TM39
TM39N1	0	Sal21LA	TM39
TM39P1	0.018647974827806113	Sal21LA	TM39
TM39P2	0.053179875000315846	Sal21LA	TM39
TM39N1	0	Sal21UA	TM39
TM39P1	-0.15733615449635474	Sal21UA	TM39
TM39P2	-0.2874668460537375	Sal21UA	TM39
TM39N1	0	Sal22LA	TM39
TM39P1	0.16442265758963748	Sal22LA	TM39
TM39P2	0.13198041881222977	Sal22LA	TM39
TM39N1	0	Sal22UA	TM39
TM39P1	0.0464768820018433	Sal22UA	TM39
TM39P2	0.05585958679287817	Sal22UA	TM39
TM39N1	0	Sal2	TM39
TM39P1	-0.0016644088530139989	Sal2	TM39
TM39P2	0.005534593127744625	Sal2	TM39
TM39N1	0	Sal46	TM39
TM39P1	-0.01536973573691558	Sal46	TM39
TM39P2	-0.003788664783575868	Sal46	TM39
TM39N1	0	Sal58LA	TM39
TM39P1	0.36114452060336943	Sal58LA	TM39
TM39P2	0.3652979202238773	Sal58LA	TM39
TM39N1	0	Sal58UA	TM39
TM39P1	-0.06825958504045837	Sal58UA	TM39
TM39P2	-0.0346244450825135	Sal58UA	TM39
TM39N1	0	Sal66	TM39
TM39P1	-0.11251071180132755	Sal66	TM39
TM39P2	-0.2232466408024285	Sal66	TM39
TM39N1	0	Sal74	TM39
TM39P1	0.040310938522368556	Sal74	TM39
TM39P2	0.047579420012771934	Sal74	TM39
TM39N1	0	Sal78	TM39
TM39P1	0.1353580679640629	Sal78	TM39
TM39P2	0.04773517471612099	Sal78	TM39
TM39N1	0	Sal87	TM39
TM39P1	0.018461967277384694	Sal87	TM39
TM39P2	-0.1022570602499604	Sal87	TM39
TM3N1	0	JF12	TM3
TM3P1	0.36337089401087486	JF12	TM3
TM3P2	-0.11323665024691731	JF12	TM3
TM3N1	0	JF21	TM3
TM3P1	-0.021917144024114155	JF21	TM3
TM3P2	-0.13626039732107564	JF21	TM3
TM3N1	0	JF27	TM3
TM3P1	0.13564954243186245	JF27	TM3
TM3P2	0.005466824434161577	JF27	TM3
TM3N1	0	Nax10	TM3
TM3P1	-1.019839992149052e-4	Nax10	TM3
TM3P2	-0.014493012081348677	Nax10	TM3
TM3N1	0	Nax17	TM3
TM3P1	-0.13366226564311923	Nax17	TM3
TM3P2	0.010480272942545277	Nax17	TM3
TM3N1	0	Nax30	TM3
TM3P1	0.04168366263264378	Nax30	TM3
TM3P2	0.08141361214608	Nax30	TM3
TM3N1	0	Nax38	TM3
TM3P1	-0.5123395928597079	Nax38	TM3
TM3P2	-0.14081886702327662	Nax38	TM3
TM3N1	0	Nax40UA	TM3
TM3P1	0.012530573567866465	Nax40UA	TM3
TM3P2	0.026102253196322422	Nax40UA	TM3
TM3N1	0	Nax49	TM3
TM3P1	-0.011063024667105292	Nax49	TM3
TM3P2	0.02389776539340227	Nax49	TM3
TM3N1	0	Nax50	TM3
TM3P1	0.0011703323432294965	Nax50	TM3
TM3P2	0.0052713302448044175	Nax50	TM3
TM3N1	0	S1124	TM3
TM3P1	0.09599130766794595	S1124	TM3
TM3P2	0.03636545656923218	S1124	TM3
TM3N1	0	Sal21	TM3
TM3P1	0.011419109438468134	Sal21	TM3
TM3P2	-0.007853471034421577	Sal21	TM3
TM3N1	0	Sal22	TM3
TM3P1	0.040732146772899824	Sal22	TM3
TM3P2	0.012528149724834403	Sal22	TM3
TM3N1	0	Sal27	TM3
TM3P1	0.01199717645222842	Sal27	TM3
TM3P2	-0.009743767041101137	Sal27	TM3
TM3N1	0	Sal41LA	TM3
TM3P1	0.1158400083580371	Sal41LA	TM3
TM3P2	-0.009548806959524425	Sal41LA	TM3
TM3N1	0	Sal41UA	TM3
TM3P1	-0.02897764344414533	Sal41UA	TM3
TM3P2	0.039344539936430944	Sal41UA	TM3
TM3N1	0	Sal45	TM3
TM3P1	-0.04878422910963698	Sal45	TM3
TM3P2	-0.034807620922502114	Sal45	TM3
TM3N1	0	Sal46	TM3
TM3P1	0.005545125551641217	Sal46	TM3
TM3P2	0.008426083777582694	Sal46	TM3
TM3N1	0	Sal52	TM3
TM3P1	0.7531893552744231	Sal52	TM3
TM3P2	-0.12151807130176806	Sal52	TM3
TM3N1	0	Sal58	TM3
TM3P1	0.21197215481700704	Sal58	TM3
TM3P2	-0.19578589028844018	Sal58	TM3
TM3N1	0	Sal66	TM3
TM3P1	0.01781165928132733	Sal66	TM3
TM3P2	0.0086637554294966	Sal66	TM3
TM3N1	0	Sal74	TM3
TM3P1	0.13494688496331708	Sal74	TM3
TM3P2	0.08332647126573622	Sal74	TM3
TM3N1	0	Sal78LA	TM3
TM3P1	0.0333095562889234	Sal78LA	TM3
TM3P2	0.03311894313140762	Sal78LA	TM3
TM3N1	0	Sal87	TM3
TM3P1	-0.19704678473950255	Sal87	TM3
TM3P2	0.03775492579736195	Sal87	TM3
TM40N1	0	JF21	TM40
TM40P1	-0.030278097361918554	JF21	TM40
TM40P2	-0.038899441242561394	JF21	TM40
TM40N1	0	Nax15	TM40
TM40P1	0.05150940939927384	Nax15	TM40
TM40P2	-0.02862468032204868	Nax15	TM40
TM40N1	0	Nax30	TM40
TM40P1	0.03833156104529234	Nax30	TM40
TM40P2	-0.03362138514960167	Nax30	TM40
TM40N1	0	Nax40	TM40
TM40P1	-0.08903104692371944	Nax40	TM40
TM40P2	0.0033754829671157616	Nax40	TM40
TM40N1	0	Nax43	TM40
TM40P1	-0.21400317654162837	Nax43	TM40
TM40P2	-0.058061600449162754	Nax43	TM40
TM40N1	0	Nax55	TM40
TM40P1	-0.02657442527123033	Nax55	TM40
TM40P2	-0.11055380696276229	Nax55	TM40
TM40N1	0	Sal22LA	TM40
TM40P1	-0.19236255897498333	Sal22LA	TM40
TM40P2	-0.056139307308616715	Sal22LA	TM40
TM40N1	0	Sal27	TM40
TM40P1	0.005148011323357959	Sal27	TM40
TM40P2	-0.0030553382663747186	Sal27	TM40
TM40N1	0	Sal46	TM40
TM40P1	0.06908006383731591	Sal46	TM40
TM40P2	0.03446400133328398	Sal46	TM40
TM40N1	0	Sal58	TM40
TM40P1	-0.11813770108064148	Sal58	TM40
TM40P2	0.046951471000304945	Sal58	TM40
TM40N1	0	Sal74	TM40
TM40P1	-0.04994338770981299	Sal74	TM40
TM40P2	-0.17291006040208012	Sal74	TM40
TM40N1	0	Sal78	TM40
TM40P1	0.09966542263250755	Sal78	TM40
TM40P2	0.02214942121492003	Sal78	TM40
TM41N1	0	JF21	TM41
TM41P1	0.011967601555434193	JF21	TM41
TM41P2	0.11070144991974384	JF21	TM41
TM41P3	0.12521750131173448	JF21	TM41
TM41N1	0	Nax10	TM41
TM41P1	-0.013835720698789133	Nax10	TM41
TM41P2	-0.007531917224758322	Nax10	TM41
TM41P3	0.00713781655115775	Nax10	TM41
TM41N1	0	Nax15	TM41
TM41P1	0.008385880456519779	Nax15	TM41
TM41P2	0.0046809701423717875	Nax15	TM41
TM41P3	0.04617282443442239	Nax15	TM41
TM41N1	0	Nax17	TM41
TM41P1	-0.10877947849670822	Nax17	TM41
TM41P2	-0.05678153343223524	Nax17	TM41
TM41P3	-0.42524622375808585	Nax17	TM41
TM41N1	0	Nax30	TM41
TM41P1	-0.09091482811336027	Nax30	TM41
TM41P2	0.06766149660526866	Nax30	TM41
TM41P3	0.09942907877117291	Nax30	TM41
TM41N1	0	Nax38	TM41
TM41P1	-0.22544984831129522	Nax38	TM41
TM41P2	-0.2967677486344682	Nax38	TM41
TM41P3	-0.07996563012112734	Nax38	TM41
TM41N1	0	Nax43	TM41
TM41P1	-0.0695284878152913	Nax43	TM41
TM41P2	-0.07808929217289151	Nax43	TM41
TM41P3	-0.03755764948858076	Nax43	TM41
TM41N1	0	Nax47	TM41
TM41P1	-0.09159602772313225	Nax47	TM41
TM41P2	-0.08692093156523484	Nax47	TM41
TM41P3	-0.0614864549785219	Nax47	TM41
TM41N1	0	Nax49	TM41
TM41P1	-0.0064865380045615595	Nax49	TM41
TM41P2	-0.021474292606671774	Nax49	TM41
TM41P3	-0.018822974211632815	Nax49	TM41
TM41N1	0	Nax50LA	TM41
TM41P1	0.00564668962933057	Nax50LA	TM41
TM41P2	0.02532462750886566	Nax50LA	TM41
TM41P3	0.011185788674947794	Nax50LA	TM41
TM41N1	0	Nax50UA	TM41
TM41P1	0.003108446373060847	Nax50UA	TM41
TM41P2	0.01575099200448582	Nax50UA	TM41
TM41P3	0.05022494462901417	Nax50UA	TM41
TM41N1	0	Nax51	TM41
TM41P1	-0.1264019875280793	Nax51	TM41
TM41P2	-0.21936772056331755	Nax51	TM41
TM41P3	-0.23438577909091585	Nax51	TM41
TM41N1	0	Nax55	TM41
TM41P1	-0.018109475978508982	Nax55	TM41
TM41P2	0.18526080240730192	Nax55	TM41
TM41P3	0.2671419117660099	Nax55	TM41
TM41N1	0	Nax56	TM41
TM41P1	-0.03851838887134562	Nax56	TM41
TM41P2	-0.14176831631121978	Nax56	TM41
TM41P3	0.05201750616956424	Nax56	TM41
TM41N1	0	Nax68	TM41
TM41P1	0.0088114389963736	Nax68	TM41
TM41P2	0.025136379720312796	Nax68	TM41
TM41P3	0.03659518135024298	Nax68	TM41
TM41N1	0	S1124	TM41
TM41P1	0.08820857504485646	S1124	TM41
TM41P2	0.34723827343822133	S1124	TM41
TM41P3	0.29048293469567765	S1124	TM41
TM41N1	0	Sal21	TM41
TM41P1	0.010333772543187791	Sal21	TM41
TM41P2	0.04265991901677246	Sal21	TM41
TM41P3	0.054030898459312304	Sal21	TM41
TM41N1	0	Sal22	TM41
TM41P1	-0.17640544949180637	Sal22	TM41
TM41P2	-0.10166007138143573	Sal22	TM41
TM41P3	-0.08334520017848668	Sal22	TM41
TM41N1	0	Sal26	TM41
TM41P1	0.027784536239128244	Sal26	TM41
TM41P2	0.025927253139433226	Sal26	TM41
TM41P3	0.005312560725469595	Sal26	TM41
TM41N1	0	Sal2	TM41
TM41P1	-0.016409629009543236	Sal2	TM41
TM41P2	-0.011854114072943345	Sal2	TM41
TM41P3	-0.013624245940513147	Sal2	TM41
TM41N1	0	Sal46	TM41
TM41P1	-0.007479388517744212	Sal46	TM41
TM41P2	-0.019860132360336902	Sal46	TM41
TM41P3	-4.1910888570484417e-4	Sal46	TM41
TM41N1	0	Sal57	TM41
TM41P1	-0.05849763141794817	Sal57	TM41
TM41P2	-0.055037294024633976	Sal57	TM41
TM41P3	-0.031231581934469954	Sal57	TM41
TM41N1	0	Sal58	TM41
TM41P1	-0.15182828949660054	Sal58	TM41
TM41P2	-0.2471323402304666	Sal58	TM41
TM41P3	-0.22118204956155196	Sal58	TM41
TM41N1	0	Sal66	TM41
TM41P1	-0.15004613692296287	Sal66	TM41
TM41P2	-0.10232406389706261	Sal66	TM41
TM41P3	-0.03029305435831864	Sal66	TM41
TM41N1	0	Sal74	TM41
TM41P1	-0.06536239957022794	Sal74	TM41
TM41P2	-0.007392243448753888	Sal74	TM41
TM41P3	0.0643176882484422	Sal74	TM41
TM41N1	0	Sal78	TM41
TM41P1	-0.014921796172162605	Sal78	TM41
TM41P2	-0.007511258264584431	Sal78	TM41
TM41P3	-0.009791617307806089	Sal78	TM41
TM41N1	0	Sal87	TM41
TM41P1	-0.045223194139488054	Sal87	TM41
TM41P2	-0.009509480127300574	Sal87	TM41
TM41P3	0.060724189963934805	Sal87	TM41
TM42N1	0	JF21	TM42
TM42P1	-0.13559133022304515	JF21	TM42
TM42P2	0.04624506872945933	JF21	TM42
TM42N1	0	Nax10LA	TM42
TM42P1	0.002575105759990537	Nax10LA	TM42
TM42P2	-0.006013246829439156	Nax10LA	TM42
TM42N1	0	Nax10UA	TM42
TM42P1	-0.0074586260101487944	Nax10UA	TM42
TM42P2	-0.012408620537747828	Nax10UA	TM42
TM42N1	0	Nax15LA	TM42
TM42P1	-0.04225888017204582	Nax15LA	TM42
TM42P2	0.0070055049008574954	Nax15LA	TM42
TM42N1	0	Nax15UA	TM42
TM42P1	-0.009337854472472262	Nax15UA	TM42
TM42P2	9.576606104744201e-5	Nax15UA	TM42
TM42N1	0	Nax17	TM42
TM42P1	-0.5018321549783105	Nax17	TM42
TM42P2	-0.019916327842357084	Nax17	TM42
TM42N1	0	Nax18	TM42
TM42P1	-0.03390363717017486	Nax18	TM42
TM42P2	-0.0015945872737317401	Nax18	TM42
TM42N1	0	Nax30	TM42
TM42P1	0.04435885271589868	Nax30	TM42
TM42P2	-0.12195903741843406	Nax30	TM42
TM42N1	0	Nax38	TM42
TM42P1	-0.09509134451657264	Nax38	TM42
TM42P2	-0.10082716791781987	Nax38	TM42
TM42N1	0	Nax40LA	TM42
TM42P1	-0.017169550284626522	Nax40LA	TM42
TM42P2	-0.004290170316974429	Nax40LA	TM42
TM42N1	0	Nax40UA	TM42
TM42P1	-0.016433653355143907	Nax40UA	TM42
TM42P2	0.007794555347786947	Nax40UA	TM42
TM42N1	0	Nax43	TM42
TM42P1	0.026778384454087423	Nax43	TM42
TM42P2	-0.006674548523218249	Nax43	TM42
TM42N1	0	Nax47	TM42
TM42P1	0.16560590970563016	Nax47	TM42
TM42P2	0.008160911523127368	Nax47	TM42
TM42N1	0	Nax49	TM42
TM42P1	0.07217781790973854	Nax49	TM42
TM42P2	0.056156452181212124	Nax49	TM42
TM42N1	0	Nax50LA	TM42
TM42P1	0.01932500063178777	Nax50LA	TM42
TM42P2	0.006221506148450295	Nax50LA	TM42
TM42N1	0	Nax50UA	TM42
TM42P1	-0.007742546625215896	Nax50UA	TM42
TM42P2	0.0015862098152146231	Nax50UA	TM42
TM42N1	0	Nax51	TM42
TM42P1	-0.23638833544277915	Nax51	TM42
TM42P2	0.07188699145270672	Nax51	TM42
TM42N1	0	Nax55	TM42
TM42P1	0.040303263738201256	Nax55	TM42
TM42P2	0.01245790967031013	Nax55	TM42
TM42N1	0	Nax56	TM42
TM42P1	-0.04699468576633681	Nax56	TM42
TM42P2	-0.11281275778027577	Nax56	TM42
TM42N1	0	Nax68	TM42
TM42P1	0.11918316817461472	Nax68	TM42
TM42P2	-0.026896264358432287	Nax68	TM42
TM42N1	0	S1124	TM42
TM42P1	-0.13947341150371617	S1124	TM42
TM42P2	0.02841597906049209	S1124	TM42
TM42N1	0	Sal21	TM42
TM42P1	0.4696363884149779	Sal21	TM42
TM42P2	-0.005457145327747881	Sal21	TM42
TM42N1	0	Sal22LA	TM42
TM42P1	0.004600368031697499	Sal22LA	TM42
TM42P2	0.002827349088729836	Sal22LA	TM42
TM42N1	0	Sal22UA	TM42
TM42P1	0.06889170693147495	Sal22UA	TM42
TM42P2	0.06122518143999889	Sal22UA	TM42
TM42N1	0	Sal26	TM42
TM42P1	-0.026555788439737604	Sal26	TM42
TM42P2	-0.0014219732749856107	Sal26	TM42
TM42N1	0	Sal2	TM42
TM42P1	0.00523381324071992	Sal2	TM42
TM42P2	0.006233242100518677	Sal2	TM42
TM42N1	0	Sal46	TM42
TM42P1	0.08112637456017824	Sal46	TM42
TM42P2	-0.025698817618767578	Sal46	TM42
TM42N1	0	Sal57	TM42
TM42P1	-0.024848091507504666	Sal57	TM42
TM42P2	-0.036828728686502554	Sal57	TM42
TM42N1	0	Sal58	TM42
TM42P1	0.03139499177901106	Sal58	TM42
TM42P2	-0.013869439444795795	Sal58	TM42
TM42N1	0	Sal66	TM42
TM42P1	0.022787562773524783	Sal66	TM42
TM42P2	0.06456379397328771	Sal66	TM42
TM42N1	0	Sal74	TM42
TM42P1	0.04459830190419467	Sal74	TM42
TM42P2	0.022378713042836118	Sal74	TM42
TM42N1	0	Sal78	TM42
TM42P1	-0.0077710395208607785	Sal78	TM42
TM42P2	-0.025328908051291066	Sal78	TM42
TM42N1	0	Sal87LA	TM42
TM42P1	-0.021926076246855608	Sal87LA	TM42
TM42P2	-0.010958674639617527	Sal87LA	TM42
TM42N1	0	Sal87UA	TM42
TM42P1	-0.001563120750383007	Sal87UA	TM42
TM42P2	0.0034210290347371775	Sal87UA	TM42
TM43N1	0	Nax10	TM43
TM43P1	-0.11320971129741775	Nax10	TM43
TM43P2	0.1721372490174442	Nax10	TM43
TM43P3	0.1969323102693905	Nax10	TM43
TM43N1	0	Nax15	TM43
TM43P1	0.0652927052033836	Nax15	TM43
TM43P2	0.15439122527078242	Nax15	TM43
TM43P3	0.07819878255144985	Nax15	TM43
TM43N1	0	Nax17	TM43
TM43P1	-0.23751906393361732	Nax17	TM43
TM43P2	-0.185107465307901	Nax17	TM43
TM43P3	-0.2327036672496523	Nax17	TM43
TM43N1	0	Sal21	TM43
TM43P1	0.06482696602900573	Sal21	TM43
TM43P2	0.014735775637289894	Sal21	TM43
TM43P3	0.03079452661070592	Sal21	TM43
TM43N1	0	Sal22	TM43
TM43P1	-0.03368097856501073	Sal22	TM43
TM43P2	0.0938272250945742	Sal22	TM43
TM43P3	0.09459965950590865	Sal22	TM43
TM43N1	0	Sal26	TM43
TM43P1	0.2795327165663135	Sal26	TM43
TM43P2	-0.661432839195867	Sal26	TM43
TM43P3	-0.8109762323769347	Sal26	TM43
TM43N1	0	Sal2	TM43
TM43P1	0.007791593240335404	Sal2	TM43
TM43P2	-0.014342538244350944	Sal2	TM43
TM43P3	0.004723547594419397	Sal2	TM43
TM43N1	0	Sal46	TM43
TM43P1	-0.007334515029409516	Sal46	TM43
TM43P2	-0.06905514581854977	Sal46	TM43
TM43P3	-0.06562624189681321	Sal46	TM43
TM43N1	0	Sal57	TM43
TM43P1	-0.10121911600295608	Sal57	TM43
TM43P2	-0.05007908966373931	Sal57	TM43
TM43P3	-0.23979323021570975	Sal57	TM43
TM43N1	0	Sal58	TM43
TM43P1	-0.021428017799523857	Sal58	TM43
TM43P2	-0.18693067888534465	Sal58	TM43
TM43P3	-0.04030389702807691	Sal58	TM43
TM43N1	0	Sal66	TM43
TM43P1	0.007992688321603492	Sal66	TM43
TM43P2	0.043333043761184076	Sal66	TM43
TM43P3	0.009108462782801752	Sal66	TM43
TM43N1	0	Sal74	TM43
TM43P1	-0.05127371136200409	Sal74	TM43
TM43P2	0.013763478515278038	Sal74	TM43
TM43P3	0.053361654483442766	Sal74	TM43
TM43N1	0	Sal78	TM43
TM43P1	0.30323533494274324	Sal78	TM43
TM43P2	-0.10576723175249692	Sal78	TM43
TM43P3	-0.16026654869531498	Sal78	TM43
TM43N1	0	Sal87	TM43
TM43P1	0.07263050473211541	Sal87	TM43
TM43P2	0.008451017017701012	Sal87	TM43
TM43P3	0.0447888249784536	Sal87	TM43
TM44N1	0	Nax10	TM44
TM44P1	-0.010370869724408038	Nax10	TM44
TM44P2	-0.03896720430412737	Nax10	TM44
TM44N1	0	Nax15	TM44
TM44P1	-0.11771034857809015	Nax15	TM44
TM44P2	-0.043515637739925506	Nax15	TM44
TM44N1	0	Nax17	TM44
TM44P1	-0.39140655229608967	Nax17	TM44
TM44P2	-0.022945039603675887	Nax17	TM44
TM44N1	0	Nax18	TM44
TM44P1	-0.24135470758813682	Nax18	TM44
TM44P2	-0.01903998327425338	Nax18	TM44
TM44N1	0	Nax30	TM44
TM44P1	-0.11946841225635207	Nax30	TM44
TM44P2	0.07680087185173257	Nax30	TM44
TM44N1	0	Nax40	TM44
TM44P1	0.07379770706039235	Nax40	TM44
TM44P2	-0.035198631292444826	Nax40	TM44
TM44N1	0	Nax43	TM44
TM44P1	-0.08637091650784967	Nax43	TM44
TM44P2	-0.20666689886616618	Nax43	TM44
TM44N1	0	Nax51	TM44
TM44P1	0.27564118535323967	Nax51	TM44
TM44P2	0.3075250462825938	Nax51	TM44
TM44N1	0	Nax55	TM44
TM44P1	0.19270100750314167	Nax55	TM44
TM44P2	0.13448527686092238	Nax55	TM44
TM44N1	0	Nax68	TM44
TM44P1	0.05352483907749317	Nax68	TM44
TM44P2	0.1768944360308371	Nax68	TM44
TM44N1	0	S1124	TM44
TM44P1	-0.03058681222336812	S1124	TM44
TM44P2	-0.07612248443430181	S1124	TM44
TM44N1	0	Sal21	TM44
TM44P1	-0.20761633907899935	Sal21	TM44
TM44P2	-0.3966433180035116	Sal21	TM44
TM44N1	0	Sal22LA	TM44
TM44P1	0.22211409027056694	Sal22LA	TM44
TM44P2	0.09939364533263229	Sal22LA	TM44
TM44N1	0	Sal22UA	TM44
TM44P1	0.0513301862488067	Sal22UA	TM44
TM44P2	0.16168959969950514	Sal22UA	TM44
TM44N1	0	Sal2	TM44
TM44P1	0.019589786736301074	Sal2	TM44
TM44P2	0.01723922543032108	Sal2	TM44
TM44N1	0	Sal46	TM44
TM44P1	0.042142916165647915	Sal46	TM44
TM44P2	-0.017571544490512903	Sal46	TM44
TM44N1	0	Sal58	TM44
TM44P1	-0.006597956294223106	Sal58	TM44
TM44P2	0.015358120310482004	Sal58	TM44
TM44N1	0	Sal66	TM44
TM44P1	-0.05126004378709492	Sal66	TM44
TM44P2	0.17340965095675243	Sal66	TM44
TM44N1	0	Sal74	TM44
TM44P1	0.35656729271769905	Sal74	TM44
TM44P2	0.21925250579362343	Sal74	TM44
TM44N1	0	Sal78	TM44
TM44P1	0.00970903649096222	Sal78	TM44
TM44P2	0.0499641460582394	Sal78	TM44
TM44N1	0	Sal87	TM44
TM44P1	0.2618267549199742	Sal87	TM44
TM44P2	0.09175438837384853	Sal87	TM44
TM5N1	0	JF27	TM5
TM5P1	0.14843567622506404	JF27	TM5
TM5P2	-0.008228776938480564	JF27	TM5
TM5N1	0	Nax10LA	TM5
TM5P1	-0.006521631430318031	Nax10LA	TM5
TM5P2	0.0018318911380119651	Nax10LA	TM5
TM5N1	0	Nax10UA	TM5
TM5P1	0.0041747679487891265	Nax10UA	TM5
TM5P2	0.01652127845390683	Nax10UA	TM5
TM5N1	0	Nax17	TM5
TM5P1	0.019497036755131703	Nax17	TM5
TM5P2	-0.030948584589191697	Nax17	TM5
TM5N1	0	Nax50	TM5
TM5P1	-0.0761073124750089	Nax50	TM5
TM5P2	-0.01774695796083403	Nax50	TM5
TM5N1	0	S1124	TM5
TM5P1	-0.13729058421613516	S1124	TM5
TM5P2	-0.21248056365222823	S1124	TM5
TM5N1	0	Sal21	TM5
TM5P1	-0.11625362665731576	Sal21	TM5
TM5P2	-0.11124623792550636	Sal21	TM5
TM5N1	0	Sal22LA	TM5
TM5P1	-0.11560597539572859	Sal22LA	TM5
TM5P2	-0.035432943913920045	Sal22LA	TM5
TM5N1	0	Sal22UA	TM5
TM5P1	-0.12600097020164558	Sal22UA	TM5
TM5P2	-0.0548429180182306	Sal22UA	TM5
TM5N1	0	Sal27	TM5
TM5P1	0.04650626955005954	Sal27	TM5
TM5P2	-0.027966091076271127	Sal27	TM5
TM5N1	0	Sal45	TM5
TM5P1	-0.07296902948980533	Sal45	TM5
TM5P2	0.027498318773636843	Sal45	TM5
TM5N1	0	Sal46	TM5
TM5P1	0.02088433012216484	Sal46	TM5
TM5P2	0.014514022902849977	Sal46	TM5
TM5N1	0	Sal52	TM5
TM5P1	-0.05508208694703853	Sal52	TM5
TM5P2	0.04350317188938213	Sal52	TM5
TM5N1	0	Sal58	TM5
TM5P1	-0.004105130077625585	Sal58	TM5
TM5P2	-0.04892155556969113	Sal58	TM5
TM8N1	0	JF12UA	TM8
TM8P1	-0.017354587581953407	JF12UA	TM8
TM8P2	-0.02588605450860415	JF12UA	TM8
TM8N1	0	JF21	TM8
TM8P1	-0.06469257336498258	JF21	TM8
TM8P2	-0.15666205272602518	JF21	TM8
TM8N1	0	JF27	TM8
TM8P1	-0.05853604121397815	JF27	TM8
TM8P2	-0.03542942373195013	JF27	TM8
TM8N1	0	Nax10	TM8
TM8P1	0.021562556977477998	Nax10	TM8
TM8P2	0.020797913217034614	Nax10	TM8
TM8N1	0	Nax11	TM8
TM8P1	-0.09978579663894305	Nax11	TM8
TM8P2	-0.07542307896990597	Nax11	TM8
TM8N1	0	Nax17	TM8
TM8P1	-0.08060229383635864	Nax17	TM8
TM8P2	-0.14172668897052887	Nax17	TM8
TM8N1	0	Nax30UA	TM8
TM8P1	-0.18561084341203404	Nax30UA	TM8
TM8P2	-0.2807344808785732	Nax30UA	TM8
TM8N1	0	Nax38	TM8
TM8P1	0.08497593042087193	Nax38	TM8
TM8P2	-0.6161282294218253	Nax38	TM8
TM8N1	0	Nax40UA	TM8
TM8P1	0.03731112476585352	Nax40UA	TM8
TM8P2	0.07783687780082804	Nax40UA	TM8
TM8N1	0	Nax49	TM8
TM8P1	-0.021419880771977873	Nax49	TM8
TM8P2	-0.02616948716933365	Nax49	TM8
TM8N1	0	Nax50LA	TM8
TM8P1	-0.031836740267365826	Nax50LA	TM8
TM8P2	-0.008234224620520703	Nax50LA	TM8
TM8N1	0	Nax50UA	TM8
TM8P1	-0.022895999846511916	Nax50UA	TM8
TM8P2	0.007740067944149942	Nax50UA	TM8
TM8N1	0	Nax51	TM8
TM8P1	0.049223695537379264	Nax51	TM8
TM8P2	0.12111411787430004	Nax51	TM8
TM8N1	0	Nax56	TM8
TM8P1	-0.030061810613753792	Nax56	TM8
TM8P2	-0.05297975579131542	Nax56	TM8
TM8N1	0	S1124	TM8
TM8P1	-1.9647502386765936e-4	S1124	TM8
TM8P2	-0.08449441999961271	S1124	TM8
TM8N1	0	Sal21	TM8
TM8P1	-0.018219779745632714	Sal21	TM8
TM8P2	-0.23424791288809566	Sal21	TM8
TM8N1	0	Sal22LA	TM8
TM8P1	0.032951832260540215	Sal22LA	TM8
TM8P2	0.04376308478911506	Sal22LA	TM8
TM8N1	0	Sal22UA	TM8
TM8P1	0.018715883457550486	Sal22UA	TM8
TM8P2	0.043599630200439776	Sal22UA	TM8
TM8N1	0	Sal27	TM8
TM8P1	-2.1215519404993444e-4	Sal27	TM8
TM8P2	-0.0032782172777250373	Sal27	TM8
TM8N1	0	Sal41	TM8
TM8P1	0.01348877599018694	Sal41	TM8
TM8P2	-0.04789710409893688	Sal41	TM8
TM8N1	0	Sal45LA	TM8
TM8P1	-0.010975936787355867	Sal45LA	TM8
TM8P2	-0.043024695166585136	Sal45LA	TM8
TM8N1	0	Sal45UA	TM8
TM8P1	-0.016223093279753797	Sal45UA	TM8
TM8P2	-0.03546788407256063	Sal45UA	TM8
TM8N1	0	Sal46	TM8
TM8P1	-0.0022159998566060324	Sal46	TM8
TM8P2	0.09277369836472849	Sal46	TM8
TM8N1	0	Sal52	TM8
TM8P1	0.023182270484811696	Sal52	TM8
TM8P2	0.23557872374233924	Sal52	TM8
TM8N1	0	Sal66	TM8
TM8P1	-0.021572661242763136	Sal66	TM8
TM8P2	-0.08418079145095358	Sal66	TM8
TM8N1	0	Sal74	TM8
TM8P1	-0.07218431915494694	Sal74	TM8
TM8P2	-0.10542953167575497	Sal74	TM8
TM8N1	0	Sal78	TM8
TM8P1	0.07271166547861219	Sal78	TM8
TM8P2	0.2687051425436251	Sal78	TM8
TM8N1	0	Sal84	TM8
TM8P1	0.05122408059390127	Sal84	TM8
TM8P2	-0.2681898027234526	Sal84	TM8
TM8N1	0	Sal87	TM8
TM8P1	-0.008973408456348864	Sal87	TM8
TM8P2	-0.0034276947351021825	Sal87	TM8
TM9N1	0	JF21	TM9
TM9P1	0.05420167232715656	JF21	TM9
TM9P2	-0.011238329891179788	JF21	TM9
TM9N1	0	JF27	TM9
TM9P1	-0.07150324300333732	JF27	TM9
TM9P2	-0.018470588860789672	JF27	TM9
TM9N1	0	Nax10	TM9
TM9P1	0.010599750220011028	Nax10	TM9
TM9P2	0.02997776300665711	Nax10	TM9
TM9N1	0	Nax11	TM9
TM9P1	-0.2009653072026416	Nax11	TM9
TM9P2	-0.23745741339725246	Nax11	TM9
TM9N1	0	Nax17	TM9
TM9P1	0.44221325470309214	Nax17	TM9
TM9P2	0.0654601939304742	Nax17	TM9
TM9N1	0	Nax18	TM9
TM9P1	-0.03111513245129549	Nax18	TM9
TM9P2	-0.12539431599595297	Nax18	TM9
TM9N1	0	Nax30	TM9
TM9P1	0.06775084006329823	Nax30	TM9
TM9P2	-0.05679364911603546	Nax30	TM9
TM9N1	0	Nax38	TM9
TM9P1	-0.08894430788655505	Nax38	TM9
TM9P2	0.0262444928672938	Nax38	TM9
TM9N1	0	Nax40	TM9
TM9P1	0.4864028952417181	Nax40	TM9
TM9P2	0.251849282251162	Nax40	TM9
TM9N1	0	Nax49	TM9
TM9P1	-0.04063884455832678	Nax49	TM9
TM9P2	-0.04660341772065335	Nax49	TM9
TM9N1	0	Nax50LA	TM9
TM9P1	0.027871500220482126	Nax50LA	TM9
TM9P2	-0.012007902219917987	Nax50LA	TM9
TM9N1	0	Nax50UA	TM9
TM9P1	0.033791825946627	Nax50UA	TM9
TM9P2	0.040430302258626316	Nax50UA	TM9
TM9N1	0	Nax51	TM9
TM9P1	-0.01504951315928249	Nax51	TM9
TM9P2	0.01758242794821996	Nax51	TM9
TM9N1	0	Nax56LA	TM9
TM9P1	0.0011247209198863573	Nax56LA	TM9
TM9P2	0.0045738669301123025	Nax56LA	TM9
TM9N1	0	Nax56UA	TM9
TM9P1	-0.021943085250399008	Nax56UA	TM9
TM9P2	-0.03779508879440918	Nax56UA	TM9
TM9N1	0	Nax68	TM9
TM9P1	-0.005645309227113593	Nax68	TM9
TM9P2	-0.0058477895245543365	Nax68	TM9
TM9N1	0	S1124	TM9
TM9P1	-0.22199218575832536	S1124	TM9
TM9P2	0.010237052153285298	S1124	TM9
TM9N1	0	Sal21	TM9
TM9P1	-0.12593906935156163	Sal21	TM9
TM9P2	0.20803285420255424	Sal21	TM9
TM9N1	0	Sal22LA	TM9
TM9P1	-0.014541674319882514	Sal22LA	TM9
TM9P2	0.016290062539168648	Sal22LA	TM9
TM9N1	0	Sal22UA	TM9
TM9P1	0.009429167601521904	Sal22UA	TM9
TM9P2	0.03684479056792256	Sal22UA	TM9
TM9N1	0	Sal27	TM9
TM9P1	0.009901666842859758	Sal27	TM9
TM9P2	0.01237366472629109	Sal27	TM9
TM9N1	0	Sal41	TM9
TM9P1	-0.033915372155813195	Sal41	TM9
TM9P2	-0.07304377503112747	Sal41	TM9
TM9N1	0	Sal45	TM9
TM9P1	0.7637250251008227	Sal45	TM9
TM9P2	-0.018233975672939273	Sal45	TM9
TM9N1	0	Sal46	TM9
TM9P1	0.02456595359068947	Sal46	TM9
TM9P2	0.01880115053595688	Sal46	TM9
TM9N1	0	Sal52	TM9
TM9P1	-0.05354859327399364	Sal52	TM9
TM9P2	0.0959673450475309	Sal52	TM9
TM9N1	0	Sal58	TM9
TM9P1	0.049441279906854874	Sal58	TM9
TM9P2	0.03309771717261256	Sal58	TM9
TM9N1	0	Sal66	TM9
TM9P1	0.046394166172896156	Sal66	TM9
TM9P2	0.021347616615806864	Sal66	TM9
TM9N1	0	Sal74	TM9
TM9P1	0.011124314174080219	Sal74	TM9
TM9P2	0.014334344476508498	Sal74	TM9
TM9N1	0	Sal78	TM9
TM9P1	-0.0018676498999212754	Sal78	TM9
TM9P2	-0.03647876959220886	Sal78	TM9
TM9N1	0	Sal84	TM9
TM9P1	-0.016593143609322514	Sal84	TM9
TM9P2	0.10010298864957834	Sal84	TM9
TM9N1	0	Sal87	TM9
TM9P1	-0.20698753621081734	Sal87	TM9
TM9P2	-0.09671076237624954	Sal87	TM9
