u	mu	n	divs	mean_l1	l1_95	l1_05	exp_l1
40	4e-4	50 tracts	1	NA	NA	NA	4e-4
40	4e-4	50 tracts	2	NA	NA	NA	8e-4
40	4e-4	50 tracts	3	NA	NA	NA	0.0012
40	4e-4	50 tracts	4	NA	NA	NA	0.0016
40	4e-4	50 tracts	5	0.00222	0.015	0	0.002
40	4e-4	50 tracts	6	0.00263	0.016	0	0.0024
40	4e-4	50 tracts	7	0.003055	0.01699999999999999	0	0.0028
40	4e-4	50 tracts	8	0.003491	0.018	0	0.0032
40	4e-4	50 tracts	9	0.003862	0.019	0	0.0036
40	4e-4	50 tracts	10	0.004287	0.02099999999999999	0	0.004
40	4e-4	50 tracts	11	0.00468	0.022	0	0.0044
40	4e-4	50 tracts	12	0.005075	0.023	0	0.0048
40	4e-4	50 tracts	13	0.005515	0.024	0	0.0052
40	4e-4	50 tracts	14	0.005954	0.025	0	0.0056
40	4e-4	50 tracts	15	0.006305	0.026	0	0.006
40	4e-4	50 tracts	16	0.006718	0.02699999999999999	0	0.0064
40	4e-4	50 tracts	17	0.007094	0.02799999999999999	0	0.0068
40	4e-4	50 tracts	18	0.007421	0.02899999999999999	0	0.0072
40	4e-4	50 tracts	19	0.007833	0.03	0	0.0076
40	4e-4	50 tracts	20	0.008166	0.03	0	0.008
40	4e-4	50 tracts	21	0.008534	0.03	0	0.0084
40	4e-4	50 tracts	22	0.008888	0.03	0	0.0088
40	4e-4	50 tracts	23	0.00929	0.031	0	0.0092
40	4e-4	50 tracts	24	0.009671	0.032	0	0.0096
40	4e-4	50 tracts	25	0.010076	0.03299999999999999	0	0.01
40	4e-4	50 tracts	26	0.010532	0.03399999999999999	0	0.0104
40	4e-4	50 tracts	27	0.010878	0.03499999999999999	0	0.0108
40	4e-4	50 tracts	28	0.011348	0.036	0	0.0112
40	4e-4	50 tracts	29	0.011757	0.037	0	0.0116
40	4e-4	50 tracts	30	0.012247	0.038	0	0.012
40	4e-4	50 tracts	31	0.012661	0.039	0	0.0124
40	4e-4	50 tracts	32	0.01308799999999999	0.04	0	0.0128
40	4e-4	50 tracts	33	0.013437	0.04	0	0.0132
40	4e-4	50 tracts	34	0.013798	0.04	0	0.0136
40	4e-4	50 tracts	35	0.01414	0.04	0	0.014
40	4e-4	50 tracts	36	0.014403	0.04	0	0.0144
40	4e-4	50 tracts	37	0.01484999999999999	0.04	0	0.0148
40	4e-4	50 tracts	38	0.015175	0.04	0	0.0152
40	4e-4	50 tracts	39	0.015633	0.04099999999999999	0	0.0156
40	4e-4	50 tracts	40	0.015937	0.04199999999999999	0	0.016
40	4e-4	50 tracts	41	0.016328	0.043	0	0.0164
40	4e-4	50 tracts	42	0.016752	0.044	0	0.0168
40	4e-4	50 tracts	43	0.017068	0.045	0	0.0172
40	4e-4	50 tracts	44	0.017464	0.046	0	0.0176
40	4e-4	50 tracts	45	0.017966	0.047	0	0.018
40	4e-4	50 tracts	46	0.018416	0.048	0	0.0184
40	4e-4	50 tracts	47	0.01884599999999999	0.049	0	0.0188
40	4e-4	50 tracts	48	0.019317	0.05	0	0.0192
40	4e-4	50 tracts	49	0.01961199999999999	0.05	0	0.0196
40	4e-4	50 tracts	50	0.020017	0.051	0	0.02
40	4e-4	50 tracts	51	0.020463	0.052	0	0.0204
40	4e-4	50 tracts	52	0.020848	0.053	0	0.0208
40	4e-4	50 tracts	53	0.021349	0.054	0	0.0212
40	4e-4	50 tracts	54	0.021696	0.05500000000000001	0	0.0216
40	4e-4	50 tracts	55	0.022094	0.05599999999999999	0	0.022
40	4e-4	50 tracts	56	0.022507	0.05699999999999999	0	0.0224
40	4e-4	50 tracts	57	0.02283099999999999	0.05799999999999999	0	0.0228
40	4e-4	50 tracts	58	0.023155	0.059	0	0.0232
40	4e-4	50 tracts	59	0.02361	0.06	0	0.0236
40	4e-4	50 tracts	60	0.024001	0.06	0	0.024
40	4e-4	50 tracts	61	0.024323	0.06	0	0.0244
40	4e-4	50 tracts	62	0.024644	0.06	0	0.0248
40	4e-4	50 tracts	63	0.02496899999999999	0.06	0	0.0252
40	4e-4	50 tracts	64	0.025414	0.06	0	0.0256
40	4e-4	50 tracts	65	0.02576999999999999	0.06	0	0.026
40	4e-4	50 tracts	66	0.026084	0.06	0	0.0264
40	4e-4	50 tracts	67	0.026437	0.06	0	0.0268
40	4e-4	50 tracts	68	0.026914	0.06	0	0.0272
40	4e-4	50 tracts	69	0.02731399999999999	0.061	0	0.0276
40	4e-4	50 tracts	70	0.027722	0.061	0	0.028
40	4e-4	50 tracts	71	0.028139	0.062	0	0.0284
40	4e-4	50 tracts	72	0.028577	0.063	0	0.0288
40	4e-4	50 tracts	73	0.029115	0.064	0	0.0292
40	4e-4	50 tracts	74	0.029582	0.065	0	0.0296
40	4e-4	50 tracts	75	0.03003	0.066	0.001	0.03
40	4e-4	50 tracts	76	0.030448	0.067	0.001	0.0304
40	4e-4	50 tracts	77	0.030844	0.068	0.001	0.0308
40	4e-4	50 tracts	78	0.03108799999999999	0.069	0.001	0.0312
40	4e-4	50 tracts	79	0.0315	0.07	0.001	0.0316
40	4e-4	50 tracts	80	0.03183	0.07100000000000001	0.001	0.032
40	4e-4	50 tracts	81	0.032147	0.07100000000000001	0.001	0.0324
40	4e-4	50 tracts	82	0.032615	0.07200000000000001	0.001	0.0328
40	4e-4	50 tracts	83	0.032856	0.07200000000000001	0.001	0.0332
40	4e-4	50 tracts	84	0.033143	0.07200000000000001	0.001	0.0336
40	4e-4	50 tracts	85	0.033503	0.07300000000000001	0	0.034
40	4e-4	50 tracts	86	0.033961	0.074	0	0.0344
40	4e-4	50 tracts	87	0.034387	0.075	0	0.0348
40	4e-4	50 tracts	88	0.034874	0.076	0.001	0.0352
40	4e-4	50 tracts	89	0.035263	0.076	0.002	0.0356
40	4e-4	50 tracts	90	0.03577699999999999	0.077	0.003	0.036
40	4e-4	50 tracts	91	0.03622	0.078	0.004	0.0364
40	4e-4	50 tracts	92	0.036568	0.07802499999999998	0.004975	0.0368
40	4e-4	50 tracts	93	0.037068	0.07902499999999998	0.00595	0.0372
40	4e-4	50 tracts	94	0.03755299999999999	0.08002499999999999	0.00695	0.0376
40	4e-4	50 tracts	95	0.037795	0.08002499999999999	0.00795	0.038
40	4e-4	50 tracts	96	0.038159	0.08102499999999999	0.00895	0.0384
40	4e-4	50 tracts	97	0.03852	0.08102499999999999	0.00995	0.0388
40	4e-4	50 tracts	98	0.038803	0.08102499999999999	0.00995	0.0392
40	4e-4	50 tracts	99	0.039026	0.08202499999999999	0.00995	0.0396
40	4e-4	50 tracts	100	0.039411	0.08302499999999997	0.00995	0.04
40	4e-4	50 tracts	101	0.039748	0.08402499999999997	0.00995	0.0404
40	4e-4	50 tracts	102	0.040121	0.08499999999999999	0.009975	0.0408
40	4e-4	50 tracts	103	0.040443	0.08499999999999999	0.01	0.0412
40	4e-4	50 tracts	104	0.040921	0.086	0.01	0.0416
40	4e-4	50 tracts	105	0.041542	0.087	0.01	0.042
40	4e-4	50 tracts	106	0.041947	0.087	0.01	0.0424
40	4e-4	50 tracts	107	0.042342	0.088	0.01	0.0428
40	4e-4	50 tracts	108	0.042789	0.089	0.01	0.0432
40	4e-4	50 tracts	109	0.043354	0.089	0.01	0.0436
40	4e-4	50 tracts	110	0.04355499999999999	0.089	0.01	0.044
40	4e-4	50 tracts	111	0.043914	0.089	0.01	0.0444
40	4e-4	50 tracts	112	0.04423	0.089	0.01	0.0448
40	4e-4	50 tracts	113	0.044577	0.09	0.01	0.0452
40	4e-4	50 tracts	114	0.044826	0.09	0.01	0.0456
40	4e-4	50 tracts	115	0.044854	0.09	0.01	0.046
40	4e-4	50 tracts	116	0.045253	0.091	0.01	0.0464
40	4e-4	50 tracts	117	0.045465	0.091	0.01	0.0468
40	4e-4	50 tracts	118	0.045826	0.092	0.01	0.0472
40	4e-4	50 tracts	119	0.046058	0.092	0.01	0.0476
40	4e-4	50 tracts	120	0.046485	0.092	0.01	0.048
40	4e-4	50 tracts	121	0.046959	0.093	0.01	0.0484
40	4e-4	50 tracts	122	0.047462	0.094	0.01	0.0488
40	4e-4	50 tracts	123	0.047796	0.095	0.01	0.0492
40	4e-4	50 tracts	124	0.048152	0.096	0.01	0.0496
40	4e-4	50 tracts	125	0.048831	0.097	0.01	0.05
40	4e-4	50 tracts	126	0.049072	0.097	0.01	0.0504
40	4e-4	50 tracts	127	0.04968	0.098	0.011	0.0508
40	4e-4	50 tracts	128	0.05005	0.098	0.011	0.0512
40	4e-4	50 tracts	129	0.050473	0.099	0.011	0.0516
40	4e-4	50 tracts	130	0.05092999999999999	0.1	0.011	0.052
40	4e-4	50 tracts	131	0.051266	0.1	0.011	0.0524
40	4e-4	50 tracts	132	0.051447	0.1	0.011	0.0528
40	4e-4	50 tracts	133	0.05194999999999999	0.1	0.011	0.0532
40	4e-4	50 tracts	134	0.05239	0.101	0.011	0.0536
40	4e-4	50 tracts	135	0.052674	0.101	0.011	0.054
40	4e-4	50 tracts	136	0.053127	0.101	0.011	0.0544
40	4e-4	50 tracts	137	0.053374	0.101	0.01	0.0548
40	4e-4	50 tracts	138	0.053875	0.101	0.011	0.0552
40	4e-4	50 tracts	139	0.054305	0.102	0.012	0.0556
40	4e-4	50 tracts	140	0.05461900000000001	0.103	0.013	0.056
40	4e-4	50 tracts	141	0.055005	0.104	0.013	0.0564
40	4e-4	50 tracts	142	0.055644	0.105	0.014	0.0568
40	4e-4	50 tracts	143	0.055882	0.105	0.015	0.0572
40	4e-4	50 tracts	144	0.05628	0.105	0.016	0.0576
40	4e-4	50 tracts	145	0.056711	0.106	0.017	0.058
40	4e-4	50 tracts	146	0.057101	0.107	0.018	0.0584
40	4e-4	50 tracts	147	0.057479	0.108	0.019	0.0588
40	4e-4	50 tracts	148	0.057794	0.109	0.019	0.0592
40	4e-4	50 tracts	149	0.058114	0.109	0.019	0.0596
40	4e-4	50 tracts	150	0.058626	0.109	0.019	0.06
40	4e-4	50 tracts	151	0.058982	0.109	0.02	0.0604
40	4e-4	50 tracts	152	0.05909	0.109	0.02	0.0608
40	4e-4	50 tracts	153	0.059599	0.11	0.02	0.0612
40	4e-4	50 tracts	154	0.059822	0.11100000000000002	0.02	0.0616
40	4e-4	50 tracts	155	0.060188	0.11100000000000002	0.02	0.062
40	4e-4	50 tracts	156	0.060482	0.11100000000000002	0.02	0.0624
40	4e-4	50 tracts	157	0.061038	0.11100000000000002	0.02	0.06280000000000001
40	4e-4	50 tracts	158	0.061275	0.112	0.02	0.0632
40	4e-4	50 tracts	159	0.061659	0.112	0.02	0.0636
40	4e-4	50 tracts	160	0.061916	0.113	0.02	0.064
40	4e-4	50 tracts	161	0.06242499999999999	0.114	0.02	0.0644
40	4e-4	50 tracts	162	0.062875	0.115	0.02	0.0648
40	4e-4	50 tracts	163	0.063152	0.116	0.02	0.06520000000000001
40	4e-4	50 tracts	164	0.063481	0.116	0.02	0.0656
40	4e-4	50 tracts	165	0.063779	0.117	0.02	0.066
40	4e-4	50 tracts	166	0.06429900000000001	0.118	0.02	0.0664
40	4e-4	50 tracts	167	0.06467300000000001	0.119	0.02	0.0668
40	4e-4	50 tracts	168	0.065	0.119	0.02	0.06720000000000001
40	4e-4	50 tracts	169	0.06543299999999999	0.121	0.02	0.06760000000000001
40	4e-4	50 tracts	170	0.06578700000000001	0.121	0.02	0.068
40	4e-4	50 tracts	171	0.06601	0.121	0.02	0.0684
40	4e-4	50 tracts	172	0.066554	0.12102499999999998	0.02099999999999999	0.0688
40	4e-4	50 tracts	173	0.06700500000000001	0.12102499999999998	0.02099999999999999	0.0692
40	4e-4	50 tracts	174	0.067592	0.12102499999999998	0.021975	0.06960000000000001
40	4e-4	50 tracts	175	0.068039	0.12202499999999998	0.021975	0.07
40	4e-4	50 tracts	176	0.068328	0.12202499999999998	0.021975	0.0704
40	4e-4	50 tracts	177	0.068661	0.12302499999999998	0.021975	0.0708
40	4e-4	50 tracts	178	0.06916800000000001	0.12402499999999998	0.021975	0.0712
40	4e-4	50 tracts	179	0.069509	0.12302499999999998	0.022975	0.0716
40	4e-4	50 tracts	180	0.069973	0.12302499999999998	0.023975	0.07200000000000001
40	4e-4	50 tracts	181	0.070375	0.12402499999999998	0.023975	0.0724
40	4e-4	50 tracts	182	0.070572	0.124	0.023975	0.0728
40	4e-4	50 tracts	183	0.07097200000000001	0.125	0.023975	0.0732
40	4e-4	50 tracts	184	0.071238	0.126	0.024	0.0736
40	4e-4	50 tracts	185	0.07167799999999999	0.126	0.025	0.07400000000000001
40	4e-4	50 tracts	186	0.072046	0.127	0.025	0.07440000000000001
40	4e-4	50 tracts	187	0.072423	0.127	0.026	0.0748
40	4e-4	50 tracts	188	0.072718	0.127	0.027	0.0752
40	4e-4	50 tracts	189	0.073124	0.128	0.027	0.0756
40	4e-4	50 tracts	190	0.073321	0.129	0.026975	0.076
40	4e-4	50 tracts	191	0.07359600000000001	0.129	0.026975	0.07640000000000001
40	4e-4	50 tracts	192	0.074063	0.130025	0.026975	0.07680000000000001
40	4e-4	50 tracts	193	0.07431600000000001	0.130025	0.027975	0.0772
40	4e-4	50 tracts	194	0.074695	0.131025	0.027975	0.0776
40	4e-4	50 tracts	195	0.074945	0.131025	0.027975	0.078
40	4e-4	50 tracts	196	0.075495	0.132025	0.028975	0.0784
40	4e-4	50 tracts	197	0.075975	0.132025	0.028975	0.07880000000000001
40	4e-4	50 tracts	198	0.076489	0.133025	0.028975	0.0792
40	4e-4	50 tracts	199	0.076742	0.134025	0.028975	0.0796
40	4e-4	50 tracts	200	0.077306	0.135025	0.02899999999999999	0.08
40	4e-4	50 tracts	201	0.077897	0.136025	0.03	0.0804
40	4e-4	50 tracts	202	0.078339	0.137	0.03	0.08080000000000001
40	4e-4	50 tracts	203	0.07897	0.138	0.03	0.08120000000000001
40	4e-4	50 tracts	204	0.079142	0.138	0.03	0.0816
40	4e-4	50 tracts	205	0.079492	0.139	0.030975	0.082
40	4e-4	50 tracts	206	0.079764	0.14	0.030975	0.0824
40	4e-4	50 tracts	207	0.079987	0.141	0.030975	0.0828
40	4e-4	50 tracts	208	0.080207	0.141	0.030975	0.08320000000000001
40	4e-4	50 tracts	209	0.08072900000000001	0.141	0.03197499999999999	0.08360000000000001
40	4e-4	50 tracts	210	0.081137	0.141	0.03197499999999999	0.084
40	4e-4	50 tracts	211	0.081275	0.141	0.03197499999999999	0.0844
40	4e-4	50 tracts	212	0.081579	0.141	0.03197499999999999	0.0848
40	4e-4	50 tracts	213	0.081829	0.141	0.03197499999999999	0.0852
40	4e-4	50 tracts	214	0.082433	0.141	0.03197499999999999	0.08560000000000001
40	4e-4	50 tracts	215	0.082884	0.14200000000000002	0.03197499999999999	0.08600000000000001
40	4e-4	50 tracts	216	0.083305	0.14200000000000002	0.03197499999999999	0.0864
40	4e-4	50 tracts	217	0.083672	0.14300000000000002	0.032975	0.0868
40	4e-4	50 tracts	218	0.084181	0.14300000000000002	0.032975	0.0872
40	4e-4	50 tracts	219	0.08465	0.144	0.032975	0.0876
40	4e-4	50 tracts	220	0.084909	0.145	0.032975	0.08800000000000001
40	4e-4	50 tracts	221	0.085328	0.146	0.033975	0.0884
40	4e-4	50 tracts	222	0.085592	0.147	0.03495	0.0888
40	4e-4	50 tracts	223	0.08585699999999999	0.148	0.03595	0.0892
40	4e-4	50 tracts	224	0.086312	0.149	0.03695	0.0896
40	4e-4	50 tracts	225	0.086798	0.149	0.036975	0.09000000000000001
40	4e-4	50 tracts	226	0.08685999999999999	0.149	0.036975	0.0904
40	4e-4	50 tracts	227	0.087298	0.149	0.036975	0.0908
40	4e-4	50 tracts	228	0.087695	0.15	0.037975	0.0912
40	4e-4	50 tracts	229	0.087907	0.151	0.037975	0.0916
40	4e-4	50 tracts	230	0.088322	0.151	0.038975	0.092
40	4e-4	50 tracts	231	0.088773	0.15102499999999996	0.038975	0.0924
40	4e-4	50 tracts	232	0.089196	0.15102499999999996	0.039	0.0928
40	4e-4	50 tracts	233	0.089608	0.15102499999999996	0.039	0.0932
40	4e-4	50 tracts	234	0.090108	0.15202499999999997	0.039	0.0936
40	4e-4	50 tracts	235	0.090284	0.15204999999999996	0.039	0.094
40	4e-4	50 tracts	236	0.090842	0.15204999999999996	0.04	0.0944
40	4e-4	50 tracts	237	0.091261	0.15204999999999996	0.04	0.0948
40	4e-4	50 tracts	238	0.091562	0.15204999999999996	0.04	0.0952
40	4e-4	50 tracts	239	0.09192	0.15204999999999996	0.04	0.0956
40	4e-4	50 tracts	240	0.09221	0.15304999999999996	0.04	0.096
40	4e-4	50 tracts	241	0.092653	0.15302499999999997	0.041	0.0964
40	4e-4	50 tracts	242	0.09308	0.15304999999999996	0.041	0.0968
40	4e-4	50 tracts	243	0.093305	0.15307499999999993	0.041	0.0972
40	4e-4	50 tracts	244	0.093384	0.15207499999999993	0.041	0.0976
40	4e-4	50 tracts	245	0.093781	0.15304999999999996	0.041	0.098
40	4e-4	50 tracts	246	0.094104	0.15404999999999996	0.041	0.0984
40	4e-4	50 tracts	247	0.09439	0.15504999999999997	0.041	0.0988
40	4e-4	50 tracts	248	0.094744	0.15604999999999997	0.041	0.0992
40	4e-4	50 tracts	249	0.094996	0.15604999999999997	0.041	0.0996
40	4e-4	50 tracts	250	0.095565	0.15604999999999997	0.041	0.1
40	4e-4	50 tracts	251	0.095693	0.15704999999999997	0.04	0.1004
40	4e-4	50 tracts	252	0.095954	0.15802499999999997	0.04	0.1008
40	4e-4	50 tracts	253	0.096626	0.159	0.041	0.1012
40	4e-4	50 tracts	254	0.097088	0.16	0.041	0.1016
40	4e-4	50 tracts	255	0.097771	0.161	0.041	0.102
40	4e-4	50 tracts	256	0.098259	0.162	0.042	0.1024
40	4e-4	50 tracts	257	0.098653	0.162	0.043	0.1028
40	4e-4	50 tracts	258	0.09898	0.162	0.044	0.1032
40	4e-4	50 tracts	259	0.099474	0.162	0.045	0.1036
40	4e-4	50 tracts	260	0.099647	0.162	0.045975	0.104
40	4e-4	50 tracts	261	0.100141	0.162	0.04695	0.1044
40	4e-4	50 tracts	262	0.10045	0.163	0.04695	0.1048
40	4e-4	50 tracts	263	0.100772	0.164	0.04695	0.1052
40	4e-4	50 tracts	264	0.101044	0.165	0.04795	0.1056
40	4e-4	50 tracts	265	0.101015	0.165	0.04795	0.106
40	4e-4	50 tracts	266	0.101288	0.165	0.04795	0.1064
40	4e-4	50 tracts	267	0.101656	0.166	0.04795	0.1068
40	4e-4	50 tracts	268	0.101975	0.167	0.04795	0.1072
40	4e-4	50 tracts	269	0.102217	0.168	0.04795	0.1076
40	4e-4	50 tracts	270	0.102503	0.169	0.046975	0.108
40	4e-4	50 tracts	271	0.102795	0.17	0.046975	0.1084
40	4e-4	50 tracts	272	0.103023	0.17	0.047975	0.1088
40	4e-4	50 tracts	273	0.10321	0.17	0.047975	0.1092
40	4e-4	50 tracts	274	0.103516	0.171	0.047975	0.1096
40	4e-4	50 tracts	275	0.103862	0.171	0.048975	0.11
40	4e-4	50 tracts	276	0.104095	0.172	0.048975	0.1104
40	4e-4	50 tracts	277	0.10439	0.173	0.048975	0.1108
40	4e-4	50 tracts	278	0.104921	0.174	0.048975	0.1112
40	4e-4	50 tracts	279	0.105454	0.174025	0.048975	0.1116
40	4e-4	50 tracts	280	0.10587	0.174025	0.049975	0.112
40	4e-4	50 tracts	281	0.106356	0.174025	0.049975	0.1124
40	4e-4	50 tracts	282	0.106938	0.174025	0.049975	0.1128
40	4e-4	50 tracts	283	0.107375	0.175025	0.049975	0.1132
40	4e-4	50 tracts	284	0.10783	0.175025	0.049975	0.1136
40	4e-4	50 tracts	285	0.108346	0.17602499999999996	0.049975	0.114
40	4e-4	50 tracts	286	0.108767	0.17602499999999996	0.049975	0.1144
40	4e-4	50 tracts	287	0.109148	0.17602499999999996	0.049975	0.1148
40	4e-4	50 tracts	288	0.109305	0.17602499999999996	0.049975	0.1152
40	4e-4	50 tracts	289	0.10982	0.178	0.050975	0.1156
40	4e-4	50 tracts	290	0.110274	0.179	0.050975	0.116
40	4e-4	50 tracts	291	0.110551	0.18	0.051	0.1164
40	4e-4	50 tracts	292	0.110936	0.181	0.051	0.1168
40	4e-4	50 tracts	293	0.11130199999999998	0.181	0.052	0.1172
40	4e-4	50 tracts	294	0.111516	0.181	0.052	0.1176
40	4e-4	50 tracts	295	0.111781	0.181	0.052	0.118
40	4e-4	50 tracts	296	0.112031	0.181	0.052	0.1184
40	4e-4	50 tracts	297	0.11248	0.182	0.053	0.1188
40	4e-4	50 tracts	298	0.112859	0.182	0.054	0.1192
40	4e-4	50 tracts	299	0.112998	0.182	0.053	0.1196
40	4e-4	50 tracts	300	0.113301	0.182	0.054	0.12
40	4e-4	50 tracts	301	0.11374	0.182	0.05500000000000001	0.1204
40	4e-4	50 tracts	302	0.11406	0.182	0.05600000000000001	0.1208
40	4e-4	50 tracts	303	0.114415	0.18202499999999996	0.05600000000000001	0.1212
40	4e-4	50 tracts	304	0.114793	0.18302499999999997	0.05600000000000001	0.1216
40	4e-4	50 tracts	305	0.115205	0.18402499999999997	0.05600000000000001	0.122
40	4e-4	50 tracts	306	0.115899	0.18402499999999997	0.05699999999999999	0.1224
40	4e-4	50 tracts	307	0.116105	0.18402499999999997	0.05600000000000001	0.1228
40	4e-4	50 tracts	308	0.116539	0.18502499999999997	0.05600000000000001	0.1232
40	4e-4	50 tracts	309	0.116602	0.18502499999999997	0.05600000000000001	0.1236
40	4e-4	50 tracts	310	0.117192	0.18602499999999997	0.05600000000000001	0.124
40	4e-4	50 tracts	311	0.117343	0.18702499999999997	0.05600000000000001	0.1244
40	4e-4	50 tracts	312	0.11771	0.18802499999999997	0.05600000000000001	0.1248
40	4e-4	50 tracts	313	0.11806	0.189	0.05600000000000001	0.1252
40	4e-4	50 tracts	314	0.118502	0.189	0.05699999999999999	0.12560000000000002
40	4e-4	50 tracts	315	0.118933	0.189	0.05799999999999999	0.126
40	4e-4	50 tracts	316	0.11908	0.19	0.05799999999999999	0.1264
40	4e-4	50 tracts	317	0.119364	0.19	0.059	0.1268
40	4e-4	50 tracts	318	0.119734	0.19	0.059	0.1272
40	4e-4	50 tracts	319	0.120439	0.191	0.06	0.12760000000000002
40	4e-4	50 tracts	320	0.120465	0.191	0.06	0.128
40	4e-4	50 tracts	321	0.120932	0.191	0.06	0.1284
40	4e-4	50 tracts	322	0.121304	0.191	0.06	0.1288
40	4e-4	50 tracts	323	0.12164	0.191	0.06	0.1292
40	4e-4	50 tracts	324	0.122054	0.192	0.06	0.1296
40	4e-4	50 tracts	325	0.12213	0.192	0.06	0.13
40	4e-4	50 tracts	326	0.122458	0.19202499999999997	0.06	0.13040000000000002
40	4e-4	50 tracts	327	0.122889	0.19302499999999995	0.06	0.1308
40	4e-4	50 tracts	328	0.12327	0.19302499999999995	0.06	0.1312
40	4e-4	50 tracts	329	0.123499	0.19302499999999995	0.06	0.1316
40	4e-4	50 tracts	330	0.12396	0.195025	0.06	0.132
40	4e-4	50 tracts	331	0.124274	0.196025	0.06	0.13240000000000002
40	4e-4	50 tracts	332	0.124533	0.19604999999999995	0.061	0.1328
40	4e-4	50 tracts	333	0.124846	0.19604999999999995	0.061	0.1332
40	4e-4	50 tracts	334	0.12537700000000002	0.19604999999999995	0.062	0.1336
40	4e-4	50 tracts	335	0.125944	0.19705	0.062	0.134
40	4e-4	50 tracts	336	0.126461	0.198025	0.062	0.13440000000000002
40	4e-4	50 tracts	337	0.126762	0.198025	0.063	0.1348
40	4e-4	50 tracts	338	0.127057	0.199025	0.063	0.1352
40	4e-4	50 tracts	339	0.127423	0.199025	0.064	0.1356
40	4e-4	50 tracts	340	0.127702	0.198025	0.064	0.136
40	4e-4	50 tracts	341	0.12820700000000002	0.198025	0.065	0.1364
40	4e-4	50 tracts	342	0.128605	0.199	0.065	0.1368
40	4e-4	50 tracts	343	0.128941	0.2	0.066	0.13720000000000002
40	4e-4	50 tracts	344	0.128677	0.2	0.065	0.1376
40	4e-4	50 tracts	345	0.12888	0.2	0.066	0.138
40	4e-4	50 tracts	346	0.12895700000000002	0.2	0.067	0.1384
40	4e-4	50 tracts	347	0.129429	0.201	0.067	0.1388
40	4e-4	50 tracts	348	0.129945	0.202	0.068	0.13920000000000002
40	4e-4	50 tracts	349	0.130139	0.202	0.068	0.1396
40	4e-4	50 tracts	350	0.130625	0.203	0.069	0.14
40	4e-4	50 tracts	351	0.131057	0.204	0.069	0.1404
40	4e-4	50 tracts	352	0.131554	0.204	0.069	0.1408
40	4e-4	50 tracts	353	0.131825	0.205	0.069	0.14120000000000002
40	4e-4	50 tracts	354	0.13247	0.206	0.07	0.1416
40	4e-4	50 tracts	355	0.132718	0.207	0.07	0.14200000000000002
40	4e-4	50 tracts	356	0.13321	0.208	0.07	0.1424
40	4e-4	50 tracts	357	0.133455	0.208	0.07	0.1428
40	4e-4	50 tracts	358	0.133648	0.207	0.07	0.1432
40	4e-4	50 tracts	359	0.134195	0.208	0.07	0.1436
40	4e-4	50 tracts	360	0.134455	0.208	0.07	0.14400000000000002
40	4e-4	50 tracts	361	0.134725	0.208	0.07	0.1444
40	4e-4	50 tracts	362	0.134914	0.209	0.07	0.1448
40	4e-4	50 tracts	363	0.135574	0.21	0.07	0.1452
40	4e-4	50 tracts	364	0.135975	0.21	0.07100000000000001	0.1456
40	4e-4	50 tracts	365	0.136402	0.21002499999999996	0.07100000000000001	0.14600000000000002
40	4e-4	50 tracts	366	0.136803	0.21102499999999996	0.07100000000000001	0.1464
40	4e-4	50 tracts	367	0.136987	0.21102499999999996	0.07100000000000001	0.1468
40	4e-4	50 tracts	368	0.137404	0.21202499999999996	0.07100000000000001	0.1472
40	4e-4	50 tracts	369	0.13755599999999998	0.21302499999999996	0.07100000000000001	0.1476
40	4e-4	50 tracts	370	0.13799999999999998	0.21402499999999997	0.07200000000000001	0.14800000000000002
40	4e-4	50 tracts	371	0.138263	0.21402499999999997	0.07200000000000001	0.1484
40	4e-4	50 tracts	372	0.138666	0.21502499999999997	0.07200000000000001	0.14880000000000002
40	4e-4	50 tracts	373	0.138682	0.21402499999999997	0.07200000000000001	0.1492
40	4e-4	50 tracts	374	0.138892	0.2140499999999999	0.07100000000000001	0.1496
40	4e-4	50 tracts	375	0.139239	0.21402499999999997	0.07197500000000001	0.15
40	4e-4	50 tracts	376	0.139474	0.21502499999999997	0.07197500000000001	0.1504
40	4e-4	50 tracts	377	0.140003	0.21602499999999997	0.07297500000000001	0.15080000000000002
40	4e-4	50 tracts	378	0.14037	0.21702499999999997	0.07297500000000001	0.1512
40	4e-4	50 tracts	379	0.140793	0.2160499999999999	0.073975	0.1516
40	4e-4	50 tracts	380	0.140834	0.21507499999999996	0.07297500000000001	0.152
40	4e-4	50 tracts	381	0.14108700000000002	0.21607499999999993	0.07297500000000001	0.1524
40	4e-4	50 tracts	382	0.141508	0.21707499999999996	0.073975	0.15280000000000002
40	4e-4	50 tracts	383	0.142093	0.2180749999999999	0.074975	0.1532
40	4e-4	50 tracts	384	0.142759	0.21904999999999997	0.075975	0.1536
40	4e-4	50 tracts	385	0.143191	0.2200499999999999	0.076	0.154
40	4e-4	50 tracts	386	0.143702	0.2190749999999999	0.077	0.1544
40	4e-4	50 tracts	387	0.144146	0.2190749999999999	0.077	0.15480000000000002
40	4e-4	50 tracts	388	0.144377	0.2190749999999999	0.078	0.1552
40	4e-4	50 tracts	389	0.144793	0.2200499999999999	0.078	0.15560000000000002
40	4e-4	50 tracts	390	0.145543	0.22102499999999997	0.079	0.156
40	4e-4	50 tracts	391	0.145938	0.22202499999999997	0.08	0.1564
40	4e-4	50 tracts	392	0.14613800000000002	0.22104999999999997	0.08	0.1568
40	4e-4	50 tracts	393	0.146275	0.22104999999999997	0.08	0.1572
40	4e-4	50 tracts	394	0.14625700000000005	0.22104999999999997	0.08	0.15760000000000002
40	4e-4	50 tracts	395	0.146735	0.22204999999999991	0.08	0.158
40	4e-4	50 tracts	396	0.146766	0.22302499999999997	0.08	0.1584
40	4e-4	50 tracts	397	0.14702900000000002	0.22402499999999995	0.08	0.1588
40	4e-4	50 tracts	398	0.147453	0.225025	0.08	0.1592
40	4e-4	50 tracts	399	0.147846	0.22504999999999997	0.08	0.15960000000000002
40	4e-4	50 tracts	400	0.14807	0.22604999999999997	0.08	0.16
40	4e-4	50 tracts	401	0.14852400000000002	0.22604999999999997	0.08	0.1604
40	4e-4	50 tracts	402	0.148858	0.227025	0.08	0.1608
40	4e-4	50 tracts	403	0.149376	0.228025	0.08	0.1612
40	4e-4	50 tracts	404	0.149841	0.229025	0.08	0.16160000000000002
40	4e-4	50 tracts	405	0.149975	0.229025	0.08	0.162
40	4e-4	50 tracts	406	0.150464	0.229025	0.08	0.16240000000000002
40	4e-4	50 tracts	407	0.15074300000000002	0.22804999999999995	0.08	0.1628
40	4e-4	50 tracts	408	0.151099	0.22804999999999995	0.08	0.1632
40	4e-4	50 tracts	409	0.151291	0.228025	0.08	0.1636
40	4e-4	50 tracts	410	0.151499	0.228025	0.08	0.164
40	4e-4	50 tracts	411	0.151929	0.228025	0.08	0.16440000000000002
40	4e-4	50 tracts	412	0.152388	0.229025	0.08	0.1648
40	4e-4	50 tracts	413	0.152516	0.229025	0.08	0.1652
40	4e-4	50 tracts	414	0.15299800000000002	0.230025	0.081	0.1656
40	4e-4	50 tracts	415	0.15315700000000002	0.230025	0.081	0.166
40	4e-4	50 tracts	416	0.153531	0.230025	0.081	0.16640000000000002
40	4e-4	50 tracts	417	0.153974	0.231	0.08197499999999999	0.1668
40	4e-4	50 tracts	418	0.154382	0.231	0.082975	0.16720000000000002
40	4e-4	50 tracts	419	0.154781	0.232	0.08395	0.1676
40	4e-4	50 tracts	420	0.155082	0.233	0.08495	0.168
40	4e-4	50 tracts	421	0.155338	0.234	0.08495	0.16840000000000002
40	4e-4	50 tracts	422	0.15546	0.234	0.08595	0.1688
40	4e-4	50 tracts	423	0.15592	0.234	0.08695	0.16920000000000002
40	4e-4	50 tracts	424	0.15602	0.234	0.08695	0.1696
40	4e-4	50 tracts	425	0.156678	0.235	0.08795	0.17
40	4e-4	50 tracts	426	0.157195	0.237	0.088925	0.1704
40	4e-4	50 tracts	427	0.157667	0.238	0.08895	0.1708
40	4e-4	50 tracts	428	0.157977	0.239	0.08895	0.17120000000000002
40	4e-4	50 tracts	429	0.158219	0.24	0.08895	0.1716
40	4e-4	50 tracts	430	0.158399	0.24	0.08895	0.172
40	4e-4	50 tracts	431	0.158734	0.24	0.08995	0.1724
40	4e-4	50 tracts	432	0.159028	0.24	0.08995	0.1728
40	4e-4	50 tracts	433	0.159386	0.24099999999999996	0.08995	0.17320000000000002
40	4e-4	50 tracts	434	0.159894	0.24099999999999996	0.08995	0.1736
40	4e-4	50 tracts	435	0.160347	0.242	0.08995	0.17400000000000002
40	4e-4	50 tracts	436	0.16073500000000002	0.24099999999999996	0.09095	0.1744
40	4e-4	50 tracts	437	0.16100699999999998	0.24099999999999996	0.09095	0.1748
40	4e-4	50 tracts	438	0.161378	0.24099999999999996	0.09095	0.1752
40	4e-4	50 tracts	439	0.162071	0.242	0.091975	0.1756
40	4e-4	50 tracts	440	0.162716	0.242	0.091975	0.17600000000000002
40	4e-4	50 tracts	441	0.16306199999999998	0.242	0.09295	0.1764
40	4e-4	50 tracts	442	0.163741	0.24299999999999997	0.09395	0.1768
40	4e-4	50 tracts	443	0.16403600000000002	0.244	0.09395	0.1772
40	4e-4	50 tracts	444	0.164283	0.24499999999999997	0.09395	0.1776
40	4e-4	50 tracts	445	0.164355	0.244	0.09395	0.17800000000000002
40	4e-4	50 tracts	446	0.164559	0.24499999999999997	0.092975	0.1784
40	4e-4	50 tracts	447	0.164848	0.246	0.092975	0.1788
40	4e-4	50 tracts	448	0.164984	0.24699999999999997	0.093975	0.1792
40	4e-4	50 tracts	449	0.165107	0.24699999999999997	0.092975	0.1796
40	4e-4	50 tracts	450	0.165604	0.248	0.09395	0.18000000000000002
40	4e-4	50 tracts	451	0.165849	0.24902499999999997	0.093975	0.1804
40	4e-4	50 tracts	452	0.16603600000000002	0.24902499999999997	0.093975	0.1808
40	4e-4	50 tracts	453	0.166265	0.24902499999999997	0.093975	0.1812
40	4e-4	50 tracts	454	0.166793	0.24902499999999997	0.094975	0.1816
40	4e-4	50 tracts	455	0.167234	0.250025	0.094975	0.182
40	4e-4	50 tracts	456	0.167593	0.250025	0.094975	0.1824
40	4e-4	50 tracts	457	0.167913	0.250025	0.095975	0.1828
40	4e-4	50 tracts	458	0.168164	0.250025	0.095975	0.1832
40	4e-4	50 tracts	459	0.168689	0.250025	0.095975	0.1836
40	4e-4	50 tracts	460	0.16873100000000002	0.250025	0.095	0.184
40	4e-4	50 tracts	461	0.169218	0.25	0.095	0.1844
40	4e-4	50 tracts	462	0.169549	0.251	0.095	0.1848
40	4e-4	50 tracts	463	0.169949	0.251	0.096	0.1852
40	4e-4	50 tracts	464	0.170292	0.252	0.096	0.1856
40	4e-4	50 tracts	465	0.170668	0.252	0.097	0.186
40	4e-4	50 tracts	466	0.170855	0.252	0.097	0.1864
40	4e-4	50 tracts	467	0.171168	0.252	0.097	0.1868
40	4e-4	50 tracts	468	0.171607	0.252	0.097	0.1872
40	4e-4	50 tracts	469	0.171865	0.253	0.098	0.1876
40	4e-4	50 tracts	470	0.172416	0.254	0.099	0.188
40	4e-4	50 tracts	471	0.17272	0.254	0.099	0.1884
40	4e-4	50 tracts	472	0.17294	0.253	0.099	0.1888
40	4e-4	50 tracts	473	0.173143	0.254	0.099	0.1892
40	4e-4	50 tracts	474	0.173373	0.253	0.099	0.1896
40	4e-4	50 tracts	475	0.173762	0.254	0.1	0.19
40	4e-4	50 tracts	476	0.174322	0.255	0.101	0.1904
40	4e-4	50 tracts	477	0.17464	0.256	0.101	0.1908
40	4e-4	50 tracts	478	0.17516	0.257	0.101	0.1912
40	4e-4	50 tracts	479	0.175375	0.257	0.101	0.1916
40	4e-4	50 tracts	480	0.175722	0.257	0.101	0.192
40	4e-4	50 tracts	481	0.176041	0.258	0.102	0.1924
40	4e-4	50 tracts	482	0.176655	0.259	0.103	0.1928
40	4e-4	50 tracts	483	0.177174	0.259	0.103	0.1932
40	4e-4	50 tracts	484	0.177803	0.26	0.103	0.1936
40	4e-4	50 tracts	485	0.178207	0.26	0.103	0.194
40	4e-4	50 tracts	486	0.178512	0.261	0.103	0.1944
40	4e-4	50 tracts	487	0.178833	0.261	0.103	0.1948
40	4e-4	50 tracts	488	0.179042	0.261	0.103	0.1952
40	4e-4	50 tracts	489	0.179392	0.261	0.104	0.1956
40	4e-4	50 tracts	490	0.179533	0.261	0.104975	0.196
40	4e-4	50 tracts	491	0.17983	0.261	0.104975	0.1964
40	4e-4	50 tracts	492	0.180217	0.261	0.104975	0.1968
40	4e-4	50 tracts	493	0.180702	0.262	0.105975	0.1972
40	4e-4	50 tracts	494	0.180709	0.262	0.105975	0.1976
40	4e-4	50 tracts	495	0.180787	0.262	0.105975	0.198
40	4e-4	50 tracts	496	0.180674	0.261	0.105975	0.1984
40	4e-4	50 tracts	497	0.180961	0.262	0.106975	0.1988
40	4e-4	50 tracts	498	0.181275	0.262025	0.107975	0.1992
40	4e-4	50 tracts	499	0.181367	0.26302499999999995	0.106975	0.1996
40	4e-4	50 tracts	500	0.181849	0.264025	0.107	0.2
40	4e-4	50 tracts	501	0.182163	0.26502499999999996	0.106975	0.2004
40	4e-4	50 tracts	502	0.182181	0.26502499999999996	0.105975	0.2008
40	4e-4	50 tracts	503	0.182396	0.26502499999999996	0.105975	0.2012
40	4e-4	50 tracts	504	0.182482	0.26502499999999996	0.105975	0.2016
40	4e-4	50 tracts	505	0.182857	0.266025	0.105975	0.202
40	4e-4	50 tracts	506	0.183515	0.266025	0.106975	0.2024
40	4e-4	50 tracts	507	0.183977	0.266025	0.106975	0.2028
40	4e-4	50 tracts	508	0.184449	0.267	0.106975	0.2032
40	4e-4	50 tracts	509	0.184945	0.267	0.107975	0.2036
40	4e-4	50 tracts	510	0.185185	0.267	0.107975	0.204
40	4e-4	50 tracts	511	0.185386	0.267	0.108	0.2044
40	4e-4	50 tracts	512	0.18572	0.268	0.109	0.2048
40	4e-4	50 tracts	513	0.185837	0.268	0.109	0.2052
40	4e-4	50 tracts	514	0.186456	0.27	0.11	0.2056
40	4e-4	50 tracts	515	0.186674	0.27	0.11	0.206
40	4e-4	50 tracts	516	0.187012	0.272	0.11	0.2064
40	4e-4	50 tracts	517	0.187196	0.272	0.11	0.2068
40	4e-4	50 tracts	518	0.187494	0.272	0.11100000000000002	0.2072
40	4e-4	50 tracts	519	0.187958	0.272	0.11100000000000002	0.2076
40	4e-4	50 tracts	520	0.188256	0.273	0.11200000000000002	0.208
40	4e-4	50 tracts	521	0.188768	0.274	0.11200000000000002	0.2084
40	4e-4	50 tracts	522	0.189314	0.274	0.112975	0.2088
40	4e-4	50 tracts	523	0.189826	0.275	0.113975	0.2092
40	4e-4	50 tracts	524	0.19025	0.275	0.113975	0.2096
40	4e-4	50 tracts	525	0.190817	0.276	0.113975	0.21
40	4e-4	50 tracts	526	0.191082	0.275	0.113975	0.2104
40	4e-4	50 tracts	527	0.191414	0.276	0.113975	0.2108
40	4e-4	50 tracts	528	0.19148	0.277	0.112975	0.2112
40	4e-4	50 tracts	529	0.19166	0.278	0.11395	0.2116
40	4e-4	50 tracts	530	0.191775	0.278	0.11395	0.212
40	4e-4	50 tracts	531	0.192174	0.279	0.11395	0.2124
40	4e-4	50 tracts	532	0.192337	0.28	0.112975	0.2128
40	4e-4	50 tracts	533	0.192594	0.28	0.11295	0.2132
40	4e-4	50 tracts	534	0.19288	0.279	0.11395	0.2136
40	4e-4	50 tracts	535	0.193225	0.279	0.11495	0.214
40	4e-4	50 tracts	536	0.193526	0.281	0.11595	0.2144
40	4e-4	50 tracts	537	0.193646	0.281	0.11695	0.2148
40	4e-4	50 tracts	538	0.194216	0.28200000000000003	0.11795	0.2152
40	4e-4	50 tracts	539	0.194563	0.28200000000000003	0.117975	0.21560000000000001
40	4e-4	50 tracts	540	0.194976	0.28202499999999997	0.117975	0.216
40	4e-4	50 tracts	541	0.195297	0.28202499999999997	0.118975	0.2164
40	4e-4	50 tracts	542	0.195594	0.28202499999999997	0.11997499999999998	0.2168
40	4e-4	50 tracts	543	0.196003	0.28302499999999997	0.12	0.2172
40	4e-4	50 tracts	544	0.196245	0.28402499999999997	0.12	0.2176
40	4e-4	50 tracts	545	0.196413	0.285025	0.119	0.218
40	4e-4	50 tracts	546	0.196852	0.285025	0.119	0.2184
40	4e-4	50 tracts	547	0.197497	0.286025	0.119	0.2188
40	4e-4	50 tracts	548	0.197835	0.285025	0.119	0.2192
40	4e-4	50 tracts	549	0.198074	0.285025	0.119	0.2196
40	4e-4	50 tracts	550	0.198423	0.28500000000000003	0.119	0.22
40	4e-4	50 tracts	551	0.19862	0.284	0.119	0.2204
40	4e-4	50 tracts	552	0.198886	0.28500000000000003	0.119	0.2208
40	4e-4	50 tracts	553	0.199266	0.28402499999999997	0.119	0.2212
40	4e-4	50 tracts	554	0.199671	0.285025	0.119	0.2216
40	4e-4	50 tracts	555	0.19988	0.285025	0.12	0.222
40	4e-4	50 tracts	556	0.20016	0.285025	0.12	0.2224
40	4e-4	50 tracts	557	0.200515	0.285025	0.12	0.2228
40	4e-4	50 tracts	558	0.200798	0.286025	0.121	0.2232
40	4e-4	50 tracts	559	0.201338	0.287025	0.122	0.2236
40	4e-4	50 tracts	560	0.20171199999999995	0.288025	0.123	0.224
40	4e-4	50 tracts	561	0.202075	0.289025	0.123	0.2244
40	4e-4	50 tracts	562	0.202427	0.289025	0.123975	0.2248
40	4e-4	50 tracts	563	0.202643	0.29	0.123975	0.2252
40	4e-4	50 tracts	564	0.202667	0.29	0.123975	0.2256
40	4e-4	50 tracts	565	0.203081	0.291	0.123975	0.226
40	4e-4	50 tracts	566	0.203435	0.291	0.123975	0.2264
40	4e-4	50 tracts	567	0.203528	0.291	0.12495	0.2268
40	4e-4	50 tracts	568	0.203946	0.291	0.12495	0.2272
40	4e-4	50 tracts	569	0.204056	0.291	0.12495	0.2276
40	4e-4	50 tracts	570	0.204422	0.291025	0.12495	0.228
40	4e-4	50 tracts	571	0.204624	0.2920249999999999	0.12595	0.2284
40	4e-4	50 tracts	572	0.204896	0.2920499999999999	0.125975	0.2288
40	4e-4	50 tracts	573	0.205028	0.2920499999999999	0.125975	0.2292
40	4e-4	50 tracts	574	0.205378	0.2920499999999999	0.125975	0.2296
40	4e-4	50 tracts	575	0.205737	0.2910499999999999	0.126975	0.23
40	4e-4	50 tracts	576	0.206173	0.2920499999999999	0.127975	0.2304
40	4e-4	50 tracts	577	0.206728	0.2940499999999999	0.128	0.2308
40	4e-4	50 tracts	578	0.20695800000000003	0.2950499999999999	0.128	0.2312
40	4e-4	50 tracts	579	0.20764	0.2960499999999999	0.128	0.2316
40	4e-4	50 tracts	580	0.208058	0.297025	0.128	0.232
40	4e-4	50 tracts	581	0.208247	0.2960499999999999	0.128	0.2324
40	4e-4	50 tracts	582	0.208374	0.297025	0.128	0.2328
40	4e-4	50 tracts	583	0.20881599999999997	0.29802499999999993	0.129	0.2332
40	4e-4	50 tracts	584	0.209342	0.299025	0.13	0.2336
40	4e-4	50 tracts	585	0.209752	0.30002499999999993	0.129	0.234
40	4e-4	50 tracts	586	0.209911	0.299025	0.129	0.23440000000000005
40	4e-4	50 tracts	587	0.209853	0.29802499999999993	0.128975	0.2348
40	4e-4	50 tracts	588	0.209942	0.29802499999999993	0.128975	0.2352
40	4e-4	50 tracts	589	0.209868	0.29802499999999993	0.128975	0.2356
40	4e-4	50 tracts	590	0.210221	0.299025	0.128975	0.236
40	4e-4	50 tracts	591	0.21081	0.3	0.128975	0.2364
40	4e-4	50 tracts	592	0.21154	0.30002499999999993	0.128975	0.2368
40	4e-4	50 tracts	593	0.211939	0.301025	0.129975	0.2372
40	4e-4	50 tracts	594	0.212246	0.30104999999999993	0.129975	0.2376
40	4e-4	50 tracts	595	0.21266	0.30107499999999987	0.131975	0.238
40	4e-4	50 tracts	596	0.213165	0.3020749999999999	0.131975	0.2384
40	4e-4	50 tracts	597	0.214004	0.30307499999999987	0.132	0.2388
40	4e-4	50 tracts	598	0.214573	0.30407499999999993	0.133	0.2392
40	4e-4	50 tracts	599	0.21522	0.30407499999999993	0.133	0.2396
40	4e-4	50 tracts	600	0.215603	0.30307499999999987	0.134	0.24
40	4e-4	50 tracts	601	0.215689	0.30407499999999993	0.135	0.2404
40	4e-4	50 tracts	602	0.216114	0.30404999999999993	0.135	0.2408
40	4e-4	50 tracts	603	0.216415	0.30304999999999993	0.134	0.2412
40	4e-4	50 tracts	604	0.216883	0.30402499999999993	0.135	0.2416
40	4e-4	50 tracts	605	0.217126	0.305	0.134975	0.242
40	4e-4	50 tracts	606	0.216902	0.305025	0.134975	0.2424
40	4e-4	50 tracts	607	0.216841	0.30402499999999993	0.135975	0.2428
40	4e-4	50 tracts	608	0.217238	0.30402499999999993	0.135975	0.2432
40	4e-4	50 tracts	609	0.217713	0.305025	0.136975	0.2436
40	4e-4	50 tracts	610	0.217906	0.30602499999999994	0.135975	0.244
40	4e-4	50 tracts	611	0.218208	0.30602499999999994	0.135975	0.2444
40	4e-4	50 tracts	612	0.218477	0.307025	0.135975	0.2448
40	4e-4	50 tracts	613	0.218852	0.30802499999999994	0.136975	0.2452
40	4e-4	50 tracts	614	0.218767	0.307025	0.136975	0.2456
40	4e-4	50 tracts	615	0.21924899999999997	0.307025	0.137	0.246
40	4e-4	50 tracts	616	0.220106	0.308	0.137	0.2464
40	4e-4	50 tracts	617	0.220525	0.309	0.137	0.2468
40	4e-4	50 tracts	618	0.220777	0.309	0.137	0.2472
40	4e-4	50 tracts	619	0.220764	0.309	0.137	0.2476
40	4e-4	50 tracts	620	0.221184	0.309	0.138	0.248
40	4e-4	50 tracts	621	0.221676	0.309	0.139	0.2484
40	4e-4	50 tracts	622	0.22192	0.309	0.14	0.2488
40	4e-4	50 tracts	623	0.222237	0.31	0.14	0.2492
40	4e-4	50 tracts	624	0.222846	0.311	0.14	0.2496
40	4e-4	50 tracts	625	0.222716	0.311	0.139	0.25
40	4e-4	50 tracts	626	0.222945	0.311025	0.14	0.2504
40	4e-4	50 tracts	627	0.22324700000000003	0.312025	0.14	0.2508
40	4e-4	50 tracts	628	0.223146	0.312025	0.13997500000000002	0.25120000000000003
40	4e-4	50 tracts	629	0.223282	0.31204999999999994	0.13997500000000002	0.2516
40	4e-4	50 tracts	630	0.223509	0.31304999999999994	0.13997500000000002	0.252
40	4e-4	50 tracts	631	0.223804	0.31404999999999994	0.13997500000000002	0.2524
40	4e-4	50 tracts	632	0.224063	0.31407499999999994	0.13997500000000002	0.2528
40	4e-4	50 tracts	633	0.224372	0.31409999999999993	0.14097500000000002	0.25320000000000004
40	4e-4	50 tracts	634	0.224784	0.31509999999999994	0.14097500000000002	0.2536
40	4e-4	50 tracts	635	0.225208	0.31609999999999994	0.14197500000000002	0.254
40	4e-4	50 tracts	636	0.225567	0.31707499999999994	0.14197500000000002	0.2544
40	4e-4	50 tracts	637	0.225931	0.31707499999999994	0.14197500000000002	0.2548
40	4e-4	50 tracts	638	0.226565	0.31807499999999994	0.14300000000000002	0.25520000000000004
40	4e-4	50 tracts	639	0.22735	0.31904999999999994	0.144	0.2556
40	4e-4	50 tracts	640	0.227477	0.31904999999999994	0.14497500000000002	0.256
40	4e-4	50 tracts	641	0.227791	0.31904999999999994	0.14497500000000002	0.2564
40	4e-4	50 tracts	642	0.227972	0.32002499999999995	0.14597500000000002	0.25680000000000003
40	4e-4	50 tracts	643	0.228172	0.32002499999999995	0.14497500000000002	0.25720000000000004
40	4e-4	50 tracts	644	0.228485	0.321025	0.14597500000000002	0.2576
40	4e-4	50 tracts	645	0.228744	0.321025	0.14697500000000002	0.258
40	4e-4	50 tracts	646	0.228874	0.321025	0.14797500000000002	0.2584
40	4e-4	50 tracts	647	0.229225	0.321025	0.148975	0.25880000000000003
40	4e-4	50 tracts	648	0.229276	0.321025	0.14797500000000002	0.2592
40	4e-4	50 tracts	649	0.22929	0.32104999999999995	0.14797500000000002	0.2596
40	4e-4	50 tracts	650	0.229781	0.32204999999999995	0.148	0.26
40	4e-4	50 tracts	651	0.229882	0.32304999999999995	0.147	0.2604
40	4e-4	50 tracts	652	0.230532	0.32407499999999995	0.147	0.26080000000000003
40	4e-4	50 tracts	653	0.230918	0.32504999999999995	0.148	0.2612
40	4e-4	50 tracts	654	0.230865	0.32404999999999995	0.148	0.2616
40	4e-4	50 tracts	655	0.231195	0.32404999999999995	0.147	0.262
40	4e-4	50 tracts	656	0.231694	0.32504999999999995	0.147	0.2624
40	4e-4	50 tracts	657	0.231578	0.32504999999999995	0.14697500000000002	0.26280000000000003
40	4e-4	50 tracts	658	0.232195	0.32604999999999995	0.14797500000000002	0.2632
40	4e-4	50 tracts	659	0.232584	0.327025	0.14797500000000002	0.2636
40	4e-4	50 tracts	660	0.23292799999999997	0.327025	0.14797500000000002	0.264
40	4e-4	50 tracts	661	0.233273	0.327025	0.148975	0.2644
40	4e-4	50 tracts	662	0.233548	0.326	0.148975	0.26480000000000004
40	4e-4	50 tracts	663	0.233972	0.326	0.14797500000000002	0.2652
40	4e-4	50 tracts	664	0.23451	0.327025	0.14797500000000002	0.2656
40	4e-4	50 tracts	665	0.235002	0.327025	0.148975	0.266
40	4e-4	50 tracts	666	0.235368	0.328025	0.14995	0.2664
40	4e-4	50 tracts	667	0.236001	0.329025	0.149975	0.26680000000000004
40	4e-4	50 tracts	668	0.236309	0.329025	0.150975	0.2672
40	4e-4	50 tracts	669	0.236573	0.329025	0.150975	0.2676
40	4e-4	50 tracts	670	0.236869	0.32904999999999995	0.150975	0.268
40	4e-4	50 tracts	671	0.237127	0.32904999999999995	0.150975	0.2684
40	4e-4	50 tracts	672	0.23720400000000005	0.33104999999999996	0.150975	0.26880000000000004
40	4e-4	50 tracts	673	0.237142	0.33104999999999996	0.152975	0.2692
40	4e-4	50 tracts	674	0.237641	0.332025	0.152975	0.2696
40	4e-4	50 tracts	675	0.237768	0.333025	0.15394999999999998	0.27
40	4e-4	50 tracts	676	0.237906	0.332025	0.152975	0.27040000000000003
40	4e-4	50 tracts	677	0.23854000000000003	0.333025	0.153975	0.27080000000000004
40	4e-4	50 tracts	678	0.238778	0.333025	0.152975	0.2712
40	4e-4	50 tracts	679	0.239048	0.334025	0.153975	0.2716
40	4e-4	50 tracts	680	0.239424	0.335	0.154975	0.272
40	4e-4	50 tracts	681	0.239817	0.335	0.154975	0.27240000000000003
40	4e-4	50 tracts	682	0.240045	0.334	0.155975	0.2728
40	4e-4	50 tracts	683	0.240673	0.335	0.154975	0.2732
40	4e-4	50 tracts	684	0.240686	0.335	0.154975	0.2736
40	4e-4	50 tracts	685	0.241195	0.336	0.154	0.274
40	4e-4	50 tracts	686	0.241598	0.337025	0.154	0.27440000000000003
40	4e-4	50 tracts	687	0.241751	0.337025	0.153	0.2748
40	4e-4	50 tracts	688	0.242267	0.33802499999999996	0.153	0.2752
40	4e-4	50 tracts	689	0.24261499999999997	0.33802499999999996	0.153	0.2756
40	4e-4	50 tracts	690	0.242887	0.33804999999999996	0.153	0.276
40	4e-4	50 tracts	691	0.243495	0.33807499999999996	0.154	0.27640000000000003
40	4e-4	50 tracts	692	0.243966	0.33907499999999996	0.154	0.2768
40	4e-4	50 tracts	693	0.244238	0.33907499999999996	0.155	0.2772
40	4e-4	50 tracts	694	0.2447	0.33907499999999996	0.156	0.2776
40	4e-4	50 tracts	695	0.244916	0.33907499999999996	0.157	0.278
40	4e-4	50 tracts	696	0.245284	0.34004999999999996	0.158	0.27840000000000004
40	4e-4	50 tracts	697	0.245554	0.34004999999999996	0.159	0.2788
40	4e-4	50 tracts	698	0.24561700000000003	0.34104999999999996	0.16	0.2792
40	4e-4	50 tracts	699	0.246	0.34104999999999996	0.16	0.2796
40	4e-4	50 tracts	700	0.246176	0.341025	0.16	0.28
40	4e-4	50 tracts	701	0.24633	0.34199999999999997	0.16	0.28040000000000004
40	4e-4	50 tracts	702	0.246645	0.34199999999999997	0.16	0.2808
40	4e-4	50 tracts	703	0.247096	0.34199999999999997	0.16	0.2812
40	4e-4	50 tracts	704	0.24744	0.343	0.16	0.2816
40	4e-4	50 tracts	705	0.247966	0.344	0.16	0.28200000000000003
40	4e-4	50 tracts	706	0.247978	0.343025	0.16	0.28240000000000004
40	4e-4	50 tracts	707	0.24830800000000003	0.34402499999999997	0.16	0.2828
40	4e-4	50 tracts	708	0.248643	0.34402499999999997	0.16	0.2832
40	4e-4	50 tracts	709	0.248758	0.34402499999999997	0.16	0.2836
40	4e-4	50 tracts	710	0.249102	0.34402499999999997	0.16	0.28400000000000003
40	4e-4	50 tracts	711	0.249334	0.34502499999999997	0.16	0.2844
40	4e-4	50 tracts	712	0.249621	0.34602499999999997	0.16	0.2848
40	4e-4	50 tracts	713	0.249877	0.34602499999999997	0.16	0.2852
40	4e-4	50 tracts	714	0.250299	0.34602499999999997	0.161	0.2856
40	4e-4	50 tracts	715	0.250316	0.34602499999999997	0.160975	0.28600000000000003
40	4e-4	50 tracts	716	0.25067300000000003	0.346	0.161975	0.2864
40	4e-4	50 tracts	717	0.25095100000000004	0.34500000000000003	0.162975	0.2868
40	4e-4	50 tracts	718	0.251127	0.34402499999999997	0.163975	0.2872
40	4e-4	50 tracts	719	0.251449	0.34502499999999997	0.163975	0.2876
40	4e-4	50 tracts	720	0.251638	0.34502499999999997	0.16495	0.28800000000000003
40	4e-4	50 tracts	721	0.252292	0.34502499999999997	0.16595	0.2884
40	4e-4	50 tracts	722	0.252572	0.34502499999999997	0.16595	0.2888
40	4e-4	50 tracts	723	0.252506	0.34602499999999997	0.16695000000000002	0.2892
40	4e-4	50 tracts	724	0.252718	0.34602499999999997	0.16692500000000002	0.2896
40	4e-4	50 tracts	725	0.253311	0.34602499999999997	0.16795000000000002	0.29000000000000004
40	4e-4	50 tracts	726	0.253926	0.347025	0.16795000000000002	0.2904
40	4e-4	50 tracts	727	0.254257	0.349025	0.16795000000000002	0.2908
40	4e-4	50 tracts	728	0.254899	0.351	0.16795000000000002	0.2912
40	4e-4	50 tracts	729	0.25527	0.352	0.16895000000000002	0.2916
40	4e-4	50 tracts	730	0.25590799999999997	0.354	0.168975	0.29200000000000004
40	4e-4	50 tracts	731	0.255894	0.355	0.168975	0.2924
40	4e-4	50 tracts	732	0.256471	0.355025	0.169975	0.2928
40	4e-4	50 tracts	733	0.256985	0.355025	0.16995000000000002	0.2932
40	4e-4	50 tracts	734	0.257015	0.355025	0.169975	0.2936
40	4e-4	50 tracts	735	0.257043	0.355025	0.169975	0.29400000000000004
40	4e-4	50 tracts	736	0.25704699999999997	0.3560249999999999	0.168975	0.2944
40	4e-4	50 tracts	737	0.25736	0.355025	0.168975	0.2948
40	4e-4	50 tracts	738	0.257479	0.355025	0.168975	0.2952
40	4e-4	50 tracts	739	0.257851	0.3540249999999999	0.168975	0.29560000000000003
40	4e-4	50 tracts	740	0.257915	0.3540249999999999	0.168975	0.29600000000000004
40	4e-4	50 tracts	741	0.25819200000000003	0.3540249999999999	0.168975	0.2964
40	4e-4	50 tracts	742	0.258408	0.355	0.168975	0.2968
40	4e-4	50 tracts	743	0.25906799999999996	0.356	0.169	0.2972
40	4e-4	50 tracts	744	0.259554	0.357	0.169	0.29760000000000003
40	4e-4	50 tracts	745	0.260008	0.359	0.169	0.298
40	4e-4	50 tracts	746	0.260482	0.359	0.17	0.2984
40	4e-4	50 tracts	747	0.260459	0.36	0.17	0.2988
40	4e-4	50 tracts	748	0.260716	0.361	0.17	0.2992
40	4e-4	50 tracts	749	0.260995	0.362	0.171	0.29960000000000003
40	4e-4	50 tracts	750	0.261422	0.362	0.171	0.3
40	4e-4	50 tracts	751	0.26194700000000004	0.362	0.17197500000000002	0.3004
40	4e-4	50 tracts	752	0.262245	0.362	0.17297500000000002	0.3008
40	4e-4	50 tracts	753	0.262155	0.362	0.17297500000000002	0.3012
40	4e-4	50 tracts	754	0.262625	0.362	0.17397500000000002	0.30160000000000003
40	4e-4	50 tracts	755	0.262774	0.361	0.17397500000000002	0.302
40	4e-4	50 tracts	756	0.262993	0.361	0.17497500000000002	0.3024
40	4e-4	50 tracts	757	0.26344599999999996	0.361	0.175975	0.3028
40	4e-4	50 tracts	758	0.26376499999999997	0.361	0.175975	0.3032
40	4e-4	50 tracts	759	0.264214	0.362	0.175975	0.30360000000000004
40	4e-4	50 tracts	760	0.264392	0.362	0.175975	0.304
40	4e-4	50 tracts	761	0.264834	0.36202499999999993	0.176	0.3044
40	4e-4	50 tracts	762	0.264597	0.363025	0.175	0.3048
40	4e-4	50 tracts	763	0.26504099999999997	0.363025	0.175975	0.3052
40	4e-4	50 tracts	764	0.265396	0.36402499999999993	0.175975	0.30560000000000004
40	4e-4	50 tracts	765	0.26570900000000003	0.36404999999999993	0.176975	0.306
40	4e-4	50 tracts	766	0.266013	0.36505	0.176975	0.3064
40	4e-4	50 tracts	767	0.266285	0.3650749999999999	0.176975	0.3068
40	4e-4	50 tracts	768	0.26661900000000005	0.3640749999999999	0.17795	0.30720000000000003
40	4e-4	50 tracts	769	0.266668	0.3640749999999999	0.17795	0.30760000000000004
40	4e-4	50 tracts	770	0.266832	0.3650749999999999	0.17795	0.308
40	4e-4	50 tracts	771	0.266814	0.36505	0.17795	0.3084
40	4e-4	50 tracts	772	0.26747299999999996	0.36505	0.17895	0.3088
40	4e-4	50 tracts	773	0.26728999999999997	0.36505	0.178975	0.30920000000000003
40	4e-4	50 tracts	774	0.267511	0.36404999999999993	0.178975	0.30960000000000004
40	4e-4	50 tracts	775	0.267832	0.365025	0.178975	0.31
40	4e-4	50 tracts	776	0.268158	0.365025	0.178975	0.3104
40	4e-4	50 tracts	777	0.268232	0.365	0.177975	0.3108
40	4e-4	50 tracts	778	0.268436	0.367	0.178	0.31120000000000003
40	4e-4	50 tracts	779	0.268878	0.367	0.179	0.3116
40	4e-4	50 tracts	780	0.269088	0.367	0.178	0.312
40	4e-4	50 tracts	781	0.269442	0.368	0.178	0.3124
40	4e-4	50 tracts	782	0.26954500000000003	0.368	0.178	0.3128
40	4e-4	50 tracts	783	0.27064	0.37	0.178	0.31320000000000003
40	4e-4	50 tracts	784	0.27078199999999997	0.371025	0.178	0.3136
40	4e-4	50 tracts	785	0.271032	0.371025	0.178	0.314
40	4e-4	50 tracts	786	0.271404	0.371025	0.178	0.3144
40	4e-4	50 tracts	787	0.27222	0.373025	0.179	0.3148
40	4e-4	50 tracts	788	0.27266	0.373025	0.18	0.31520000000000004
40	4e-4	50 tracts	789	0.272867	0.373025	0.179	0.3156
40	4e-4	50 tracts	790	0.273398	0.37402499999999994	0.181	0.316
40	4e-4	50 tracts	791	0.27361	0.37402499999999994	0.181	0.3164
40	4e-4	50 tracts	792	0.274188	0.37402499999999994	0.182	0.3168
40	4e-4	50 tracts	793	0.274419	0.37402499999999994	0.182	0.31720000000000004
40	4e-4	50 tracts	794	0.27445400000000003	0.374	0.182	0.3176
40	4e-4	50 tracts	795	0.275115	0.376	0.182	0.318
40	4e-4	50 tracts	796	0.275067	0.376	0.183	0.3184
40	4e-4	50 tracts	797	0.274891	0.376	0.183975	0.31880000000000003
40	4e-4	50 tracts	798	0.27542	0.376	0.183975	0.31920000000000004
40	4e-4	50 tracts	799	0.275811	0.377	0.183975	0.3196
40	4e-4	50 tracts	800	0.276235	0.377	0.183975	0.32
40	4e-4	50 tracts	801	0.27652299999999996	0.378	0.18495	0.3204
40	4e-4	50 tracts	802	0.276937	0.379	0.18495	0.32080000000000003
40	4e-4	50 tracts	803	0.276779	0.378	0.18495	0.32120000000000004
40	4e-4	50 tracts	804	0.277602	0.379	0.18595	0.3216
40	4e-4	50 tracts	805	0.277693	0.378	0.18695	0.322
40	4e-4	50 tracts	806	0.27809399999999995	0.38	0.18595	0.3224
40	4e-4	50 tracts	807	0.278812	0.38	0.184975	0.32280000000000003
40	4e-4	50 tracts	808	0.27894399999999997	0.38	0.184975	0.32320000000000004
40	4e-4	50 tracts	809	0.279362	0.38	0.184975	0.3236
40	4e-4	50 tracts	810	0.27963	0.381	0.185975	0.324
40	4e-4	50 tracts	811	0.280076	0.38	0.186	0.3244
40	4e-4	50 tracts	812	0.280239	0.38	0.186	0.32480000000000003
40	4e-4	50 tracts	813	0.280431	0.382	0.187	0.3252
40	4e-4	50 tracts	814	0.280532	0.383	0.186	0.3256
40	4e-4	50 tracts	815	0.28071199999999996	0.383025	0.186	0.326
40	4e-4	50 tracts	816	0.281341	0.38204999999999995	0.188	0.3264
40	4e-4	50 tracts	817	0.281496	0.38204999999999995	0.189	0.32680000000000003
40	4e-4	50 tracts	818	0.281779	0.38204999999999995	0.189	0.3272
40	4e-4	50 tracts	819	0.28181599999999996	0.38204999999999995	0.19	0.3276
40	4e-4	50 tracts	820	0.28213699999999997	0.38105	0.189975	0.328
40	4e-4	50 tracts	821	0.28240699999999996	0.38305	0.188975	0.3284
40	4e-4	50 tracts	822	0.282489	0.38305	0.188975	0.32880000000000004
40	4e-4	50 tracts	823	0.28308999999999995	0.38204999999999995	0.188975	0.3292
40	4e-4	50 tracts	824	0.283235	0.38204999999999995	0.188975	0.3296
40	4e-4	50 tracts	825	0.283459	0.3820249999999999	0.188975	0.33
40	4e-4	50 tracts	826	0.28363299999999997	0.382	0.187975	0.3304
40	4e-4	50 tracts	827	0.284099	0.383	0.187975	0.33080000000000004
40	4e-4	50 tracts	828	0.284258	0.383	0.187975	0.3312
40	4e-4	50 tracts	829	0.284652	0.383	0.187975	0.3316
40	4e-4	50 tracts	830	0.28487300000000004	0.384	0.187	0.332
40	4e-4	50 tracts	831	0.284977	0.383025	0.188	0.33240000000000003
40	4e-4	50 tracts	832	0.285553	0.3840249999999999	0.188975	0.33280000000000004
40	4e-4	50 tracts	833	0.285856	0.3860249999999999	0.188975	0.3332
40	4e-4	50 tracts	834	0.286302	0.3860249999999999	0.189975	0.3336
40	4e-4	50 tracts	835	0.28683200000000003	0.3860249999999999	0.190975	0.334
40	4e-4	50 tracts	836	0.287079	0.387025	0.191975	0.33440000000000003
40	4e-4	50 tracts	837	0.28748	0.3880249999999999	0.191975	0.33480000000000004
40	4e-4	50 tracts	838	0.28799	0.389025	0.192975	0.3352
40	4e-4	50 tracts	839	0.28853300000000004	0.390025	0.193975	0.3356
40	4e-4	50 tracts	840	0.288729	0.390025	0.194975	0.336
40	4e-4	50 tracts	841	0.289043	0.391	0.194975	0.33640000000000003
40	4e-4	50 tracts	842	0.289369	0.391	0.194	0.33680000000000004
40	4e-4	50 tracts	843	0.289742	0.39	0.194	0.3372
40	4e-4	50 tracts	844	0.290016	0.39	0.195	0.3376
40	4e-4	50 tracts	845	0.290095	0.391	0.194	0.338
40	4e-4	50 tracts	846	0.290456	0.391	0.193975	0.33840000000000003
40	4e-4	50 tracts	847	0.29034	0.39	0.194975	0.3388
40	4e-4	50 tracts	848	0.290555	0.391	0.193975	0.3392
40	4e-4	50 tracts	849	0.290598	0.391	0.193975	0.3396
40	4e-4	50 tracts	850	0.29090699999999997	0.391	0.194975	0.34
40	4e-4	50 tracts	851	0.291337	0.392	0.194975	0.34040000000000004
40	4e-4	50 tracts	852	0.291489	0.392	0.19595	0.3408
40	4e-4	50 tracts	853	0.291643	0.393	0.19695	0.3412
40	4e-4	50 tracts	854	0.29205800000000004	0.394	0.19695	0.3416
40	4e-4	50 tracts	855	0.292431	0.395	0.19795	0.342
40	4e-4	50 tracts	856	0.292761	0.396	0.197975	0.34240000000000004
40	4e-4	50 tracts	857	0.29332100000000005	0.397	0.197975	0.3428
40	4e-4	50 tracts	858	0.293441	0.396	0.198975	0.3432
40	4e-4	50 tracts	859	0.29393600000000003	0.397	0.198975	0.3436
40	4e-4	50 tracts	860	0.29432400000000003	0.398	0.198975	0.34400000000000003
40	4e-4	50 tracts	861	0.294688	0.398	0.198975	0.34440000000000004
40	4e-4	50 tracts	862	0.295132	0.399	0.199	0.3448
40	4e-4	50 tracts	863	0.29537800000000003	0.398	0.199	0.3452
40	4e-4	50 tracts	864	0.295398	0.398	0.199	0.3456
40	4e-4	50 tracts	865	0.295661	0.398	0.2	0.34600000000000003
40	4e-4	50 tracts	866	0.296069	0.398	0.201	0.34640000000000004
40	4e-4	50 tracts	867	0.296128	0.398	0.201	0.3468
40	4e-4	50 tracts	868	0.296557	0.398025	0.202	0.3472
40	4e-4	50 tracts	869	0.29659399999999997	0.399025	0.202	0.3476
40	4e-4	50 tracts	870	0.296754	0.398025	0.202	0.34800000000000003
40	4e-4	50 tracts	871	0.297031	0.398025	0.203975	0.34840000000000004
40	4e-4	50 tracts	872	0.297195	0.399025	0.204975	0.3488
40	4e-4	50 tracts	873	0.297608	0.401025	0.204975	0.3492
40	4e-4	50 tracts	874	0.298129	0.401025	0.204975	0.3496
40	4e-4	50 tracts	875	0.298257	0.400025	0.203975	0.35000000000000003
40	4e-4	50 tracts	876	0.29825599999999997	0.401025	0.202975	0.3504
40	4e-4	50 tracts	877	0.298779	0.402025	0.202975	0.3508
40	4e-4	50 tracts	878	0.299048	0.403	0.202975	0.3512
40	4e-4	50 tracts	879	0.299685	0.403025	0.202975	0.3516
40	4e-4	50 tracts	880	0.300047	0.405025	0.201975	0.35200000000000004
40	4e-4	50 tracts	881	0.300061	0.405025	0.2	0.3524
40	4e-4	50 tracts	882	0.300196	0.404025	0.199	0.3528
40	4e-4	50 tracts	883	0.300541	0.403025	0.199	0.3532
40	4e-4	50 tracts	884	0.30076800000000004	0.403025	0.2	0.3536
40	4e-4	50 tracts	885	0.30151300000000003	0.405025	0.201	0.35400000000000004
40	4e-4	50 tracts	886	0.301589	0.405025	0.201	0.3544
40	4e-4	50 tracts	887	0.302011	0.40505	0.202	0.3548
40	4e-4	50 tracts	888	0.302563	0.4060499999999999	0.202	0.3552
40	4e-4	50 tracts	889	0.3023	0.405025	0.202	0.3556
40	4e-4	50 tracts	890	0.30259800000000003	0.405025	0.204	0.35600000000000004
40	4e-4	50 tracts	891	0.303006	0.40505	0.206	0.3564
40	4e-4	50 tracts	892	0.303344	0.4050749999999999	0.207	0.3568
40	4e-4	50 tracts	893	0.303435	0.4060999999999999	0.208	0.3572
40	4e-4	50 tracts	894	0.303496	0.4070999999999999	0.208	0.35760000000000003
40	4e-4	50 tracts	895	0.303747	0.4070999999999999	0.208975	0.35800000000000004
40	4e-4	50 tracts	896	0.30435	0.4070999999999999	0.20997499999999997	0.3584
40	4e-4	50 tracts	897	0.30451700000000004	0.4080749999999999	0.20997499999999997	0.3588
40	4e-4	50 tracts	898	0.304353	0.4080749999999999	0.208975	0.3592
40	4e-4	50 tracts	899	0.304872	0.41007499999999986	0.208975	0.35960000000000003
40	4e-4	50 tracts	900	0.305051	0.4090749999999999	0.20797499999999997	0.36000000000000004
40	4e-4	50 tracts	901	0.30533	0.4100499999999999	0.20797499999999997	0.3604
40	4e-4	50 tracts	902	0.305377	0.412025	0.206975	0.3608
40	4e-4	50 tracts	903	0.30575	0.412	0.206975	0.3612
40	4e-4	50 tracts	904	0.306317	0.412	0.206975	0.3616
40	4e-4	50 tracts	905	0.306299	0.4109999999999999	0.205	0.362
40	4e-4	50 tracts	906	0.306456	0.41	0.206	0.3624
40	4e-4	50 tracts	907	0.30670600000000003	0.409	0.206	0.3628
40	4e-4	50 tracts	908	0.307338	0.41	0.208	0.3632
40	4e-4	50 tracts	909	0.307931	0.41	0.209	0.3636
40	4e-4	50 tracts	910	0.308266	0.4109999999999999	0.21	0.364
40	4e-4	50 tracts	911	0.30874799999999997	0.4109999999999999	0.21	0.3644
40	4e-4	50 tracts	912	0.309061	0.41	0.211	0.3648
40	4e-4	50 tracts	913	0.30937000000000003	0.4109999999999999	0.211	0.3652
40	4e-4	50 tracts	914	0.309572	0.412	0.212	0.3656
40	4e-4	50 tracts	915	0.310122	0.414	0.213	0.366
40	4e-4	50 tracts	916	0.310363	0.4149999999999999	0.212	0.3664
40	4e-4	50 tracts	917	0.310751	0.416025	0.212	0.3668
40	4e-4	50 tracts	918	0.310746	0.416025	0.21197499999999997	0.3672
40	4e-4	50 tracts	919	0.31057100000000004	0.416025	0.21197499999999997	0.3676
40	4e-4	50 tracts	920	0.310928	0.4170249999999999	0.21197499999999997	0.368
40	4e-4	50 tracts	921	0.310898	0.4170249999999999	0.210975	0.3684
40	4e-4	50 tracts	922	0.311717	0.4180249999999999	0.21197499999999997	0.3688
40	4e-4	50 tracts	923	0.312067	0.4180249999999999	0.212975	0.3692
40	4e-4	50 tracts	924	0.312444	0.4180249999999999	0.212975	0.3696
40	4e-4	50 tracts	925	0.31276000000000004	0.419025	0.21397499999999997	0.37
40	4e-4	50 tracts	926	0.313184	0.420025	0.214975	0.3704
40	4e-4	50 tracts	927	0.313142	0.420025	0.21597499999999997	0.3708
40	4e-4	50 tracts	928	0.313048	0.4210249999999999	0.215	0.3712
40	4e-4	50 tracts	929	0.31372300000000003	0.4210249999999999	0.21600000000000005	0.3716
40	4e-4	50 tracts	930	0.31403400000000004	0.42105	0.216975	0.372
40	4e-4	50 tracts	931	0.31469800000000003	0.42105	0.218975	0.3724
40	4e-4	50 tracts	932	0.314785	0.42105	0.218975	0.3728
40	4e-4	50 tracts	933	0.315033	0.4210749999999999	0.218975	0.3732
40	4e-4	50 tracts	934	0.315052	0.4210749999999999	0.21797499999999995	0.3736
40	4e-4	50 tracts	935	0.315285	0.4210749999999999	0.216975	0.374
40	4e-4	50 tracts	936	0.31545199999999995	0.4210749999999999	0.216975	0.3744
40	4e-4	50 tracts	937	0.316207	0.4220499999999999	0.21795	0.3748
40	4e-4	50 tracts	938	0.316881	0.4200749999999999	0.21895000000000003	0.3752
40	4e-4	50 tracts	939	0.317006	0.4210749999999999	0.21895000000000003	0.3756
40	4e-4	50 tracts	940	0.317081	0.42105	0.218975	0.376
40	4e-4	50 tracts	941	0.317104	0.4220499999999999	0.218975	0.3764
40	4e-4	50 tracts	942	0.317462	0.4230499999999999	0.218975	0.3768
40	4e-4	50 tracts	943	0.317687	0.424025	0.21895000000000003	0.3772
40	4e-4	50 tracts	944	0.3182	0.42502499999999993	0.21995	0.3776
40	4e-4	50 tracts	945	0.31835800000000003	0.424025	0.21995	0.378
40	4e-4	50 tracts	946	0.31856	0.424025	0.219925	0.3784
40	4e-4	50 tracts	947	0.318286	0.424025	0.21795	0.3788
40	4e-4	50 tracts	948	0.31861100000000003	0.426	0.21795	0.3792
40	4e-4	50 tracts	949	0.31884	0.426	0.21795	0.3796
40	4e-4	50 tracts	950	0.319082	0.4280000000000001	0.21795	0.38
40	4e-4	50 tracts	951	0.31921900000000003	0.4280000000000001	0.21795	0.3804
40	4e-4	50 tracts	952	0.319086	0.4280000000000001	0.21795	0.3808
40	4e-4	50 tracts	953	0.319569	0.4280000000000001	0.21797499999999995	0.3812
40	4e-4	50 tracts	954	0.31996600000000003	0.429	0.21797499999999995	0.3816
40	4e-4	50 tracts	955	0.320052	0.43	0.218975	0.382
40	4e-4	50 tracts	956	0.320443	0.43099999999999994	0.219	0.3824
40	4e-4	50 tracts	957	0.320851	0.43099999999999994	0.22000000000000003	0.3828
40	4e-4	50 tracts	958	0.321131	0.43002499999999994	0.22000000000000003	0.3832
40	4e-4	50 tracts	959	0.320905	0.431025	0.219	0.3836
40	4e-4	50 tracts	960	0.321526	0.43002499999999994	0.219	0.384
40	4e-4	50 tracts	961	0.321963	0.431025	0.219	0.3844
40	4e-4	50 tracts	962	0.322775	0.43104999999999993	0.22000000000000003	0.3848
40	4e-4	50 tracts	963	0.322627	0.43104999999999993	0.221	0.3852
40	4e-4	50 tracts	964	0.322731	0.43004999999999993	0.221975	0.3856
40	4e-4	50 tracts	965	0.323041	0.43004999999999993	0.221975	0.386
40	4e-4	50 tracts	966	0.32317999999999997	0.43004999999999993	0.222975	0.3864
40	4e-4	50 tracts	967	0.323313	0.43004999999999993	0.222975	0.3868
40	4e-4	50 tracts	968	0.32366700000000004	0.431025	0.222975	0.3872
40	4e-4	50 tracts	969	0.32447	0.43004999999999993	0.223975	0.3876
40	4e-4	50 tracts	970	0.324773	0.43004999999999993	0.224975	0.388
40	4e-4	50 tracts	971	0.325164	0.43004999999999993	0.225975	0.3884
40	4e-4	50 tracts	972	0.325205	0.431025	0.225975	0.3888
40	4e-4	50 tracts	973	0.3258	0.431025	0.224975	0.3892000000000001
40	4e-4	50 tracts	974	0.326086	0.431025	0.225	0.3896
40	4e-4	50 tracts	975	0.326275	0.431025	0.22600000000000003	0.39
40	4e-4	50 tracts	976	0.32671	0.432025	0.22600000000000003	0.3904
40	4e-4	50 tracts	977	0.327227	0.43302499999999994	0.227	0.3908
40	4e-4	50 tracts	978	0.327582	0.434025	0.22800000000000004	0.3912
40	4e-4	50 tracts	979	0.32788300000000004	0.434025	0.229	0.3916
40	4e-4	50 tracts	980	0.328037	0.435025	0.229	0.392
40	4e-4	50 tracts	981	0.328141	0.435025	0.228975	0.3924
40	4e-4	50 tracts	982	0.328554	0.435025	0.228975	0.3928
40	4e-4	50 tracts	983	0.32911199999999996	0.436025	0.229975	0.3932
40	4e-4	50 tracts	984	0.32937099999999997	0.43702499999999994	0.229975	0.3936
40	4e-4	50 tracts	985	0.330091	0.438025	0.229975	0.394
40	4e-4	50 tracts	986	0.33018800000000004	0.438025	0.228975	0.3944
40	4e-4	50 tracts	987	0.33018800000000004	0.43702499999999994	0.228975	0.3948
40	4e-4	50 tracts	988	0.33043900000000004	0.43604999999999994	0.227975	0.3952
40	4e-4	50 tracts	989	0.33031099999999997	0.43702499999999994	0.227975	0.3956
40	4e-4	50 tracts	990	0.33056	0.43702499999999994	0.227975	0.396
40	4e-4	50 tracts	991	0.33121199999999995	0.438025	0.22800000000000004	0.3964
40	4e-4	50 tracts	992	0.331455	0.438025	0.22800000000000004	0.3968
40	4e-4	50 tracts	993	0.33122799999999997	0.438025	0.228975	0.3972
40	4e-4	50 tracts	994	0.331466	0.438025	0.228975	0.3976
40	4e-4	50 tracts	995	0.33144399999999996	0.438025	0.228975	0.398
40	4e-4	50 tracts	996	NA	NA	NA	0.3984
40	4e-4	50 tracts	997	NA	NA	NA	0.3988
40	4e-4	50 tracts	998	NA	NA	NA	0.3992
40	4e-4	50 tracts	999	NA	NA	NA	0.3996
40	4e-4	50 tracts	1000	NA	NA	NA	0.4
